Iteration	Lh	Tree_No	Alpha_1	Sigma2_1	ancM_Branch	ancO_Branch	No_RJ_Local_Branch	No_RJ_Local_Node
5010000	491.654140	1	1.397330241226	0.000189421764	0.529855108310	0.838216872689	24	17	
5020000	477.226549	1	1.451127799725	0.000256921525	0.381741082824	0.638224438832	21	12	
5030000	475.670522	1	1.453906340597	0.000189368905	0.626252183791	1.117257769722	35	8	
5040000	475.319039	1	1.381864134006	0.000199705767	0.493302094558	0.736832981391	34	14	
5050000	473.349705	1	1.362137569462	0.000216434772	0.422860454077	0.777133785080	32	10	
5060000	474.159255	1	1.486930409415	0.000137929613	0.809454558880	0.815477716741	40	14	
5070000	472.578951	1	1.406060156113	0.000228095305	0.395613171709	0.609480821410	36	7	
5080000	475.992591	1	1.401170131494	0.000159893093	0.575596658846	1.016939181999	38	9	
5090000	480.293906	1	1.427796940785	0.000129552089	0.696091548956	0.922765484634	37	9	
5100000	483.431913	1	1.453186439831	0.000174578971	0.456870760854	0.755536132287	38	18	
5110000	476.805595	1	1.410699554005	0.000250159832	0.261601851212	0.492473781884	29	17	
5120000	473.396761	1	1.472436635688	0.000253376602	0.510187464528	0.634045341522	27	23	
5130000	488.915199	1	1.386204297650	0.000153391817	0.639356128208	1.259243999161	28	20	
5140000	477.456398	1	1.373119178046	0.000197508046	0.512216609136	1.286433999550	34	10	
5150000	481.930474	1	1.457908864087	0.000187493057	0.858117992839	0.668435264611	30	14	
5160000	480.067037	1	1.413642027254	0.000211126863	0.444293671507	1.003875021752	29	10	
5170000	480.480875	1	1.478004514635	0.000193917978	0.442697338015	0.704148428661	40	14	
5180000	478.356550	1	1.409806287929	0.000214689382	0.446520601589	1.061400095063	37	15	
5190000	481.564991	1	1.447667840652	0.000173201074	0.639134152596	0.841569135240	35	19	
5200000	482.857488	1	1.384529751527	0.000174929566	0.583927623829	0.808304739573	38	14	
5210000	469.939739	1	1.445960853797	0.000286091500	0.321632831648	0.486100712287	40	14	
5220000	459.664894	1	1.396029626862	0.000154812626	0.592820770612	1.212528109114	34	11	
5230000	481.891173	1	1.425237057659	0.000125735089	0.826162703720	1.507870564630	36	10	
5240000	479.468010	1	1.369581463190	0.000166236024	0.679098294326	0.993862171694	25	10	
5250000	481.302382	1	1.419862560237	0.000210576243	0.357286160146	0.724544250335	37	15	
5260000	488.897348	1	1.418972296214	0.000164040941	0.590873848215	0.821213056390	30	13	
5270000	464.671933	1	1.396642126024	0.000178042086	0.317259647167	1.141630369374	27	12	
5280000	469.625126	1	1.443759056817	0.000255011669	0.376288852663	0.574252751884	36	7	
5290000	469.040840	1	1.459795491269	0.000191661359	0.593538295069	0.679828844918	26	10	
5300000	474.425947	1	1.441986188065	0.000232211605	0.484022936046	0.736980763202	25	14	
5310000	490.081202	1	1.389904278783	0.000163738292	0.777600014751	0.979840966950	31	15	
5320000	486.535037	1	1.464878749972	0.000135699415	0.528797930547	1.192222286575	25	16	
5330000	477.500023	1	1.403156433570	0.000153539418	0.678817619666	0.948131467133	32	21	
5340000	490.679491	1	1.448946557182	0.000212776048	0.495319342455	0.599555843971	36	14	
5350000	484.359470	1	1.418349675113	0.000159323426	0.671834665811	0.877274328487	32	18	
5360000	481.125058	1	1.449079166527	0.000177686444	0.534131828542	0.908660399592	39	19	
5370000	473.327945	1	1.381709549818	0.000161135768	0.527583920734	0.995834806141	39	15	
5380000	489.441151	1	1.435833262685	0.000220042477	0.591809339360	0.722411132491	27	13	
5390000	476.838894	1	1.441117196112	0.000159140916	0.755249408202	0.883439101312	29	20	
5400000	477.234655	1	1.455111739891	0.000123442548	0.850999503243	1.239775561066	39	16	
5410000	469.444146	1	1.420273239405	0.000188452566	0.629908815967	1.207305582559	33	10	
5420000	484.924630	1	1.443572782538	0.000222181869	0.377408286023	0.766742165251	23	11	
5430000	476.099794	1	1.462646459642	0.000201435642	0.627358474136	0.674821370021	35	14	
5440000	481.972115	1	1.434825396858	0.000194767343	0.457027208750	0.948084389264	34	13	
5450000	485.401683	1	1.402300342369	0.000238416176	0.378019050421	0.765757046058	33	12	
5460000	487.577395	1	1.442462497755	0.000250554628	0.388517138169	0.753912281944	28	13	
5470000	485.049005	1	1.411140385641	0.000165084285	0.490913793791	0.932906247654	31	13	
5480000	477.291477	1	1.393955541342	0.000216310285	0.474575394050	0.635773849901	23	10	
5490000	477.187070	1	1.333119200167	0.000237815867	0.364510483541	0.614910634878	29	10	
5500000	480.544539	1	1.400111775769	0.000236891940	0.361434053141	0.650646353823	25	13	
5510000	474.856241	1	1.468587905066	0.000248968944	0.509275310744	0.617453465996	30	8	
5520000	480.050755	1	1.444065881003	0.000148032869	0.669481684669	0.964818776320	31	14	
5530000	487.208730	1	1.438352123362	0.000174328528	0.557512808971	0.744203421206	30	14	
5540000	482.555077	1	1.413656333536	0.000184172860	0.519292051030	0.726665399515	27	14	
5550000	474.527062	1	1.470206219882	0.000183826198	0.587444840681	0.628097073903	27	16	
5560000	475.675061	1	1.487032461546	0.000227609999	0.251087486976	0.682523056786	38	10	
5570000	480.488419	1	1.386012100331	0.000138177818	0.790352307143	1.377273623283	33	13	
5580000	488.523321	1	1.397080102667	0.000219852920	0.771829908053	0.534532820566	29	15	
5590000	478.744039	1	1.446835339192	0.000154539497	0.992661293339	0.958718173112	36	13	
5600000	479.411311	1	1.385403859450	0.000163964916	0.777812856944	1.349094537413	36	10	
5610000	483.699213	1	1.485787662855	0.000188250688	0.521897261489	0.967209353445	32	11	
5620000	479.006849	1	1.395249536272	0.000224369065	0.403701270884	0.748786677966	32	12	
5630000	480.167019	1	1.438038619001	0.000209133738	0.479205088383	0.633020563943	30	10	
5640000	484.218010	1	1.399816180210	0.000199173514	0.477516996141	0.751787315620	30	14	
5650000	471.277789	1	1.439680694307	0.000125110118	0.946603139881	1.423886393236	32	16	
5660000	470.314758	1	1.385765250338	0.000215417513	0.655332422460	1.095993965539	30	10	
5670000	478.505215	1	1.405480684018	0.000168612908	0.724229055609	1.109240661687	35	11	
5680000	493.922912	1	1.440977586003	0.000166390212	0.704644873322	0.787837126032	35	15	
5690000	469.811295	1	1.424224512902	0.000174532760	0.506089340619	0.946668265051	29	16	
5700000	464.680375	1	1.448861702504	0.000195147362	0.551088267305	0.955144236127	31	15	
5710000	469.682532	1	1.385104223817	0.000212132337	0.477664524391	0.700235841921	33	19	
5720000	468.831204	1	1.500059005089	0.000153392883	0.813382480434	1.436964984812	25	11	
5730000	465.776359	1	1.438377938741	0.000188397545	0.376663701933	0.609262609666	22	20	
5740000	469.256562	1	1.438149349293	0.000201726626	0.291002287085	0.647796746156	33	14	
5750000	479.675266	1	1.354570583244	0.000247807218	0.492675421170	0.633776927076	25	15	
5760000	471.099260	1	1.423154411289	0.000163749524	0.529029171037	1.002730680666	37	17	
5770000	468.638801	1	1.431186231273	0.000214037405	0.789887427593	0.575944646467	25	21	
5780000	468.888282	1	1.431813750239	0.000173498538	0.541540263695	1.087542625930	33	16	
5790000	457.468244	1	1.432473418051	0.000209472804	0.697325014983	0.815179359614	32	14	
5800000	488.677302	1	1.413724213855	0.000194399070	0.438573127900	0.679994203012	35	18	
5810000	481.655600	1	1.480820525110	0.000179145625	0.480953884642	0.750711861857	46	15	
5820000	479.470653	1	1.479786244605	0.000239050746	0.473598844269	0.624112283113	38	9	
5830000	474.280006	1	1.378169943457	0.000149190234	0.918392145944	1.373392766721	41	20	
5840000	482.696203	1	1.367294007889	0.000212785080	0.518554583617	0.902733505885	41	14	
5850000	479.003204	1	1.399823343615	0.000179689981	0.638685428302	1.214894031028	31	17	
5860000	469.541101	1	1.453959235249	0.000233999711	0.378650738616	0.763303105949	33	16	
5870000	463.471958	1	1.461711158101	0.000135704693	1.245258506672	1.510577398012	29	18	
5880000	473.484076	1	1.382251950044	0.000158135307	1.154074413335	0.954535549576	29	14	
5890000	485.125445	1	1.391813502868	0.000205833247	0.705900246099	1.020544384294	24	16	
5900000	478.234275	1	1.446518684988	0.000151927931	0.776241709441	1.355070415719	34	10	
5910000	480.660416	1	1.458299531282	0.000179244727	0.503190046334	0.962097378386	36	13	
5920000	460.133105	1	1.439504077767	0.000147923998	1.276411942438	1.211449328717	35	13	
5930000	472.563895	1	1.436113935507	0.000150018257	0.847878493098	0.922458918487	36	12	
5940000	472.518738	1	1.354544754461	0.000164449226	0.675479187313	1.143971888727	35	12	
5950000	483.047834	1	1.495149498536	0.000159787854	0.727159124970	0.855553390109	35	14	
5960000	475.928878	1	1.481105911545	0.000208611816	0.612692297391	0.826106033860	29	15	
5970000	469.965545	1	1.431982402543	0.000152648294	0.749183887274	1.663218361198	28	10	
5980000	476.848667	1	1.499306691672	0.000219353550	0.543541964577	0.943184005097	31	15	
5990000	465.087746	1	1.462243404928	0.000237094860	0.450961711489	0.539101511803	30	19	
6000000	463.710917	1	1.273775865099	0.000234463131	0.584510436356	0.855407843280	22	20	
6010000	474.008024	1	1.421082349420	0.000232909503	0.502832338645	0.594762606740	27	13	
6020000	482.133527	1	1.506405765993	0.000129195763	0.902247339060	1.063990600758	32	18	
6030000	471.851910	1	1.413547574708	0.000172582367	0.480157352339	1.047828757626	35	16	
6040000	457.303091	1	1.354454640408	0.000174632946	0.789558720231	0.921213463818	37	13	
6050000	490.125018	1	1.480425423059	0.000158784536	0.702373641903	0.711333822448	40	10	
6060000	479.174483	1	1.472469829814	0.000140307629	0.845349842571	1.164344895333	32	21	
6070000	472.713271	1	1.412663229023	0.000184174256	0.494281754586	0.742572863748	36	16	
6080000	464.300866	1	1.399305668809	0.000197273495	1.099151593999	1.476085832398	35	13	
6090000	461.905864	1	1.401954631008	0.000269133328	0.686394339986	0.744268697821	32	8	
6100000	480.401424	1	1.396785685461	0.000194699703	0.605284146795	1.067171117301	28	11	
6110000	480.501624	1	1.368354192942	0.000158178771	0.585526651256	0.967011333739	31	18	
6120000	466.893949	1	1.393626442697	0.000261095863	0.273617114755	0.549173188615	30	14	
6130000	471.908222	1	1.358024829626	0.000266365950	0.295809997138	0.642001308658	33	17	
6140000	474.925999	1	1.459375765250	0.000246870142	0.400431581823	0.556010638693	34	17	
6150000	471.436986	1	1.499849311098	0.000230513648	0.382339038358	0.915986237376	33	17	
6160000	478.145374	1	1.491251295626	0.000176935912	0.573261317209	1.048626807248	27	20	
6170000	474.860863	1	1.325264045394	0.000212038262	0.560512135569	0.731611674485	28	18	
6180000	469.367488	1	1.464437234822	0.000165609872	0.804058967178	1.214671166798	31	14	
6190000	473.377442	1	1.428892440522	0.000200474430	0.702447110216	0.944462919606	30	20	
6200000	478.568437	1	1.432829614705	0.000200214400	0.600443973756	1.204217294189	26	15	
6210000	464.202432	1	1.338587248869	0.000176015016	0.663754095706	0.842410575593	26	11	
6220000	478.633303	1	1.418669077264	0.000168746671	0.629525901584	0.908473626796	29	12	
6230000	477.470108	1	1.484016848830	0.000211461594	0.498470380239	0.771032657106	33	14	
6240000	488.336899	1	1.476162544932	0.000134117432	0.825697837632	1.310369671978	35	16	
6250000	480.143986	1	1.414133105034	0.000155944997	0.845991861025	1.211387570218	36	14	
6260000	482.130223	1	1.441745427290	0.000186423784	0.517220125604	0.801779891967	36	22	
6270000	475.691822	1	1.388149956385	0.000223099353	0.366701847556	0.766888221813	30	15	
6280000	482.052851	1	1.434196556009	0.000210867582	0.319949912946	0.564675322104	35	13	
6290000	476.231228	1	1.409559352192	0.000129803111	0.582935808339	1.225197982407	31	19	
6300000	487.460110	1	1.363451486501	0.000159224543	0.657288338589	1.063164830178	39	12	
6310000	465.946467	1	1.449582824651	0.000234622157	0.566747529449	1.076983330004	39	10	
6320000	467.332973	1	1.434347471585	0.000157524868	0.453935098333	1.215432041081	37	14	
6330000	462.385030	1	1.445864149757	0.000178989256	0.703729201224	0.932765693994	28	20	
6340000	472.779660	1	1.401366910337	0.000244247454	0.584102339213	0.688272763648	35	11	
6350000	470.765477	1	1.370434672130	0.000195628766	0.977681179206	0.787393542163	40	10	
6360000	480.627342	1	1.434188248237	0.000225840760	0.544912178137	0.651832908928	32	14	
6370000	465.271942	1	1.443443390223	0.000315478681	0.505487633862	0.830958291883	27	7	
6380000	484.791104	1	1.464190212359	0.000296272306	0.460404680142	0.590882107750	34	17	
6390000	476.595131	1	1.444077138584	0.000226257315	0.498856599064	0.623409522636	33	19	
6400000	478.827972	1	1.442332580995	0.000175622327	0.769527142031	0.903466186064	39	13	
6410000	468.868583	1	1.364985901863	0.000181212314	0.379706116977	0.813935371854	23	21	
6420000	471.344013	1	1.393825414376	0.000213798726	0.572724967353	0.996219442156	29	15	
6430000	481.308251	1	1.366618066222	0.000201843886	0.357408943679	0.893406119190	37	15	
6440000	480.458749	1	1.381073656404	0.000206448333	0.390719379924	0.816710861297	30	15	
6450000	463.828870	1	1.410544596573	0.000203657252	0.465357553621	0.789753782785	24	13	
6460000	475.863119	1	1.476833860080	0.000214876736	0.572897334498	0.955815786674	32	11	
6470000	484.882029	1	1.419565569008	0.000196684172	0.425478302978	0.648031046759	27	17	
6480000	476.288697	1	1.391257657554	0.000186028006	0.714572420753	0.849054574612	29	17	
6490000	491.209232	1	1.426959340848	0.000209648600	0.610145973141	0.890302287077	32	11	
6500000	468.258717	1	1.419083136465	0.000193660103	0.600714591808	1.206103388299	33	13	
6510000	475.712103	1	1.470854007166	0.000193035422	0.610035188709	0.956837321654	22	12	
6520000	486.807256	1	1.470924251937	0.000175742990	0.697482498826	1.304102121603	29	15	
6530000	494.295516	1	1.406330870748	0.000197171923	0.668468428230	0.586422490530	39	17	
6540000	468.131932	1	1.337622912680	0.000207479908	0.569404233490	0.794981400736	33	12	
6550000	487.332393	1	1.467325237169	0.000215445015	0.535054402700	0.560053469808	31	13	
6560000	471.869381	1	1.434388375130	0.000165526215	0.893504740141	1.037594084540	34	11	
6570000	473.114877	1	1.361994905551	0.000185705277	0.557845914707	0.814433524745	30	8	
6580000	480.962682	1	1.416246723137	0.000169836145	0.800974250959	0.916395055269	29	21	
6590000	464.756074	1	1.382536074940	0.000196417267	0.623946236718	0.887542546766	36	11	
6600000	478.734567	1	1.493437662851	0.000150196471	0.653961074968	1.214240826511	40	19	
6610000	473.508514	1	1.473836820522	0.000204394925	0.547785402838	0.773814884892	31	15	
6620000	485.768339	1	1.442694984725	0.000190970785	0.502505658209	0.802854671017	30	19	
6630000	485.812322	1	1.418161838916	0.000186057320	0.590859532045	0.648206436318	37	13	
6640000	490.515451	1	1.422728244977	0.000200506355	0.532869014168	0.655252060597	44	12	
6650000	481.301691	1	1.399718567662	0.000234022213	0.488350277984	0.560009047723	32	12	
6660000	477.335764	1	1.417979920634	0.000175858104	0.836759980013	1.233016204521	36	12	
6670000	468.210578	1	1.461988524525	0.000157298509	0.919847712631	1.520013315011	33	8	
6680000	483.944650	1	1.355512920445	0.000190494475	0.610629464785	0.709611144906	37	14	
6690000	470.810298	1	1.457358412610	0.000186019898	0.468926453604	0.810609102461	29	15	
6700000	487.434151	1	1.400271890461	0.000168799047	0.691500882434	0.820920471395	33	14	
6710000	474.879234	1	1.378456127313	0.000216849733	0.531609962085	0.702053946655	38	10	
6720000	495.182261	1	1.460294200453	0.000145692360	0.776343669488	0.737592354594	40	19	
6730000	470.621077	1	1.402078514477	0.000236169679	0.493546265899	0.527100995477	30	16	
6740000	479.609489	1	1.463755156207	0.000204091628	0.348822947528	0.609663293427	33	10	
6750000	480.233143	1	1.402161658073	0.000200833660	0.452828625881	0.711814355882	30	15	
6760000	474.796367	1	1.465852064502	0.000223988303	0.438659459125	0.700640729231	28	14	
6770000	475.614856	1	1.452531612371	0.000222877814	0.499218443302	0.525938509875	28	12	
6780000	474.661242	1	1.400344072554	0.000165920011	0.789832964615	0.724357543571	39	15	
6790000	471.448297	1	1.470942279509	0.000249542395	0.343858835047	1.036091747485	36	19	
6800000	479.459085	1	1.392143251887	0.000148540230	0.667406491067	0.797037536688	29	18	
6810000	480.055302	1	1.395723575591	0.000246134119	0.419305521760	0.702295142682	24	15	
6820000	478.299331	1	1.452734932353	0.000198931242	0.461062785233	0.756254941909	29	20	
6830000	464.949396	1	1.281797115264	0.000260401768	0.455940966660	0.878372158306	27	13	
6840000	474.797908	1	1.487819101685	0.000158119862	0.957812832765	1.129460553672	35	17	
6850000	487.115856	1	1.414465583272	0.000132188967	0.735388258063	0.984568323607	37	19	
6860000	484.915749	1	1.407571772795	0.000150785891	0.628299641891	0.950439362296	41	18	
6870000	491.186879	1	1.408628714873	0.000162504399	0.593112706387	0.779213084562	29	18	
6880000	476.575764	1	1.399464395517	0.000180420604	0.453634754509	1.497652060832	25	19	
6890000	488.888089	1	1.442576923002	0.000158067857	0.503855869165	0.980832380763	35	22	
6900000	480.293978	1	1.414435710624	0.000203733257	0.456798846746	0.944811917414	27	12	
6910000	467.634932	1	1.445012219051	0.000180550266	0.615119419050	0.821292095653	38	14	
6920000	476.581376	1	1.376195521017	0.000167163070	0.598459075882	1.051451022643	42	18	
6930000	466.937906	1	1.363433272486	0.000216483390	0.809505388985	1.017250890958	27	11	
6940000	488.215355	1	1.472940225020	0.000180921363	0.896452220052	1.159103987408	33	13	
6950000	485.013390	1	1.434287138390	0.000184116030	0.708979771698	1.218140740450	25	14	
6960000	486.517493	1	1.416070328284	0.000180979700	0.540373905966	0.886061112551	34	19	
6970000	473.610161	1	1.486061616616	0.000229664216	0.403238232534	0.831177288249	24	15	
6980000	467.969677	1	1.515366394432	0.000254046902	0.637867374171	0.916267947107	25	5	
6990000	467.757432	1	1.451285049100	0.000216601716	0.599723366032	1.086760356969	32	10	
7000000	487.849992	1	1.420948103299	0.000182069597	0.632969697707	0.586303611878	33	10	
7010000	478.414428	1	1.405069532495	0.000192604514	0.686858434144	0.926226721490	30	12	
7020000	474.255143	1	1.426527025002	0.000182442179	0.659231230279	1.172196277538	40	15	
7030000	479.839732	1	1.407317529944	0.000171926318	0.382654052481	1.030166696451	30	19	
7040000	480.608778	1	1.457352546795	0.000232373328	0.439388436412	0.703308972323	38	10	
7050000	484.347812	1	1.425268150199	0.000253017393	0.320523852962	0.395442111911	33	19	
7060000	481.825386	1	1.388778108757	0.000171394121	0.763261454239	0.997143502024	33	10	
7070000	475.144378	1	1.336610528922	0.000199414608	0.374645023147	0.946646169867	24	15	
7080000	470.951806	1	1.351109695504	0.000189480293	0.415501557345	0.581686593130	30	16	
7090000	467.998279	1	1.410262791552	0.000195438929	0.560727281864	0.786872015735	23	10	
7100000	475.301069	1	1.398947988660	0.000206859218	0.925243830634	1.089341873569	28	16	
7110000	469.407573	1	1.466099875484	0.000185282270	0.509138778363	0.505937513489	31	20	
7120000	471.636075	1	1.462902135983	0.000211056905	0.786135883775	1.050136761672	29	15	
7130000	486.936736	1	1.362170938070	0.000229344097	0.521807957335	0.583183045806	34	17	
7140000	474.333094	1	1.371769874438	0.000161482954	0.679689432562	1.086922628092	42	12	
7150000	478.815961	1	1.480756493146	0.000170268833	0.761535057398	1.010903220666	39	10	
7160000	479.187004	1	1.402962758258	0.000160397812	0.710369189036	0.796147497090	38	12	
7170000	473.439183	1	1.424719611169	0.000227568230	0.728328164946	0.774869541225	27	10	
7180000	471.606622	1	1.391325116301	0.000182956789	0.767843146869	1.191051168511	32	9	
7190000	465.045545	1	1.379236604366	0.000252205484	0.627843803476	0.990284768721	30	13	
7200000	476.164738	1	1.414026767952	0.000140717678	0.667109590159	1.339531207207	35	22	
7210000	479.785877	1	1.363306309781	0.000139937636	0.568489220522	0.804637669935	31	18	
7220000	489.261526	1	1.391120687111	0.000220706529	0.466132017858	0.547910703975	40	12	
7230000	478.365477	1	1.514071059663	0.000195153795	0.616755402727	0.973549121418	36	12	
7240000	486.753520	1	1.486624527869	0.000196781828	0.661989993767	0.891983091432	34	11	
7250000	497.897853	1	1.420929459761	0.000174342677	0.631123544471	0.816248032478	38	17	
7260000	485.787666	1	1.438831644070	0.000197790253	0.514371005956	0.722728963564	28	8	
7270000	480.925924	1	1.425164372340	0.000232989484	0.457444119337	0.858179540828	36	5	
7280000	474.443932	1	1.381881877628	0.000175012110	0.775397746379	0.969453328328	36	11	
7290000	485.271065	1	1.417595825932	0.000143469861	0.687120890300	1.274610883191	42	18	
7300000	500.334940	1	1.402067175340	0.000202219185	0.479051269554	0.634488677085	38	16	
7310000	479.356432	1	1.399754335498	0.000181067610	0.681638153518	0.962450808440	38	15	
7320000	483.077659	1	1.392264299844	0.000259280793	0.663017504069	0.685807607855	28	17	
7330000	484.830365	1	1.347670741545	0.000142181046	0.692593750708	1.281104640211	33	20	
7340000	484.319762	1	1.450482685078	0.000160918538	0.657924215942	0.881963253168	27	14	
7350000	489.545148	1	1.386877099776	0.000258819484	0.424112024317	0.651853951519	37	18	
7360000	486.737347	1	1.439936755595	0.000253945321	0.398554520364	0.674123559872	29	20	
7370000	480.494045	1	1.417096571052	0.000259116633	0.421706705207	0.584377533503	34	20	
7380000	473.308119	1	1.391107035792	0.000188910984	0.749511868795	0.936622479243	31	11	
7390000	485.279553	1	1.425383586735	0.000225064557	0.533583571242	0.669773251182	31	15	
7400000	482.674510	1	1.360763716363	0.000161378753	0.693981466011	1.145934549678	25	13	
7410000	478.126945	1	1.423863918041	0.000140004290	0.531094618972	1.225897948127	37	12	
7420000	482.995503	1	1.351150142113	0.000134013772	0.944895120406	1.314878626978	34	19	
7430000	483.028698	1	1.481438690230	0.000210954972	0.569442781393	0.717714648582	40	15	
7440000	475.622136	1	1.457642519574	0.000170195241	0.597031039683	1.107421342540	34	13	
7450000	477.161070	1	1.501133827237	0.000188674844	0.686856624948	0.706113569457	27	15	
7460000	480.194926	1	1.488815236041	0.000167450086	0.631417252569	0.745451862169	26	16	
7470000	464.930446	1	1.392047891668	0.000259994760	0.323353558967	0.465458243522	25	14	
7480000	470.589950	1	1.443522296408	0.000141778186	0.654019672383	1.199560695934	36	20	
7490000	481.721136	1	1.479736502597	0.000185643958	0.610266975927	0.596106579315	33	18	
7500000	484.809013	1	1.371872400279	0.000165121379	0.553454702048	1.017021440955	34	9	
7510000	482.840938	1	1.427583363927	0.000216559366	0.513820479918	0.901896665765	32	14	
7520000	474.832579	1	1.406426285257	0.000211405439	0.432248913093	0.485902184341	34	12	
7530000	485.362250	1	1.370287080203	0.000165883953	0.676589494199	0.831038701389	37	11	
7540000	471.084254	1	1.397778558607	0.000204651317	0.605295099986	1.121549646573	38	11	
7550000	473.791794	1	1.377857276230	0.000188074210	0.510601743301	0.783258504632	38	12	
7560000	481.118314	1	1.381346042107	0.000174488105	0.817413677974	0.903933644343	36	16	
7570000	481.154392	1	1.419714136644	0.000148352683	0.785873334381	1.237716854128	31	13	
7580000	472.153441	1	1.353720539495	0.000210232848	0.708970817269	0.564367444751	25	14	
7590000	479.694011	1	1.395407137206	0.000160928252	0.768441009963	0.851995941403	28	13	
7600000	471.059630	1	1.396205962123	0.000173935024	0.889681331505	1.047165877569	28	15	
7610000	470.531972	1	1.421728006241	0.000173358264	0.610744810824	1.556114831947	29	14	
7620000	484.123212	1	1.403930140502	0.000150004268	0.647865096698	0.925305134230	41	11	
7630000	486.725641	1	1.449397962850	0.000158769056	0.586963602980	1.064060666601	32	17	
7640000	493.992127	1	1.409469950431	0.000150836142	0.672112545324	1.006536254822	30	16	
7650000	491.567285	1	1.452689746212	0.000175864368	0.407477549062	0.795912718926	31	15	
7660000	474.035232	1	1.409854436706	0.000208406973	0.669026854274	0.768464210995	31	11	
7670000	488.304515	1	1.401576079387	0.000181492185	0.513096024312	0.703771286654	35	11	
7680000	482.055362	1	1.409499674592	0.000131676563	0.740250292987	1.044284035114	41	16	
7690000	478.947769	1	1.386203678977	0.000166454129	0.476026840905	0.715160012844	37	11	
7700000	483.263478	1	1.424372494470	0.000134163951	0.535403876566	1.115357898183	34	9	
7710000	462.662824	1	1.563888190727	0.000238892749	0.595685131307	0.758267659913	25	11	
7720000	476.401469	1	1.415260233957	0.000206649311	0.383461043833	0.736391937899	23	9	
7730000	481.567708	1	1.426105578768	0.000197879432	0.414758131290	0.811742571646	37	16	
7740000	485.487242	1	1.428290511516	0.000196441097	0.383798781469	0.655929157055	33	19	
7750000	490.588968	1	1.417245655830	0.000193340401	0.355916590359	0.698483060126	34	15	
7760000	489.928912	1	1.397854435136	0.000171958162	0.476192326202	1.030132375577	24	14	
7770000	480.698611	1	1.425399598156	0.000155249850	0.689845824765	0.651335776327	28	15	
7780000	466.752892	1	1.423790878390	0.000229640282	0.284488258740	0.586261864702	43	14	
7790000	472.998135	1	1.403956148806	0.000181539260	0.441063282188	1.049383519995	38	11	
7800000	468.628563	1	1.424782389728	0.000191398595	0.376195493553	0.752573938691	28	11	
7810000	462.677693	1	1.430486607774	0.000216883628	0.270591855538	0.436323014804	28	17	
7820000	466.144307	1	1.451651929820	0.000167290353	0.363844758956	0.711618946715	32	17	
7830000	485.037158	1	1.459452696429	0.000145303784	0.559937762354	0.992985917808	30	18	
7840000	483.904171	1	1.393560950852	0.000179438445	0.492065366053	0.734187682514	31	16	
7850000	478.266796	1	1.471598781327	0.000186965972	0.488313918495	0.747119801545	33	13	
7860000	482.982779	1	1.437236614741	0.000222765971	0.444789021768	0.684206768207	30	12	
7870000	477.631000	1	1.394408262716	0.000220044054	0.495337911110	0.771132025587	33	12	
7880000	476.368824	1	1.331292655638	0.000218268323	0.460296742856	0.987847395060	37	11	
7890000	478.250826	1	1.359153019996	0.000186972336	0.367621665472	1.197605495813	34	21	
7900000	473.919008	1	1.487468171331	0.000199580075	0.524034591351	0.872358478552	39	12	
7910000	461.531791	1	1.335497980060	0.000248074242	0.481475258784	1.138338167671	40	9	
7920000	479.866802	1	1.384849752067	0.000133561886	1.136925845862	1.028793025323	34	17	
7930000	470.407109	1	1.394078811736	0.000201410810	0.494006751873	0.741025134533	29	16	
7940000	474.859241	1	1.423461113074	0.000157811351	0.603533314382	0.902852020148	38	16	
7950000	464.431802	1	1.433626452296	0.000167686846	0.741695161903	0.895026876288	30	13	
7960000	456.695214	1	1.398396045711	0.000338673318	0.331634350487	0.455460343564	30	16	
7970000	476.485161	1	1.443166719202	0.000191069335	0.587874245528	0.864345900051	32	12	
7980000	476.903126	1	1.428827204503	0.000207979411	0.442500946900	0.755940557361	34	19	
7990000	482.233698	1	1.391641194415	0.000163859877	0.813337031077	1.122965284931	37	11	
8000000	481.128361	1	1.456883274804	0.000159494438	0.598359625103	1.121735885166	33	14	
8010000	481.256871	1	1.438880881901	0.000157526136	0.712124737407	0.670215688564	28	20	
8020000	477.070753	1	1.459427964666	0.000171856112	0.716853630992	0.701778015846	27	13	
8030000	486.379409	1	1.466519457367	0.000140752087	0.606226097113	0.969846958571	28	14	
8040000	471.682407	1	1.395931372919	0.000158967454	0.417205079163	0.744166142498	34	17	
8050000	475.419566	1	1.440437742313	0.000185179890	0.689772878428	0.706876208872	34	15	
8060000	475.827377	1	1.423396062538	0.000201099271	0.520448167201	0.645044432773	29	12	
8070000	474.391822	1	1.420252855046	0.000234096703	0.409457880247	0.373765418288	27	14	
8080000	474.302343	1	1.429728539892	0.000226415437	0.407917185349	0.395851548344	36	16	
8090000	471.108012	1	1.408837211757	0.000228758136	0.298178851306	0.435638916964	35	15	
8100000	483.859915	1	1.414242991811	0.000155795386	0.493437645413	1.253500540427	42	14	
8110000	479.419412	1	1.321191282222	0.000146070233	0.528363871762	0.910920014626	38	17	
8120000	479.441591	1	1.387664273286	0.000156786308	0.349496740545	0.772886933705	33	18	
8130000	487.982652	1	1.417705952817	0.000115859013	0.459693143397	1.393331955583	23	22	
8140000	476.507898	1	1.415333341655	0.000136059261	0.369304064681	1.009087508405	33	16	
8150000	481.792959	1	1.465409761209	0.000216492024	0.446723055241	1.081776538209	35	13	
8160000	483.768008	1	1.444964874226	0.000257950370	0.328068956645	0.819181399584	38	14	
8170000	481.307007	1	1.343216371585	0.000241173842	0.469865749418	0.781332078864	36	22	
8180000	474.298272	1	1.374351028939	0.000246817543	0.601217371584	0.740761107032	33	15	
8190000	474.660434	1	1.423187389721	0.000282736044	0.464506770519	1.170200835952	30	15	
8200000	479.998073	1	1.509134553774	0.000249423790	0.610678890075	0.861866152598	42	18	
8210000	470.463052	1	1.491810731897	0.000386533564	0.319796510223	0.420733233488	44	14	
8220000	473.823525	1	1.429885388934	0.000500973922	0.191659080439	0.412180609746	38	17	
8230000	481.658704	1	1.411259580617	0.000265869260	0.354392947442	0.415019608599	45	23	
8240000	472.301869	1	1.366386774662	0.000388025808	0.260651458722	0.375503619462	40	23	
8250000	475.471683	1	1.519991341786	0.000435138544	0.279789539710	0.641537723764	34	20	
8260000	484.973517	1	1.440189886384	0.000387133503	0.315918622606	0.347000542878	31	18	
8270000	479.223575	1	1.430996919977	0.000336475158	0.299292923390	0.544423441520	27	17	
8280000	478.402061	1	1.426532157432	0.000316625335	0.341130490109	0.587382852041	24	19	
8290000	476.427413	1	1.429350922498	0.000182888733	0.542001521595	1.107918187641	31	21	
8300000	480.241908	1	1.429630473115	0.000194477684	0.709423301428	1.031448377714	31	14	
8310000	487.186008	1	1.406789049002	0.000245208594	0.599063675563	0.620880810741	29	17	
8320000	486.258087	1	1.423337415644	0.000313663987	0.461129993807	0.951702684767	36	17	
8330000	473.291302	1	1.421905034670	0.000280034056	0.478333700623	1.095205882682	28	13	
8340000	479.459561	1	1.475092591187	0.000246851633	0.480670981187	0.772790026561	33	13	
8350000	475.074817	1	1.461749830777	0.000290455054	0.500991209001	0.507262335939	37	14	
8360000	476.144919	1	1.431161040595	0.000197753427	0.557574736478	1.299549427174	29	16	
8370000	477.134614	1	1.435758760452	0.000230982774	0.394686059484	0.913049752710	23	13	
8380000	478.406117	1	1.445336986692	0.000211133144	0.710995973576	0.713108860646	24	14	
8390000	475.652691	1	1.414286832559	0.000137585198	1.491211485550	1.052840283207	23	19	
8400000	477.655140	1	1.451095954198	0.000192229200	0.543220265119	0.872769232467	27	20	
8410000	475.711747	1	1.447324225760	0.000188764154	0.526968023180	0.908812928395	37	17	
8420000	473.105267	1	1.502851151391	0.000247746945	0.451028326155	0.558032940335	32	17	
8430000	487.710323	1	1.460886491837	0.000205179656	0.676132846664	0.784037248025	30	10	
8440000	490.896470	1	1.386158979127	0.000237411570	0.374097703929	0.574170285687	33	13	
8450000	476.455940	1	1.365253275487	0.000147805618	0.832901960551	1.107949217139	32	10	
8460000	474.317834	1	1.469302545787	0.000188207625	0.707767447852	0.919308538388	29	10	
8470000	467.125340	1	1.434493525770	0.000179221501	0.672436712213	1.126537471157	32	14	
8480000	478.931583	1	1.465144501480	0.000233040347	0.304190604897	0.687975871559	33	15	
8490000	474.317201	1	1.461358930213	0.000136227841	0.735302481184	1.397327985352	38	10	
8500000	478.824175	1	1.381343153702	0.000229028441	0.476387536306	0.885505360466	30	10	
8510000	477.819270	1	1.425892121533	0.000179335156	0.607487238766	0.810247127010	44	19	
8520000	477.203084	1	1.408019053563	0.000195602873	0.553925140430	0.714815542803	42	17	
8530000	496.646798	1	1.427370373193	0.000184182317	0.632184270117	0.770565882102	40	13	
8540000	478.005297	1	1.434178428951	0.000171663335	0.652028658558	1.003988280342	35	13	
8550000	488.050579	1	1.459238647002	0.000174225519	0.602130277483	0.880475383825	32	10	
8560000	463.977356	1	1.512160783277	0.000269339295	0.396035643110	0.827578667663	26	12	
8570000	459.310478	1	1.371119148908	0.000212996599	0.860035380148	0.843082697067	28	16	
8580000	471.862001	1	1.324223827184	0.000231854034	0.495093501411	0.975903110781	24	11	
8590000	477.981111	1	1.416735449246	0.000174101536	0.755273621622	1.194225140872	23	16	
8600000	475.907680	1	1.507690970797	0.000211469873	0.697655223826	0.915001270744	22	17	
8610000	476.580113	1	1.432905580988	0.000201673472	0.535839665329	1.047402052454	29	16	
8620000	465.106660	1	1.459052879002	0.000179396322	0.563598612272	1.335428140556	38	18	
8630000	473.532305	1	1.456483080371	0.000213663114	0.430938620776	0.920862429727	32	9	
8640000	477.508505	1	1.418184073124	0.000182196620	0.778415234410	0.893776823458	25	13	
8650000	477.255488	1	1.435096739742	0.000142125344	0.924862257791	0.841141661140	35	20	
8660000	475.759176	1	1.435416130826	0.000186249845	0.551889355530	1.184848782306	32	17	
8670000	485.232889	1	1.465173790527	0.000187980395	0.784175493972	0.848146544761	35	10	
8680000	483.331152	1	1.414246140070	0.000284887998	0.370319711778	0.480368497613	23	6	
8690000	487.538872	1	1.415855434346	0.000165755861	0.527209227685	1.284308951706	32	17	
8700000	485.552478	1	1.378189998735	0.000191894594	0.533065954637	0.568687755109	40	15	
8710000	481.374686	1	1.459800553432	0.000161773899	0.698858703654	0.819323053382	32	15	
8720000	472.504060	1	1.402693717522	0.000151691134	0.534647447586	0.532210997185	38	20	
8730000	477.368041	1	1.410743690675	0.000210876666	0.560833663967	0.571450525308	35	12	
8740000	487.557880	1	1.367862981519	0.000153626916	0.633393812384	1.023721155607	32	21	
8750000	477.236023	1	1.456695106716	0.000180726789	0.639549631580	1.403441169650	34	15	
8760000	476.540763	1	1.452305508710	0.000180688340	1.171405342797	1.232139710200	40	10	
8770000	482.530194	1	1.425759126896	0.000153541490	0.783712355835	0.928865329116	34	17	
8780000	479.937069	1	1.455074534564	0.000189801359	0.541230344346	0.656605918284	38	12	
8790000	459.820937	1	1.333325633010	0.000156917084	1.157941201770	1.482999920244	32	16	
8800000	474.218264	1	1.437980758917	0.000219617083	0.670321413998	0.930122796362	24	12	
8810000	480.567890	1	1.423923352482	0.000171717509	0.675821286184	0.874423679465	33	10	
8820000	478.259381	1	1.469724177536	0.000169902474	0.606811176357	1.053807081784	38	17	
8830000	482.145149	1	1.455702711824	0.000173749857	0.722533563727	0.768168166643	41	9	
8840000	468.763731	1	1.336026688958	0.000200158721	0.682697128137	0.891402224869	38	9	
8850000	485.024152	1	1.398041776927	0.000136693864	0.460847311481	0.833421492479	36	15	
8860000	473.460009	1	1.420813813808	0.000262463318	0.574276589735	0.505377136148	29	13	
8870000	468.106780	1	1.422279762849	0.000170623238	0.550556154619	0.849933028461	27	18	
8880000	479.016388	1	1.377654227723	0.000178861563	0.740220025312	1.224854713701	30	14	
8890000	485.965857	1	1.379269632832	0.000254581239	0.398744906943	0.647238685432	28	12	
8900000	475.626582	1	1.474610839705	0.000183176860	0.547805005019	0.988116876479	36	8	
8910000	469.953151	1	1.379791746436	0.000214539272	0.491637694974	0.725259425564	27	12	
8920000	476.908552	1	1.372006737006	0.000175969319	0.754784164731	0.801498177019	33	14	
8930000	475.562102	1	1.469756947998	0.000162924799	0.893921657469	1.135254003766	30	20	
8940000	492.629398	1	1.383843043116	0.000145005685	0.730389409793	1.259847495351	31	14	
8950000	475.210976	1	1.414089917619	0.000145557673	1.087312289924	0.781308059321	26	14	
8960000	473.357385	1	1.402444882270	0.000175789850	0.669331498641	0.858079695327	26	14	
8970000	470.169895	1	1.443495372837	0.000207472058	0.469801443986	0.604749177200	33	11	
8980000	473.939005	1	1.397426200277	0.000208775874	0.791692492225	1.118263704031	30	10	
8990000	474.204842	1	1.398644480009	0.000222305814	0.311983255154	0.584666791976	31	15	
9000000	466.278914	1	1.367172272632	0.000164895309	0.726378697169	1.033103786440	32	17	
9010000	481.199628	1	1.390720567919	0.000152237760	0.677202759025	0.953014979099	39	16	
9020000	486.159802	1	1.433140582904	0.000201561075	0.535764965146	0.693557829674	37	15	
9030000	474.196857	1	1.441703415081	0.000162934214	0.647845795768	1.008678237580	39	14	
9040000	483.135735	1	1.358018933065	0.000251450875	0.416983047061	1.020556313994	32	12	
9050000	480.509414	1	1.331541568176	0.000160441262	0.519747562491	1.259350430966	37	17	
9060000	480.014787	1	1.411960957884	0.000170555492	0.556425887147	0.708757553795	34	19	
9070000	485.997999	1	1.370681607589	0.000116961286	0.748552141842	0.856270913180	26	18	
9080000	485.931423	1	1.457975216214	0.000171136410	0.366199778867	0.661922580691	35	14	
9090000	474.291127	1	1.437816039764	0.000213194498	0.514552308126	0.814236357639	36	11	
9100000	476.046867	1	1.490745577830	0.000166422086	0.681181256382	1.057876418383	31	15	
9110000	467.442928	1	1.410768886646	0.000164078319	0.879365770626	1.442584448687	26	14	
9120000	464.888642	1	1.398390093784	0.000182013717	0.538177174040	0.870269555063	22	15	
9130000	469.586302	1	1.385806519184	0.000160729559	0.858388960633	0.787401395686	32	21	
9140000	480.869120	1	1.443495978167	0.000167400174	0.557028984260	0.775683231110	35	14	
9150000	476.167755	1	1.443775754992	0.000207447606	0.455590010850	0.711933028803	28	12	
9160000	488.099077	1	1.449630931036	0.000177519770	0.581579319681	0.756424174439	28	15	
9170000	480.958639	1	1.430192684872	0.000200247361	0.652131813730	0.714983095231	37	12	
9180000	477.660223	1	1.392541685836	0.000207624321	0.445120124958	0.843948687815	33	16	
9190000	478.600956	1	1.466800922657	0.000130581129	1.052655488854	1.155557155997	36	19	
9200000	479.505267	1	1.355450432615	0.000179186443	0.441752271004	0.632378337749	33	13	
9210000	482.889401	1	1.411907163255	0.000156649469	0.425761364251	0.780469143575	40	16	
9220000	482.095665	1	1.490903697764	0.000212182705	0.383694473532	0.606654860654	33	12	
9230000	480.007708	1	1.394276430845	0.000173969425	0.572138585258	1.042288956352	32	9	
9240000	468.678781	1	1.463354432894	0.000145400441	0.720213014880	0.767132115262	32	16	
9250000	490.971257	1	1.389723652815	0.000166111861	0.471577576143	0.894539270820	28	13	
9260000	488.508104	1	1.424519169254	0.000138330885	0.498265050048	0.806609326274	28	17	
9270000	475.911176	1	1.474450116032	0.000172346706	0.628990691337	1.264805684734	34	18	
9280000	478.063886	1	1.425059909082	0.000184636723	0.491700480126	0.828773047284	40	13	
9290000	484.010923	1	1.421617968814	0.000243168001	0.499149938503	0.584691379126	32	15	
9300000	476.756458	1	1.407008395967	0.000209433625	0.691385135003	1.182898520894	38	9	
9310000	481.439788	1	1.397453161905	0.000202988022	0.574330682889	0.777912236845	36	6	
9320000	478.493393	1	1.435271193186	0.000173073918	0.499629728791	0.707370011619	36	13	
9330000	482.671163	1	1.389664649134	0.000182265753	0.613601668276	1.352339983960	37	12	
9340000	482.159849	1	1.452921179266	0.000232243251	0.487566598762	0.554975596402	38	15	
9350000	464.781389	1	1.419736625304	0.000158092259	0.617131568837	1.416957563312	22	13	
9360000	480.451569	1	1.508836897923	0.000220662024	0.480916575106	0.915678647824	31	13	
9370000	483.027704	1	1.392062464494	0.000178681273	0.677329758713	0.936733504732	37	14	
9380000	482.882449	1	1.407763322093	0.000177730868	0.540276701515	0.640358641659	36	14	
9390000	481.869879	1	1.390326203504	0.000181464484	0.685489292984	0.704677859625	32	17	
9400000	469.538816	1	1.437586431327	0.000223164341	0.832029358094	0.874875633167	26	8	
9410000	469.509106	1	1.426425816140	0.000180505802	0.684317899133	0.826455249930	31	17	
9420000	486.870313	1	1.425061492255	0.000167162149	0.716164167344	0.843377222212	45	18	
9430000	483.167565	1	1.423297289919	0.000157547640	0.894733862084	1.054548586428	34	14	
9440000	478.430794	1	1.393529255962	0.000196908240	0.515410565496	1.121226607109	38	11	
9450000	485.702142	1	1.338671482497	0.000209496759	0.454069055490	0.669486150177	37	14	
9460000	471.332649	1	1.471958987072	0.000151054731	0.753457772606	1.129750312117	21	21	
9470000	461.205882	1	1.482609703181	0.000208606966	0.719058736219	0.962323505930	31	12	
9480000	473.042667	1	1.303020068048	0.000182246688	0.371132911832	1.147859184336	34	20	
9490000	466.450290	1	1.358344285635	0.000209592101	0.520768953144	0.587800554086	34	9	
9500000	470.540163	1	1.461395356523	0.000167406471	0.522034572840	1.342741054022	29	14	
9510000	468.824315	1	1.351501748585	0.000142922346	0.434604232813	1.068642626022	34	15	
9520000	475.934393	1	1.507362971785	0.000137284427	0.756769983634	1.527629670848	37	14	
9530000	494.622745	1	1.448234173059	0.000109543738	1.015189578654	1.198705690966	31	24	
9540000	486.675578	1	1.461324299864	0.000180771902	0.564931346681	0.823786902041	36	10	
9550000	487.901477	1	1.416671279308	0.000192945736	0.552745113745	0.696910168908	28	17	
9560000	478.522987	1	1.371458257545	0.000251340234	0.370400128294	0.730591718868	30	16	
9570000	480.098768	1	1.375843833057	0.000154640175	0.483035818936	0.709131719785	21	17	
9580000	471.768110	1	1.430046886822	0.000161396115	0.695120454790	0.949949849181	24	15	
9590000	473.074933	1	1.410542004373	0.000177241413	0.603545846813	0.901724487583	25	16	
9600000	478.873367	1	1.404244589593	0.000264536170	0.272052292449	0.588976502183	27	14	
9610000	480.079440	1	1.416583623014	0.000228832273	0.535103554599	0.728565690051	29	17	
9620000	477.394619	1	1.385529930259	0.000195431813	0.630998290284	0.883790619562	24	14	
9630000	470.646558	1	1.389627730003	0.000204726686	0.381871249083	1.120226373798	21	14	
9640000	468.061324	1	1.345754521565	0.000130542391	0.833078760829	1.297972674490	20	16	
9650000	480.687009	1	1.419927473882	0.000174511963	0.617365839707	0.876467299361	30	15	
9660000	476.985414	1	1.335327614685	0.000184097986	0.727942017324	0.772974660815	33	12	
9670000	479.353225	1	1.418610637428	0.000194499514	0.708866275682	1.036995982959	30	14	
9680000	470.095593	1	1.436076320242	0.000160909872	0.738042370791	1.363326779378	39	12	
9690000	480.823718	1	1.479160032951	0.000165191177	0.699779672634	1.031103934146	33	14	
9700000	479.500081	1	1.385709601763	0.000154638040	0.749873457495	1.133419334089	39	15	
9710000	486.886774	1	1.415526961317	0.000158363486	0.589399090660	0.630473078602	36	19	
9720000	476.838708	1	1.447104468981	0.000156563988	0.778722987885	0.857413930232	40	17	
9730000	480.201844	1	1.459120415684	0.000224603323	0.502037707927	0.890175866293	34	11	
9740000	464.685868	1	1.432480217263	0.000362021344	0.417276061013	0.555368183483	33	16	
9750000	472.306818	1	1.366411309139	0.000308082679	0.575741367161	0.830388004936	32	23	
9760000	483.014940	1	1.422419774566	0.000337446078	0.552173702030	0.442169750041	36	22	
9770000	471.661249	1	1.381675374657	0.000278394153	0.477414559386	0.865979761096	35	17	
9780000	463.148281	1	1.458326474833	0.000141615367	0.701858349574	1.604783552735	35	14	
9790000	478.854865	1	1.411586908287	0.000189275050	0.634201313059	0.770604183379	35	16	
9800000	480.881171	1	1.438857452689	0.000170731700	0.677288056434	0.861455517102	36	16	
9810000	475.217372	1	1.467751322937	0.000200562963	0.854806524851	1.288998697828	40	14	
9820000	467.430018	1	1.450773390465	0.000145620307	0.671295610825	0.855719635424	37	18	
9830000	493.101811	1	1.426780468034	0.000168565183	0.524618264018	0.840923393053	36	23	
9840000	466.785117	1	1.390274944465	0.000396969233	0.402025501492	0.496148764342	33	10	
9850000	482.513979	1	1.390735446581	0.000244986768	0.561784191270	0.803781282070	47	14	
9860000	478.504307	1	1.491739214192	0.000247814669	0.633391752735	1.181407903351	43	16	
9870000	470.000437	1	1.342711543083	0.000149895685	0.966336896305	0.999129170300	38	15	
9880000	473.308827	1	1.472935788840	0.000200273283	0.418443084505	0.717910155732	22	15	
9890000	473.163362	1	1.474572101016	0.000132745451	1.015171687204	1.270597812114	20	20	
9900000	471.656882	1	1.351637189614	0.000167447710	0.715309244833	0.815127853561	24	17	
9910000	476.008475	1	1.426395175874	0.000192568866	0.408867053777	0.956621219088	34	14	
9920000	486.424289	1	1.359877166524	0.000184734510	0.487949157514	0.756597514945	40	16	
9930000	485.136946	1	1.385073091496	0.000224265226	0.550361254202	0.967266773113	33	9	
9940000	475.210129	1	1.375624890362	0.000171869320	0.606343694226	0.688478183553	35	17	
9950000	478.818317	1	1.356884934604	0.000233566084	0.371179194370	0.521733459008	36	12	
9960000	477.690215	1	1.438979213094	0.000200195263	0.992030812187	0.661239459826	35	11	
9970000	473.346008	1	1.381077714562	0.000243419911	0.653788290955	1.067672402517	25	13	
9980000	484.462770	1	1.404469193964	0.000181435863	0.563459460039	0.834111874912	22	15	
9990000	485.752006	1	1.498791506450	0.000167949940	0.546765015851	0.976298045267	33	16	
10000000	492.963308	1	1.439016667075	0.000140173967	0.593581364968	0.960129862130	34	12	
10010000	478.283326	1	1.386051570749	0.000248313826	0.315042725354	0.528653612331	33	11	
10020000	479.598098	1	1.397024276125	0.000189240829	0.548023698183	0.816650879781	41	12	
10030000	479.921629	1	1.400187194134	0.000188211853	0.476488904802	0.830520944216	34	13	
10040000	480.615080	1	1.385093602878	0.000223172110	0.470934936723	0.907187742453	27	17	
10050000	477.140659	1	1.453770868490	0.000181104463	0.375949135281	1.184486372407	26	12	
10060000	476.766635	1	1.401215747176	0.000176762651	0.383710428516	0.962661527566	27	14	
10070000	470.292661	1	1.452234955968	0.000253109477	0.384200533421	0.682263015886	27	13	
10080000	476.006223	1	1.454418166715	0.000167544277	0.291383056481	0.788020205168	24	19	
10090000	480.032791	1	1.466723417810	0.000142803300	0.976444208046	0.984410733460	33	14	
10100000	467.237929	1	1.468131959983	0.000177379984	0.701983821390	0.893040786380	27	13	
10110000	477.592431	1	1.422650744545	0.000192254305	0.660962865442	1.029621818388	33	14	
10120000	477.252659	1	1.437864463566	0.000215340157	0.763026331808	0.714370908496	40	8	
10130000	476.174126	1	1.510512645276	0.000174152776	0.721069486948	1.087737601835	41	12	
10140000	477.580916	1	1.417405627897	0.000283245718	0.366280736473	0.825371458464	34	21	
10150000	486.185537	1	1.423408853143	0.000193040524	0.702130633156	0.902147031362	30	16	
10160000	476.956664	1	1.395195817825	0.000149539545	0.589729832668	0.772669122432	50	19	
10170000	484.246550	1	1.425310929407	0.000185819825	0.438123415261	0.719337249593	37	18	
10180000	478.859715	1	1.481949657700	0.000265909498	0.428134213314	0.458580635352	23	21	
10190000	481.458292	1	1.453976113662	0.000172313157	0.544496652680	0.854632702292	22	17	
10200000	477.059292	1	1.372379798364	0.000167001613	0.448112810161	0.698565926991	32	12	
10210000	468.891879	1	1.401625984706	0.000193957799	0.484942856494	0.821070469565	29	17	
10220000	478.511586	1	1.454904737414	0.000205259730	0.437777562166	0.581785786487	27	15	
10230000	468.081071	1	1.397677477666	0.000264449271	0.401281254667	0.749875961551	28	9	
10240000	469.175489	1	1.417136985813	0.000184780255	0.677258956929	0.894974211420	28	11	
10250000	475.614157	1	1.433431021434	0.000160393709	0.891978778843	0.943768053083	32	13	
10260000	488.135831	1	1.414768020524	0.000154594143	0.749033842695	0.923607948640	44	17	
10270000	477.100277	1	1.358020892121	0.000220813074	0.499280598645	0.509284047264	42	14	
10280000	469.411477	1	1.440735243946	0.000189986632	0.490470799515	0.820263960288	29	18	
10290000	476.219595	1	1.484290491398	0.000218189722	0.471148435889	0.548912615557	21	18	
10300000	480.224105	1	1.350616520776	0.000172611847	0.729954941845	1.162914042343	24	15	
10310000	469.287867	1	1.502728114849	0.000170063632	0.685713607806	0.917580690870	31	10	
10320000	472.501325	1	1.360053235526	0.000255950031	0.333323233129	0.776136566592	29	10	
10330000	465.588790	1	1.392110967278	0.000149812376	1.148770678580	1.185720689861	31	17	
10340000	476.093140	1	1.386899482541	0.000151696822	0.699124825650	0.839805556910	27	13	
10350000	470.811994	1	1.416942790364	0.000273548755	0.561777813009	1.043027834319	25	15	
10360000	468.180092	1	1.410883365027	0.000257473860	0.601258039264	0.638873246194	36	19	
10370000	454.438020	1	1.345839142681	0.000181696049	0.993067042459	0.940172588576	34	17	
10380000	474.057708	1	1.474131715967	0.000157176131	0.725508187402	0.880878074190	33	15	
10390000	470.704075	1	1.401781742504	0.000165288114	1.165471876315	1.470257105818	31	15	
10400000	475.624647	1	1.409297042226	0.000173002766	1.036510127425	1.064703609878	28	15	
10410000	493.162835	1	1.401499524112	0.000211394305	0.585240215873	0.994260492380	28	17	
10420000	477.904628	1	1.440904956494	0.000216455238	0.418907672947	1.158477975943	34	10	
10430000	478.000284	1	1.442020970039	0.000177208438	0.826732751814	0.827235909277	35	14	
10440000	473.908195	1	1.392250053423	0.000191033504	0.598141272533	1.216634025543	29	9	
10450000	480.300787	1	1.433551261495	0.000164709515	0.632815850625	0.845173222950	35	12	
10460000	477.257963	1	1.398511163524	0.000252367379	0.292903398571	0.541544867145	31	9	
10470000	480.518079	1	1.424206899587	0.000083789378	0.532665172018	1.391746454833	31	11	
10480000	480.336302	1	1.434047343538	0.000144130700	0.456316835790	0.744079054710	32	17	
10490000	474.384306	1	1.458747337704	0.000176991895	0.522755215783	0.938613718943	31	18	
10500000	483.413554	1	1.346859324372	0.000146957879	0.852191056357	1.130955097726	34	11	
10510000	470.714987	1	1.421619117594	0.000224417468	0.338561415179	0.676303167408	24	20	
10520000	462.186014	1	1.397587191726	0.000230331244	0.397612735245	0.995203360074	29	15	
10530000	472.543975	1	1.412150479688	0.000192268945	0.461041343868	0.985795174945	28	10	
10540000	479.470500	1	1.402329217664	0.000159895350	0.799077317020	0.839834745192	22	19	
10550000	473.676843	1	1.422495826575	0.000205806556	0.575444786875	0.678323806491	25	15	
10560000	484.906882	1	1.346590493451	0.000179163938	0.888200992517	0.942223066780	39	15	
10570000	483.872394	1	1.376811957776	0.000188388669	0.368490089612	0.781472958120	38	9	
10580000	486.148366	1	1.438475996758	0.000181836760	0.651965316066	0.651500316161	36	10	
10590000	472.573996	1	1.427131901435	0.000181068207	0.682155738751	0.800400807910	39	11	
10600000	472.200424	1	1.353889509278	0.000155046456	0.709456127603	1.107974149628	31	12	
10610000	462.877926	1	1.399034966389	0.000171121287	0.693199489367	1.220591032538	31	16	
10620000	470.782399	1	1.379630153625	0.000175348708	0.534220853682	0.898828467524	35	12	
10630000	489.730119	1	1.406849188581	0.000160541189	0.858414906015	1.313781581719	31	13	
10640000	473.373965	1	1.406029583537	0.000198473438	0.426710401154	0.795922642419	31	13	
10650000	474.587175	1	1.454198579144	0.000223044343	0.518187162465	0.919646811367	32	18	
10660000	478.526291	1	1.371168619358	0.000165661838	0.627784425407	1.032408635161	21	18	
10670000	473.787926	1	1.462489148326	0.000191583927	0.651567211280	0.967248442414	32	12	
10680000	479.317043	1	1.398272408279	0.000163737057	0.991126224396	1.045241039503	41	14	
10690000	477.273562	1	1.497083667025	0.000256397798	0.429331405234	0.661644925126	38	10	
10700000	475.291789	1	1.341913811966	0.000223902078	0.608125517365	0.940479403962	34	13	
10710000	475.730444	1	1.432008666701	0.000146381387	0.675212156770	1.369460739885	44	10	
10720000	485.589458	1	1.458164787562	0.000192302315	0.688764458520	0.979850132860	32	11	
10730000	480.442646	1	1.436682143303	0.000184648896	0.825890114699	0.918349069816	31	11	
10740000	483.903679	1	1.410361423086	0.000163066240	0.647050641636	1.060025545342	26	13	
10750000	465.599952	1	1.395038392575	0.000217834832	0.296592735766	0.804697421906	35	14	
10760000	478.658471	1	1.361542640626	0.000152714469	0.479240209915	0.896326814298	23	9	
10770000	474.404399	1	1.458990808778	0.000205998254	0.454692321974	0.742779806641	21	18	
10780000	482.766145	1	1.424591047901	0.000182745606	0.427324126238	0.841061840262	37	13	
10790000	481.446914	1	1.404648373304	0.000194616706	0.427061704948	0.645984752986	33	11	
10800000	485.400863	1	1.424493123127	0.000139664814	0.637874143684	0.897688333085	29	14	
10810000	466.710130	1	1.472463088282	0.000214764122	0.440838537709	0.691518998083	21	10	
10820000	484.024330	1	1.424630050304	0.000157281511	0.801896251889	0.970081773972	36	17	
10830000	476.324111	1	1.396092504877	0.000173723562	0.568908641942	1.042945892772	38	11	
10840000	475.924944	1	1.434799262949	0.000202555893	0.363146881018	0.619772605199	37	14	
10850000	474.279568	1	1.403806405276	0.000209116773	0.255028023464	0.835993368940	27	16	
10860000	463.140749	1	1.381735990272	0.000187383543	0.501837307701	1.783130879514	29	18	
10870000	469.712245	1	1.547705767800	0.000171532659	0.675440922267	1.165504271503	30	15	
10880000	478.959754	1	1.460570195092	0.000149399344	0.649266350731	0.862900217549	36	16	
10890000	481.570492	1	1.430975127250	0.000175327386	0.593044317447	0.794736436905	45	13	
10900000	484.400811	1	1.415007302819	0.000157603603	0.562325728904	1.169065087563	40	10	
10910000	482.502659	1	1.403449631763	0.000159670206	0.648353290133	1.116991375823	38	16	
10920000	488.513755	1	1.417010225919	0.000168262533	0.550412627064	1.031107570423	29	12	
10930000	493.327810	1	1.418394070247	0.000156623866	0.586886672501	0.872525852399	29	17	
10940000	474.155152	1	1.363740595905	0.000196375502	0.434370111708	0.616035817833	25	22	
10950000	473.775157	1	1.467354614042	0.000150888167	0.629212204716	0.877992154496	35	21	
10960000	486.061402	1	1.420327107351	0.000187872233	0.566705713082	0.795211958662	36	12	
10970000	483.589645	1	1.461721805905	0.000170935263	0.658177984755	0.668062260087	29	12	
10980000	481.808040	1	1.488407123382	0.000209678843	0.502071566938	0.500356232355	29	15	
10990000	470.898756	1	1.355038681707	0.000208687372	0.423695509184	0.868719146255	32	14	
11000000	477.155419	1	1.468061587366	0.000186513708	0.445710050316	0.560556172519	37	14	
11010000	482.032590	1	1.459054300245	0.000157533536	0.930893488561	1.187275221577	35	15	
11020000	479.540701	1	1.473669166236	0.000186859292	0.616485710969	0.660091668981	34	10	
11030000	477.345970	1	1.406749650706	0.000190262656	0.492574121706	0.629195921713	33	18	
11040000	474.111129	1	1.345370380804	0.000211219356	0.547945411678	0.786748655197	28	12	
11050000	467.806369	1	1.524794682746	0.000220527468	0.509454105725	0.649416421555	37	14	
11060000	481.820206	1	1.437787108272	0.000164230835	0.829953133950	0.915553085007	34	15	
11070000	471.817301	1	1.519824112265	0.000145191373	0.721323184024	1.294073737303	34	22	
11080000	475.463670	1	1.492246785566	0.000206557364	0.554327378383	0.678635525286	33	17	
11090000	474.838640	1	1.414194825495	0.000194022016	0.513160393696	0.674793941189	23	16	
11100000	480.681074	1	1.422518356197	0.000168651015	0.675731793912	0.924317762492	36	12	
11110000	474.893807	1	1.430624524170	0.000170672295	0.603333821802	0.653559265080	34	17	
11120000	477.804624	1	1.403234364316	0.000195838630	0.475571643854	0.771488349302	34	17	
11130000	473.545581	1	1.410252521151	0.000164530520	0.904757266124	0.853880642230	40	11	
11140000	462.997115	1	1.540355192009	0.000178922136	0.653630341757	1.419432022025	35	9	
11150000	480.566370	1	1.510439475406	0.000183558546	0.690400882009	0.978476263779	33	14	
11160000	471.924034	1	1.326852136780	0.000197879091	0.643752273466	0.782250644242	34	22	
11170000	472.451424	1	1.459660023110	0.000207953993	0.662336415270	0.881710940456	34	13	
11180000	473.846650	1	1.342857409593	0.000137211440	0.987676745961	1.224156438680	29	14	
11190000	487.972887	1	1.369737758918	0.000155711088	0.672904543321	1.020716447071	26	16	
11200000	486.921046	1	1.421488811465	0.000173155178	0.632058875382	0.800535709532	32	15	
11210000	479.852357	1	1.417669008243	0.000174894997	0.578257928945	0.684242575954	43	11	
11220000	488.678543	1	1.442258442176	0.000179314427	0.356807133127	0.802201603004	33	15	
11230000	471.287968	1	1.464957032669	0.000159941634	0.507284347537	1.191557319206	34	15	
11240000	482.335786	1	1.434332004152	0.000235807485	0.424065197854	0.673845777594	29	15	
11250000	477.842806	1	1.416273325133	0.000157728568	0.575318923563	1.076207549970	29	12	
11260000	470.019102	1	1.405496367454	0.000181460555	0.483993109935	0.556840512903	39	15	
11270000	458.857260	1	1.417623407935	0.000185218524	0.446077150605	0.667618658756	30	16	
11280000	475.881260	1	1.458693924188	0.000187878493	0.303902949562	0.537741017228	34	18	
11290000	471.393700	1	1.451632093656	0.000149872361	0.829396585862	0.858570037419	32	15	
11300000	475.455004	1	1.441846219826	0.000202435578	0.599130576485	0.968594018329	35	20	
11310000	478.837602	1	1.386856743848	0.000193918663	0.833723429552	0.694267331250	36	14	
11320000	467.324848	1	1.435109441947	0.000170096248	0.773196198843	0.874104546866	30	10	
11330000	462.320512	1	1.408454729633	0.000178059092	1.426963952028	1.405716759287	45	17	
11340000	474.923400	1	1.439125592106	0.000234715916	0.511343870333	0.672186583693	35	20	
11350000	477.600982	1	1.436542480106	0.000191903544	0.580075403189	0.876427515467	27	18	
11360000	482.858746	1	1.411956983861	0.000134584213	1.218782428899	1.234482467802	30	12	
11370000	477.246955	1	1.423057939989	0.000170096275	0.807078753725	1.443761240119	39	10	
11380000	482.264885	1	1.416522640090	0.000164331574	0.722542144449	1.095782948987	36	10	
11390000	471.580190	1	1.385780088129	0.000154659975	0.570802630611	1.244886915442	32	16	
11400000	480.363323	1	1.409691931013	0.000193105216	0.551198112113	0.978391244078	26	12	
11410000	473.777706	1	1.496918964598	0.000158775944	0.721073835845	1.451233518445	33	17	
11420000	468.475334	1	1.417263790539	0.000175165463	0.529702001458	1.323917958305	29	15	
11430000	477.691663	1	1.436976011307	0.000207312630	0.443038120971	1.079089282378	25	12	
11440000	475.405973	1	1.444653906282	0.000232139381	1.003230388877	1.098091153827	26	19	
11450000	480.998356	1	1.395094393124	0.000589129281	0.483855022969	0.899826723189	42	12	
11460000	485.619746	1	1.444844606500	0.000315310434	0.980636194584	1.087399905849	26	15	
11470000	480.249889	1	1.453346525322	0.000301795338	0.614832216546	1.265748617145	26	19	
11480000	482.562080	1	1.349496069999	0.000267068270	0.345833965537	0.499031098386	40	19	
11490000	483.019170	1	1.397577048103	0.000194534292	0.600252949795	1.051680371297	40	14	
11500000	487.316797	1	1.479443474824	0.000198562391	0.508116806164	0.717696604323	33	10	
11510000	488.765588	1	1.434850798154	0.000172991305	0.634054202410	1.133949758744	32	14	
11520000	468.185168	1	1.448676638771	0.000222404734	0.416311235442	0.618332615776	31	14	
11530000	479.003755	1	1.431428132783	0.000217679163	0.425178735053	0.445474868576	43	8	
11540000	478.302659	1	1.429082196782	0.000196873958	0.384528708324	0.623193844158	34	18	
11550000	477.982611	1	1.455782576601	0.000249454743	0.475207002580	0.583669050169	28	12	
11560000	477.563237	1	1.381631764794	0.000190851413	0.372391482928	0.608578656281	38	16	
11570000	476.648864	1	1.405753407307	0.000223079442	0.480816379802	1.095490629680	31	12	
11580000	486.776287	1	1.406714397165	0.000203139444	0.452662361249	0.792654960926	34	11	
11590000	487.499036	1	1.430951859110	0.000155797204	0.677560784263	0.813166922549	31	15	
11600000	487.187996	1	1.420387363687	0.000191220063	0.570886939154	1.123420226538	30	5	
11610000	465.166263	1	1.404509070784	0.000168418501	1.011312577758	1.780446366808	38	10	
11620000	478.936776	1	1.377088971794	0.000155278088	0.688292177876	1.276385470755	34	16	
11630000	474.839219	1	1.437841265374	0.000207127098	0.553099536057	0.605064338662	26	18	
11640000	485.214879	1	1.458655107053	0.000146345621	0.510114538341	1.350893997684	43	16	
11650000	475.531330	1	1.394966063230	0.000189187852	0.706239853140	0.913048570960	38	20	
11660000	489.473150	1	1.468794457226	0.000172917431	0.540246878879	0.663862219349	36	17	
11670000	477.638087	1	1.466811707692	0.000228337814	0.424154678251	0.698889448587	17	14	
11680000	465.037519	1	1.377829707876	0.000217239187	0.491385595208	0.756502134667	29	15	
11690000	471.930843	1	1.412635230089	0.000115286250	0.736441693617	1.407582254215	35	18	
11700000	476.407961	1	1.445711623870	0.000126918336	1.078118783732	1.469988960177	37	16	
11710000	478.619564	1	1.422124809218	0.000187241795	0.545238580352	0.682922354577	32	15	
11720000	484.686871	1	1.461851901508	0.000184176336	0.638135520771	0.862060149900	22	21	
11730000	481.214694	1	1.369087728024	0.000221303494	0.571133408488	0.973331310593	34	15	
11740000	474.068256	1	1.455534554744	0.000245812039	0.614614676625	0.905536315782	32	8	
11750000	475.970794	1	1.414063748421	0.000198790075	0.704251343826	0.848846996165	37	12	
11760000	491.729112	1	1.338365791348	0.000144228766	0.698346392657	0.983484993357	36	15	
11770000	475.360899	1	1.432613524679	0.000186760547	0.643951476166	1.229583518794	34	10	
11780000	476.336446	1	1.384476777910	0.000150552858	0.757658641187	0.889845651624	32	16	
11790000	492.492044	1	1.350772668603	0.000165860008	0.672329969688	1.038525012379	36	12	
11800000	472.433986	1	1.439114809999	0.000148853393	0.785942481469	1.743203939330	38	8	
11810000	475.279894	1	1.415391130655	0.000199057221	0.526818998718	1.006155082433	34	10	
11820000	478.281827	1	1.432201205881	0.000215258735	0.610838889896	0.694539932607	39	11	
11830000	478.270179	1	1.391050318632	0.000185579834	0.615962616904	1.001520151160	36	9	
11840000	478.228458	1	1.412189935648	0.000180532021	0.501593734251	0.614603484749	42	21	
11850000	468.888389	1	1.393698049350	0.000198835821	0.610088101259	0.903462058862	34	11	
11860000	476.093652	1	1.453210990861	0.000174128962	0.879237530831	0.919943432365	30	10	
11870000	467.125640	1	1.433198823772	0.000236396074	0.571901068878	0.958562525603	27	11	
11880000	490.530598	1	1.415386175150	0.000158290978	0.464760005362	0.613859070294	41	17	
11890000	498.109513	1	1.431564025762	0.000116282022	0.943424820825	1.083349253492	45	16	
11900000	485.315804	1	1.476938314908	0.000144946170	0.785565113098	1.368548317161	33	11	
11910000	484.792734	1	1.399807742308	0.000173862885	0.686127704939	1.277933381197	30	18	
11920000	477.793813	1	1.406251242049	0.000188688557	0.587555204429	0.633974512904	39	14	
11930000	476.409737	1	1.430421965582	0.000160451153	0.913351116816	0.852485598084	25	17	
11940000	474.020737	1	1.474045904732	0.000189733666	0.639804988708	0.693689172272	24	16	
11950000	478.257328	1	1.411689622699	0.000178348991	0.447163885142	0.697651417742	32	13	
11960000	466.885979	1	1.427314438206	0.000217734401	0.759575074496	1.029685632052	24	11	
11970000	475.759242	1	1.475965725364	0.000239448920	0.362348030140	0.811996432703	34	12	
11980000	470.607216	1	1.434737353021	0.000209439840	0.495018188766	0.895039411895	20	14	
11990000	471.965347	1	1.479154867393	0.000204525266	0.554639931105	0.630869336995	26	17	
12000000	478.778640	1	1.456110448077	0.000205966198	0.502525633865	0.904940431751	28	16	
12010000	476.745233	1	1.431077480677	0.000161935564	0.497615012460	1.543613080531	32	12	
12020000	473.353201	1	1.412449009557	0.000187197627	0.501154592592	0.579730852102	34	18	
12030000	460.966089	1	1.396523551958	0.000256872428	0.321245113385	0.608551097660	31	14	
12040000	483.957535	1	1.422569571621	0.000173663472	0.624918664834	0.925916951194	26	18	
12050000	481.747218	1	1.471302205975	0.000191645085	0.671537998818	0.778879351368	30	14	
12060000	479.681890	1	1.384595863442	0.000225111252	0.474455827013	0.690174059390	33	11	
12070000	480.845554	1	1.323213449228	0.000160262596	0.900314668636	1.301887390939	29	10	
12080000	468.242909	1	1.411048025859	0.000256370888	0.560377078603	0.742244410734	24	14	
12090000	467.479134	1	1.414944615701	0.000238174796	0.375215455521	0.982887186786	23	8	
12100000	466.811946	1	1.460932499694	0.000204475604	0.571088494148	0.990153045600	36	9	
12110000	469.914621	1	1.516810317282	0.000223798982	0.464311353431	0.784887761106	45	10	
12120000	491.692651	1	1.400366967674	0.000169016226	0.534180394005	1.076562943595	42	9	
12130000	480.413639	1	1.432147026999	0.000211033660	0.522325925420	0.836168393421	43	12	
12140000	475.806932	1	1.436498989710	0.000183210078	0.725495138555	0.961949634318	35	17	
12150000	480.940136	1	1.374301065455	0.000171121656	0.673288223182	1.162364990819	37	14	
12160000	467.842296	1	1.449562444851	0.000164861703	0.843671084858	1.512747811860	24	16	
12170000	482.136819	1	1.426960204072	0.000214156032	0.480813856536	0.489268069492	20	15	
12180000	482.602058	1	1.450831161248	0.000169283233	0.480603565423	1.129750485946	29	18	
12190000	476.315265	1	1.442336942217	0.000216084654	0.455343723288	0.650036984766	33	21	
12200000	481.904705	1	1.439387228006	0.000218175868	0.571074016286	0.699937082999	24	11	
12210000	480.088531	1	1.445110176408	0.000226484690	0.291750898898	0.983926073076	32	15	
12220000	475.480904	1	1.406305460942	0.000140888716	0.834942176053	1.618262763178	27	13	
12230000	474.943788	1	1.461790745135	0.000137045896	0.814680158056	1.422615823315	42	17	
12240000	482.829636	1	1.432046920115	0.000175823317	0.677659946951	0.880439459324	35	18	
12250000	488.560320	1	1.400317736769	0.000141803004	0.893178366447	0.970594982433	38	12	
12260000	481.138537	1	1.387900102886	0.000124814754	1.028240974782	1.542725612196	44	12	
12270000	482.003748	1	1.419971280609	0.000195259295	0.558267144854	0.788928383260	36	14	
12280000	484.523796	1	1.413979287700	0.000201039090	0.522674558046	0.695069850033	36	12	
12290000	468.123675	1	1.371012883397	0.000214934092	0.539366258511	0.590233628355	29	14	
12300000	466.301884	1	1.352591220426	0.000226560363	0.589728782486	0.882873224704	26	14	
12310000	485.676246	1	1.410643995630	0.000221271367	0.483621109574	1.065376976468	33	12	
12320000	475.085570	1	1.446912066862	0.000182533294	0.647920261137	1.090964537301	38	18	
12330000	485.912109	1	1.454973494390	0.000211675405	0.387203302056	0.437238239354	33	26	
12340000	473.353299	1	1.471562895140	0.000135581191	0.868089265495	1.314247882689	23	22	
12350000	472.795170	1	1.416496412703	0.000179715077	0.796664326490	1.122538093430	37	11	
12360000	469.787266	1	1.456029758126	0.000222733685	0.632378222374	0.768243161615	27	15	
12370000	484.027040	1	1.387684250981	0.000227306338	0.471566065099	0.771932208568	26	13	
12380000	483.405373	1	1.386134753545	0.000182052268	0.578172326759	0.797950533579	30	20	
12390000	470.443230	1	1.433788765060	0.000295479073	0.342387356440	0.935699125441	35	16	
12400000	484.720812	1	1.398325267939	0.000176006297	0.718899754648	0.738059924948	35	16	
12410000	480.310760	1	1.460644862422	0.000224046493	0.605098188239	0.902529356896	25	13	
12420000	485.591508	1	1.405469618908	0.000152394628	0.755051274673	0.980917064954	29	15	
12430000	468.497729	1	1.359907833412	0.000189843360	0.494224757920	0.793085025425	32	11	
12440000	474.581347	1	1.399291528982	0.000209017431	0.661347814725	0.728218662443	24	15	
12450000	482.770957	1	1.350697440374	0.000149660010	0.872895059181	0.926740151822	28	16	
12460000	473.919058	1	1.360675478434	0.000220485281	0.552384667099	0.643047840613	33	10	
12470000	467.038630	1	1.431276925325	0.000195083823	0.475790257883	1.491673318401	30	15	
12480000	485.351680	1	1.406636278376	0.000186180532	0.358579225405	0.908247024741	34	12	
12490000	468.823816	1	1.456045904178	0.000227639203	0.417870903503	0.535618299108	35	7	
12500000	465.177743	1	1.468565318677	0.000233150519	0.556307503439	0.682479098885	26	11	
12510000	448.507799	1	1.320723957617	0.000187952934	0.935134859865	1.010595332137	32	13	
12520000	470.561911	1	1.328963476891	0.000216226904	0.552871972502	0.815814315861	23	13	
12530000	474.680305	1	1.401856350345	0.000204415521	0.528279066283	0.593356415584	35	19	
12540000	468.018423	1	1.457412588922	0.000190443832	1.177134151433	0.958345646416	19	18	
12550000	477.600525	1	1.392624786402	0.000187040739	0.510526767073	0.932903357860	28	13	
12560000	475.623090	1	1.431357391571	0.000188286255	0.436264454591	0.913049370047	33	19	
12570000	483.225812	1	1.382747799476	0.000193266308	0.509547716537	1.161261924525	31	14	
12580000	478.344408	1	1.411728145263	0.000207235542	0.593453375028	0.690008850399	28	13	
12590000	476.056043	1	1.409209490000	0.000231633144	0.563003586014	0.531170537343	29	17	
12600000	468.010368	1	1.429892592904	0.000181378291	0.431924266421	0.719521937856	44	15	
12610000	475.010559	1	1.442010740329	0.000188133926	0.806704646562	1.012099772587	30	11	
12620000	480.697124	1	1.411802020187	0.000148351731	0.941435532094	0.993220915233	35	20	
12630000	483.002791	1	1.470334916134	0.000140324790	0.643288236225	0.616659988047	26	29	
12640000	486.096308	1	1.463284382195	0.000164329888	0.751353423007	1.055070853291	28	18	
12650000	482.947354	1	1.520759677176	0.000130590751	0.749808466042	0.990342604149	27	20	
12660000	467.419342	1	1.290677768285	0.000183070987	0.464838321390	0.847196742673	32	9	
12670000	468.841475	1	1.357434329120	0.000255922998	0.484006561791	0.737302014441	22	11	
12680000	469.553364	1	1.443486128682	0.000263547514	0.386934341563	0.683189978745	31	12	
12690000	485.595662	1	1.470838486460	0.000135667362	0.450885398374	0.981245689569	39	9	
12700000	480.700332	1	1.437266713842	0.000118462113	0.487859537517	1.152397175569	36	13	
12710000	475.996736	1	1.422728967258	0.000146172484	0.438131030066	0.816140340265	34	18	
12720000	476.503759	1	1.468624735838	0.000158086111	0.479029076639	1.254603768421	33	17	
12730000	472.360691	1	1.457018678523	0.000196370749	0.373312158349	0.887951674227	27	17	
12740000	472.001708	1	1.393673419961	0.000190122060	0.594534887218	1.071789111764	32	13	
12750000	483.627649	1	1.430792288456	0.000158962724	0.749933840236	0.840850063019	30	26	
12760000	469.486794	1	1.505939057242	0.000183116617	0.979403725875	1.020018091450	34	14	
12770000	475.454982	1	1.430101307218	0.000201321350	0.870710359841	0.649374439620	26	14	
12780000	481.033361	1	1.442147652404	0.000222740841	0.435167367109	0.875846408766	33	12	
12790000	486.570835	1	1.458710791622	0.000179510084	0.665145331377	1.245515093356	32	7	
12800000	483.661483	1	1.421572096006	0.000190588081	0.688827690881	0.667396469346	30	15	
12810000	479.487621	1	1.437201687152	0.000202543859	0.627447982047	0.712965930899	43	15	
12820000	474.497721	1	1.468026132799	0.000144609520	0.425694730762	0.672939807256	42	19	
12830000	480.448284	1	1.392180487408	0.000223265138	0.524864541330	0.771694396737	38	18	
12840000	481.723145	1	1.458159125765	0.000183185771	0.399665344659	0.625336201455	37	15	
12850000	474.533904	1	1.447409509081	0.000166818593	0.890811897137	0.996339524777	30	14	
12860000	468.645415	1	1.426156441152	0.000163438074	0.684183600825	0.771067446157	33	19	
12870000	461.406228	1	1.346354158189	0.000205148879	0.394754208596	0.643102485502	30	11	
12880000	474.780995	1	1.366019384390	0.000164224594	0.386583877967	0.868879771384	35	13	
12890000	468.428224	1	1.468823525492	0.000144625299	0.738813928972	1.151687484744	40	11	
12900000	479.093384	1	1.401901063997	0.000176386876	0.422899027778	0.625811237232	33	12	
12910000	480.591473	1	1.435152318527	0.000200876412	0.470594353231	0.608751516541	27	22	
12920000	498.410902	1	1.432857493295	0.000182926024	0.550775563255	0.786914886747	37	10	
12930000	483.738910	1	1.410883708950	0.000181867073	0.475165421494	0.714453189428	41	9	
12940000	479.408081	1	1.424067392378	0.000195268308	0.680547554341	0.687542146927	30	17	
12950000	485.601315	1	1.432647662152	0.000254739567	0.447375457930	0.549881321827	33	12	
12960000	481.485350	1	1.409629904995	0.000192367514	0.466873200472	0.920261764565	30	9	
12970000	473.803865	1	1.434658051194	0.000194194153	0.588114500838	0.957826374230	27	13	
12980000	475.730788	1	1.417992971712	0.000176175424	0.447104835586	1.471573540914	26	19	
12990000	483.504800	1	1.399829619498	0.000190061826	0.665096282596	0.611496151791	33	16	
13000000	471.160420	1	1.395469954924	0.000194866221	0.694423109709	1.008605214031	36	13	
13010000	481.920863	1	1.401970941993	0.000222770432	0.479057321831	0.809023564540	27	17	
13020000	477.598246	1	1.445076285215	0.000205523454	0.620802150710	0.695043080772	36	8	
13030000	478.761417	1	1.406924702851	0.000170436778	0.801719830705	0.582554032843	30	15	
13040000	468.869873	1	1.417077520278	0.000212633704	0.505007187164	0.833474500407	35	14	
13050000	475.047798	1	1.355240225953	0.000210350464	0.514551890996	0.929007923990	32	17	
13060000	480.252802	1	1.397184832305	0.000188086383	0.652685820934	0.726063800399	25	19	
13070000	481.906472	1	1.411085875564	0.000152582249	0.689965760817	0.627832849339	34	15	
13080000	480.705656	1	1.434394266306	0.000168531729	0.451515022004	0.851778446883	42	13	
13090000	470.782807	1	1.457279454744	0.000188979577	0.703603064325	1.181149414812	35	13	
13100000	471.070953	1	1.339643371930	0.000199601087	0.425358901331	0.773582013103	30	10	
13110000	477.974980	1	1.468077690745	0.000246860724	0.454075115012	0.653188447064	39	9	
13120000	461.558709	1	1.436088187949	0.000201389027	0.528456770338	0.841743042729	24	14	
13130000	488.961583	1	1.447881894481	0.000189335929	0.826260601593	0.960983072935	36	7	
13140000	469.578929	1	1.364014605280	0.000148531337	0.794184206720	1.790174676933	31	15	
13150000	463.071357	1	1.400437173484	0.000205770586	1.312537944634	1.506430486902	30	9	
13160000	495.986441	1	1.420296546085	0.000152611674	0.577242633841	1.085945356230	25	17	
13170000	483.840646	1	1.432078241813	0.000170600569	0.490578042421	0.951163180733	44	19	
13180000	475.533747	1	1.487031629886	0.000184468570	0.714803164431	1.100284565796	23	11	
13190000	454.485604	1	1.382871838897	0.000255410892	0.495698123153	0.659792440653	32	13	
13200000	474.191305	1	1.395631835804	0.000216926049	0.454719855908	0.469084955032	23	19	
13210000	484.357250	1	1.397164141756	0.000176423551	0.348542130951	0.857397950636	25	6	
13220000	481.083992	1	1.470258968083	0.000208431519	0.466891580734	0.680341617581	31	13	
13230000	472.725116	1	1.451017381321	0.000180982849	0.642091379760	0.890088862324	30	13	
13240000	488.589764	1	1.428939989225	0.000167250969	0.610576058518	0.891436346612	34	16	
13250000	479.162103	1	1.437136657759	0.000156352768	0.761519047980	1.116848668699	39	16	
13260000	468.016891	1	1.358291467742	0.000162708116	0.608045548123	0.899908451119	33	17	
13270000	478.577872	1	1.390464522727	0.000166567839	0.843329270660	0.682760040411	27	15	
13280000	458.888595	1	1.456017072804	0.000160407550	0.829923785917	0.864789278846	32	19	
13290000	472.840939	1	1.397767025725	0.000175516942	0.434682436365	0.820707993052	39	21	
13300000	480.277030	1	1.409655932817	0.000181207244	0.493873118724	1.038609176850	38	13	
13310000	476.039262	1	1.353903293863	0.000286555998	0.310051304578	0.504090904805	45	15	
13320000	482.335838	1	1.439555075905	0.000214013445	0.427807109855	0.851262140989	54	14	
13330000	462.516411	1	1.352859348472	0.000231343449	0.605471746738	0.869701730631	27	17	
13340000	481.011773	1	1.421338388641	0.000178219732	0.825950778060	0.917817781962	24	11	
13350000	470.857753	1	1.569454024150	0.000248517374	0.652489285280	0.608861356707	33	10	
13360000	470.640094	1	1.391722525054	0.000163946876	1.093438601094	1.235677568601	34	9	
13370000	488.126495	1	1.401768383135	0.000155096713	0.829903954017	1.430092975402	32	13	
13380000	462.115706	1	1.376835960816	0.000178487191	0.761623504560	1.648866274943	30	14	
13390000	474.142423	1	1.362797185186	0.000231186111	0.662879831068	0.702491120005	26	14	
13400000	478.915164	1	1.413450897584	0.000170277032	0.633357500595	0.702705763852	33	16	
13410000	476.376797	1	1.420499377787	0.000174436514	0.559830189764	0.738108473314	43	14	
13420000	487.205935	1	1.477484010793	0.000153581389	0.778119134147	1.079753957498	27	19	
13430000	485.671677	1	1.379042740747	0.000126436611	0.652835855487	0.781990323058	36	20	
13440000	469.222532	1	1.514531393003	0.000205516614	0.702936745835	1.095139460360	28	14	
13450000	478.970581	1	1.426634199734	0.000182515606	0.502104525399	0.872995914623	33	14	
13460000	477.364476	1	1.411278229766	0.000177560302	0.897657823081	0.918839195909	31	9	
13470000	488.248228	1	1.378355129906	0.000156059379	0.630142392910	1.259873410333	29	9	
13480000	487.957396	1	1.394897180340	0.000226866721	0.505643253127	0.627392239064	35	7	
13490000	477.002753	1	1.378901511696	0.000172818396	0.752619700646	1.236242531612	32	12	
13500000	475.094978	1	1.431160053191	0.000146515901	0.881116759413	1.052335550475	44	13	
13510000	480.232809	1	1.431189242441	0.000173563274	0.743878905524	1.136030419221	30	12	
13520000	486.984718	1	1.379213124601	0.000152424207	0.756102942909	0.915717576443	37	15	
13530000	479.247133	1	1.425608827117	0.000177084008	0.706709683331	0.897433395383	34	13	
13540000	472.669897	1	1.521713452205	0.000232121163	0.469998172812	0.670408700692	32	12	
13550000	477.494266	1	1.455138295628	0.000213428616	0.620768168853	1.025917647063	27	14	
13560000	483.416127	1	1.380087662051	0.000316894249	0.304822670101	0.598864823491	38	12	
13570000	481.725695	1	1.373729366621	0.000160283746	0.490044921508	0.842450886240	35	20	
13580000	476.438221	1	1.435792588239	0.000226258060	0.437369823678	0.645008525762	36	15	
13590000	482.051838	1	1.507552105874	0.000186920708	0.507893250215	0.927849013917	33	16	
13600000	477.072848	1	1.464821038474	0.000177554364	0.549901711316	0.974457921241	32	14	
13610000	474.561416	1	1.429095731217	0.000222802650	0.599629657455	1.022220611716	31	13	
13620000	472.880227	1	1.444427935038	0.000182874231	0.444248590583	1.021764742409	32	17	
13630000	476.715393	1	1.383239316802	0.000208440728	0.478295683670	0.825187568095	22	14	
13640000	480.655745	1	1.423785020430	0.000198083420	0.392653819975	0.675154955125	31	17	
13650000	479.287846	1	1.423133208383	0.000185134608	0.495204224093	0.807338729084	35	17	
13660000	483.202945	1	1.431176713422	0.000194643931	0.417494419860	0.886212180705	36	17	
13670000	480.204083	1	1.408328017829	0.000209874175	0.587350742901	1.019089367019	34	15	
13680000	478.114275	1	1.415882862447	0.000141248300	0.854017188885	1.109028704264	37	13	
13690000	476.824282	1	1.429677170011	0.000173956566	0.602547716273	1.237861909477	33	22	
13700000	472.741697	1	1.428630973234	0.000209966293	0.354765095261	0.777777779757	40	14	
13710000	483.607556	1	1.411379998000	0.000191750537	0.535902546986	0.769969349307	27	13	
13720000	487.869419	1	1.375403336964	0.000166374203	0.630180459445	0.822313300299	35	9	
13730000	473.678117	1	1.425030039890	0.000141805372	0.759572549703	1.354956093354	31	15	
13740000	478.611440	1	1.437114138897	0.000163857625	0.734724656189	0.882244225300	34	11	
13750000	476.758607	1	1.388289534880	0.000201710451	0.609009191452	0.979909670828	31	17	
13760000	478.473765	1	1.464894235291	0.000138627007	0.956220223137	1.400176553764	29	17	
13770000	483.905948	1	1.431815595944	0.000194100095	0.511758613181	0.462212386568	45	12	
13780000	479.918077	1	1.483292741694	0.000230655260	0.522361171577	0.588637058464	38	12	
13790000	470.484219	1	1.400221327126	0.000164851910	0.816260806654	0.809801080273	38	17	
13800000	473.765696	1	1.413053388571	0.000220458983	0.463782010442	0.607752142952	28	13	
13810000	480.026550	1	1.448501612312	0.000159649195	0.604216017125	0.830509568100	36	12	
13820000	473.577564	1	1.353234364842	0.000265405082	0.511346329041	0.709496625311	29	13	
13830000	481.883681	1	1.401378961904	0.000165370226	0.616957893915	0.805127852943	36	15	
13840000	471.797755	1	1.438926383096	0.000263224983	0.360275798657	0.627887344607	23	16	
13850000	477.374826	1	1.370313664076	0.000189872477	0.379615874636	0.965269465650	26	15	
13860000	466.527452	1	1.462950088714	0.000207145990	0.891527177913	0.988646691330	24	16	
13870000	476.425302	1	1.368584690866	0.000165665485	0.608029737575	1.404120184468	27	12	
13880000	462.327734	1	1.402121664643	0.000209569150	0.690858789547	1.002287349002	28	13	
13890000	469.569824	1	1.347592518730	0.000201619254	0.755760437488	0.624230499963	28	15	
13900000	473.129812	1	1.393113335469	0.000187868230	0.677024707883	0.830193329694	28	17	
13910000	479.067632	1	1.348199125632	0.000209959336	0.598359390689	0.614825629844	28	16	
13920000	468.413101	1	1.393149784543	0.000193624313	0.567060511204	1.353731270377	31	10	
13930000	479.973290	1	1.402335660358	0.000194233485	0.807642279520	0.901014800932	29	10	
13940000	483.621149	1	1.461193319530	0.000142983433	0.994626893612	1.267445154020	38	12	
13950000	485.028105	1	1.416663182470	0.000222486885	0.377088331156	0.947492527494	41	11	
13960000	492.403113	1	1.388116439250	0.000168232960	0.694335162382	0.801025525416	34	14	
13970000	476.813926	1	1.449119076283	0.000170536678	0.685187564422	0.925392842339	25	23	
13980000	467.435528	1	1.402637971858	0.000164050332	0.726621459776	1.166614972969	36	21	
13990000	479.441786	1	1.389060233600	0.000236870508	0.376588777028	0.471370669254	26	12	
14000000	482.954718	1	1.425679494711	0.000171341484	0.908904210027	0.608469008728	28	20	
14010000	467.584522	1	1.340379265039	0.000258435057	0.395635295632	0.729566583889	25	13	
14020000	465.383000	1	1.519949581875	0.000208096403	0.488832019309	0.909041445229	32	8	
14030000	488.025488	1	1.401158357393	0.000135633862	0.911351334492	1.104509639482	34	14	
14040000	480.839286	1	1.459431191043	0.000188388502	0.766036983155	0.818742059190	31	18	
14050000	482.488706	1	1.422516729851	0.000181244532	0.886932234404	0.997344627404	27	14	
14060000	462.293100	1	1.338808413491	0.000254593177	0.528747618150	0.761743025362	31	9	
14070000	477.188883	1	1.364710118416	0.000224884820	0.566174746714	1.027438495540	41	15	
14080000	464.431486	1	1.406641830617	0.000204402195	0.630287080986	1.011223048709	36	17	
14090000	482.602423	1	1.366044367562	0.000159934689	0.553796604550	0.875282979256	33	14	
14100000	473.152735	1	1.471872508047	0.000229385078	0.454130859270	0.939581026668	37	9	
14110000	478.016686	1	1.442501206635	0.000159645266	0.705945287443	0.981011082379	31	12	
14120000	467.376391	1	1.438600459323	0.000258051984	0.402882565115	0.600147113361	37	8	
14130000	461.446999	1	1.496536885537	0.000140843227	0.829238944996	1.259226432967	36	13	
14140000	474.939707	1	1.409030197929	0.000191140119	1.008099728993	0.886049747470	26	16	
14150000	477.898435	1	1.467671444203	0.000194640102	0.579979158998	0.709721557684	33	18	
14160000	481.511476	1	1.391303464872	0.000182821162	0.491394821587	1.169722204445	33	13	
14170000	474.897368	1	1.408302590924	0.000139882684	1.040760059604	1.073925351697	33	15	
14180000	487.804069	1	1.406241234833	0.000140828634	0.885790181730	1.366302798452	30	18	
14190000	474.905910	1	1.492504695084	0.000206827264	0.510504033415	0.725728815431	28	17	
14200000	481.472103	1	1.461988427476	0.000179962074	0.469661875149	0.717162151182	32	20	
14210000	484.357046	1	1.430046706622	0.000207760770	0.677338638430	0.634520954227	31	16	
14220000	490.023095	1	1.419405245309	0.000213471728	0.477899581579	0.754474470978	40	14	
14230000	490.410058	1	1.438700941310	0.000189568025	0.525878644453	0.569585656793	25	20	
14240000	475.342879	1	1.402292673093	0.000180469458	0.711870231341	0.897151545184	30	13	
14250000	473.979286	1	1.401033888034	0.000222626383	0.561242269299	0.660769288675	31	11	
14260000	460.607736	1	1.476094313409	0.000202909573	0.626332455986	1.181643533118	20	16	
14270000	479.672367	1	1.471863934674	0.000202049772	0.589053713713	0.869602818304	27	17	
14280000	460.792222	1	1.450728156385	0.000192966812	0.470194382527	1.015861953337	28	17	
14290000	481.210020	1	1.416508701554	0.000177561653	0.579940407401	0.665777250761	34	17	
14300000	483.060603	1	1.466968217090	0.000183655417	0.476821459048	0.807953968725	35	10	
14310000	479.515645	1	1.434085388354	0.000250784828	0.366966913335	0.511028283358	34	19	
14320000	483.615277	1	1.384347845241	0.000181489201	0.648683368509	0.838059874309	29	15	
14330000	479.359599	1	1.414469186479	0.000165188512	0.543312036703	0.771802883517	33	14	
14340000	471.473448	1	1.403752123627	0.000202206651	0.503235223210	0.961629398504	29	15	
14350000	484.097145	1	1.477218039092	0.000194757551	0.657116384557	0.688773112260	37	16	
14360000	495.005539	1	1.430213480847	0.000177023922	0.531315655737	0.843447058295	36	16	
14370000	471.636028	1	1.380564464832	0.000162501231	0.729647757812	0.953087845614	35	15	
14380000	485.536606	1	1.411097420826	0.000184999757	0.681642659985	0.910198988762	45	19	
14390000	482.334906	1	1.385333068798	0.000197016373	0.426692485921	0.753660138320	37	13	
14400000	472.525311	1	1.433680865774	0.000200935345	0.542735805812	0.991215648785	30	14	
14410000	479.378437	1	1.468384735765	0.000177017797	0.684127928636	1.181268896783	25	14	
14420000	475.053361	1	1.446573216471	0.000213539850	0.566777955039	0.919324548251	43	13	
14430000	477.374498	1	1.347665657141	0.000183529421	0.637373737004	1.320267233984	32	16	
14440000	473.149675	1	1.457553779455	0.000158978164	0.574207523983	0.836118847687	31	13	
14450000	478.608340	1	1.459536458154	0.000161941063	0.523814472499	0.732018864711	39	14	
14460000	485.040571	1	1.462212284168	0.000222164597	0.323118415071	0.585983307862	36	12	
14470000	479.726095	1	1.406782649473	0.000154739413	0.594467860535	0.641915440798	39	15	
14480000	478.116764	1	1.431606753804	0.000196953484	0.695826956277	0.957311391814	37	8	
14490000	486.265484	1	1.418533042132	0.000169802045	0.610854759140	0.757619112803	31	20	
14500000	476.117560	1	1.398933070978	0.000173553485	0.874142773793	0.885318320751	28	14	
14510000	477.096826	1	1.400600798917	0.000146165954	0.989630582646	1.169897904282	40	13	
14520000	485.520910	1	1.414931020616	0.000146753107	0.950608846842	1.021892262960	36	10	
14530000	477.784660	1	1.482772454827	0.000175693656	0.569030252511	1.007248892224	29	16	
14540000	459.701596	1	1.401070702684	0.000220265269	0.424725295837	0.963705986826	36	13	
14550000	488.234463	1	1.373961166982	0.000172574211	0.362313253939	0.969036629251	33	12	
14560000	477.295456	1	1.413539899858	0.000165188052	0.806305804378	1.043564202461	34	11	
14570000	488.750766	1	1.445557691835	0.000184903616	0.543237744081	0.550478775494	39	23	
14580000	470.979818	1	1.447822078654	0.000205274325	0.625828004788	0.510135290650	37	13	
14590000	489.150379	1	1.428360776192	0.000183377230	0.420852126206	0.728010112045	30	17	
14600000	485.516597	1	1.417300405990	0.000187668534	0.599972657937	0.642701563456	33	15	
14610000	494.524963	1	1.332096328945	0.000205114213	0.444654282704	0.889832189386	35	13	
14620000	486.126181	1	1.439386438824	0.000186095163	0.766028410271	0.941941310172	37	12	
14630000	471.520784	1	1.404351157827	0.000191664429	0.682950653999	1.088678178352	26	9	
14640000	474.769710	1	1.424220496698	0.000156603305	0.620844158366	1.147025128278	28	10	
14650000	472.722468	1	1.380064292446	0.000153525331	1.146576487425	1.147535581802	37	20	
14660000	473.400511	1	1.448985083963	0.000228941736	0.573397287529	0.589950266929	36	11	
14670000	482.292283	1	1.392406624669	0.000159281983	0.718025137500	1.120292057259	42	16	
14680000	473.804742	1	1.489029410936	0.000246887357	0.362995174384	0.508489437914	25	22	
14690000	467.785884	1	1.351805966819	0.000214727767	0.735167728527	0.641895347442	28	23	
14700000	480.531485	1	1.434612435181	0.000213759669	0.424823542554	0.633267709489	21	18	
14710000	462.632752	1	1.362824733726	0.000226322944	0.428249569068	0.709238325443	42	13	
14720000	477.838350	1	1.419053937451	0.000177468819	0.690814537699	0.734625221371	50	12	
14730000	475.713101	1	1.428201079307	0.000188364587	0.423204984573	0.841869773772	36	14	
14740000	473.424565	1	1.378973681981	0.000205651389	0.524636515388	0.884727196492	24	11	
14750000	475.730969	1	1.372197836177	0.000199030321	0.554572703519	0.939484890863	32	15	
14760000	477.152311	1	1.438102893243	0.000200163387	0.542940779916	0.764295532158	36	18	
14770000	473.401235	1	1.523515645507	0.000221380729	0.547975089786	1.166838460636	43	11	
14780000	473.601385	1	1.446842582778	0.000239596745	0.564762722020	1.023495578932	24	9	
14790000	470.834545	1	1.349576359716	0.000206690185	0.487674474921	0.736630048894	22	12	
14800000	479.647577	1	1.381515328826	0.000167173251	0.964570071834	1.108073116503	27	13	
14810000	468.445155	1	1.446576512509	0.000199732065	0.675096909399	0.802621759598	32	14	
14820000	480.174715	1	1.387081551338	0.000165647314	0.595978658305	0.815909091943	24	14	
14830000	484.387549	1	1.421168467127	0.000181234985	0.712483507827	1.236565029860	38	10	
14840000	477.387829	1	1.471627201011	0.000200569264	0.568564852176	0.823629717541	29	12	
14850000	482.079447	1	1.453056474190	0.000181273113	0.618937434023	0.710719531547	29	9	
14860000	476.201121	1	1.393829623170	0.000176647111	0.921834306967	1.208785018965	32	12	
14870000	478.263318	1	1.382931504270	0.000216308598	0.457218876116	0.685959863398	37	14	
14880000	484.918520	1	1.449214158232	0.000196327318	0.569519327714	0.916508816254	33	16	
14890000	483.727949	1	1.392590839519	0.000161154968	0.655807925408	0.863640605892	32	23	
14900000	470.143170	1	1.401960463473	0.000233352039	0.534644848202	0.809664495548	29	14	
14910000	464.814814	1	1.442374407926	0.000190211666	0.773218183681	0.893581589134	36	20	
14920000	471.801349	1	1.379737270272	0.000176954524	0.887197292340	0.831963965294	40	16	
14930000	463.836148	1	1.421663646157	0.000178978277	0.671149868979	0.923984350793	48	16	
14940000	489.730740	1	1.355654164093	0.000150008371	0.634740118371	0.914804848331	33	20	
14950000	463.324984	1	1.399633511991	0.000227073905	0.745113767316	0.830375461964	34	9	
14960000	465.695492	1	1.415096185303	0.000215134476	0.534010059645	0.904603573547	35	13	
14970000	470.599171	1	1.449466854185	0.000220556587	0.526549878354	0.918406204704	31	12	
14980000	475.719736	1	1.379514062429	0.000160965577	0.562295107878	1.169567372811	34	16	
14990000	476.269420	1	1.408051130323	0.000171784907	0.596490139227	0.821262797089	41	21	
15000000	481.254872	1	1.430887720269	0.000212450724	0.509484573123	0.766766650534	42	15	
15010000	477.273916	1	1.393970909221	0.000173067104	0.635149449448	0.847050159557	33	14	
15020000	472.634636	1	1.392645437652	0.000242941326	0.444786427685	0.888996997142	22	9	
15030000	486.731162	1	1.451830208770	0.000193048564	0.541072258022	0.703802765507	28	17	
15040000	480.138129	1	1.450351740704	0.000172234974	0.667831811231	1.079808034337	31	17	
15050000	483.491548	1	1.457181666431	0.000220012061	0.387064417252	0.695737367509	22	13	
15060000	458.565327	1	1.498423925214	0.000204327128	0.652461024819	1.218681284597	32	15	
15070000	473.800461	1	1.450127249448	0.000197158503	0.642754826486	1.101476434265	25	17	
15080000	478.992744	1	1.483131437959	0.000132828362	0.687714359302	1.194064868093	34	16	
15090000	481.729994	1	1.410222901728	0.000212948509	0.616611903684	0.730459843019	35	14	
15100000	474.950075	1	1.406992114352	0.000218071292	0.414575681386	0.897844488185	36	12	
15110000	475.181852	1	1.450607456259	0.000259133428	0.475625824180	0.835438889970	32	9	
15120000	479.509420	1	1.428194940938	0.000167757581	0.616554275819	1.362164656309	33	13	
15130000	475.103550	1	1.421887429612	0.000174720260	0.669378571580	1.046201361027	33	12	
15140000	469.828385	1	1.384442939379	0.000267540718	0.456284128999	0.805571988289	30	14	
15150000	467.204916	1	1.389149216696	0.000212060065	0.439847456093	0.826248393253	36	10	
15160000	479.747346	1	1.445097709415	0.000171235042	0.629799257199	0.956454873847	39	14	
15170000	484.646995	1	1.409000992964	0.000186699023	0.481510010711	0.642411461659	41	14	
15180000	477.215226	1	1.410184526222	0.000186172027	0.263851053834	0.961344812705	33	12	
15190000	464.141243	1	1.366754911273	0.000254278699	0.594447143325	0.768042756392	32	13	
15200000	483.337639	1	1.521818464127	0.000192450228	0.579859581433	0.864581543857	30	14	
15210000	484.586557	1	1.379622766981	0.000167361992	0.576995220301	0.912531090275	39	15	
15220000	469.334168	1	1.416259044277	0.000200522376	0.910211105104	1.483923707038	35	12	
15230000	475.467494	1	1.473002356251	0.000230479953	0.461919825483	0.810821015315	30	13	
15240000	479.583697	1	1.389512624031	0.000199327790	0.762087715783	0.821530555049	29	11	
15250000	477.757130	1	1.369088177734	0.000161012550	0.661970134578	1.242539044818	34	13	
15260000	470.613310	1	1.392130748534	0.000137624376	0.912937914047	0.996640959690	29	15	
15270000	487.095239	1	1.411687480211	0.000187854957	0.575237619691	1.075411067992	37	13	
15280000	492.842434	1	1.474626012759	0.000149184562	0.717909683745	1.035064382937	38	10	
15290000	477.657025	1	1.422535963484	0.000182959030	0.397443159507	1.192050645853	27	15	
15300000	465.631181	1	1.417086336626	0.000164109956	0.708927438073	1.203480795620	38	19	
15310000	490.140749	1	1.435940645585	0.000147766883	0.588311316342	0.987511454572	29	15	
15320000	476.760994	1	1.378791095766	0.000160259143	0.728323509125	1.025908086043	31	12	
15330000	493.499154	1	1.420819961949	0.000131730612	0.389070455107	1.198971325195	35	17	
15340000	474.480470	1	1.407613156871	0.000146560856	0.515746047246	0.857754436089	38	13	
15350000	495.636589	1	1.434215984808	0.000145412864	0.530479929987	0.528640580665	41	16	
15360000	488.234908	1	1.455517044662	0.000134775933	0.507793227963	0.790388860124	38	11	
15370000	468.380925	1	1.424994319436	0.000177026501	0.436663132413	0.680893070211	25	16	
15380000	485.982915	1	1.402863222843	0.000143273907	0.315739794409	0.835136392267	32	20	
15390000	478.595502	1	1.426439545029	0.000181122023	0.396603105762	0.913616525865	27	14	
15400000	492.679410	1	1.395212231052	0.000136128129	0.447793330534	0.702287967785	49	17	
15410000	481.538671	1	1.388190413583	0.000183827304	0.391193161353	0.834351898419	41	14	
15420000	490.180816	1	1.480488371394	0.000154871576	0.317311681338	0.841496217704	35	16	
15430000	487.378308	1	1.394791890956	0.000167114814	0.453733704854	0.868104920372	30	15	
15440000	486.240842	1	1.416629293438	0.000182132671	0.425979931694	1.053018579609	33	13	
15450000	480.342520	1	1.393220679755	0.000177564368	0.689894572371	1.019996510707	37	16	
15460000	478.601157	1	1.414364378734	0.000236411158	0.488695408263	0.765534985437	41	7	
15470000	479.476578	1	1.416565685532	0.000207988618	0.592735675301	0.736224689839	38	13	
15480000	481.914358	1	1.464351787805	0.000209753838	0.541720794033	0.660461233150	34	14	
15490000	482.579008	1	1.444102968835	0.000185049543	0.749053617845	0.778376997146	44	15	
15500000	487.808593	1	1.433558275561	0.000161871994	0.976483178710	0.753020929080	41	16	
15510000	466.647146	1	1.432178387843	0.000154560218	1.139980789703	1.009314203767	29	18	
15520000	465.875237	1	1.390310589471	0.000228550266	0.865503460184	1.358688959456	39	13	
15530000	492.924913	1	1.403587504596	0.000222419961	0.486110765205	0.570663063854	41	18	
15540000	477.275303	1	1.332528243452	0.000199003460	0.673868411258	1.116733923217	30	14	
15550000	485.940806	1	1.402972608778	0.000177438745	0.620984293683	0.839197268128	35	9	
15560000	474.085901	1	1.458871453455	0.000212174042	0.623595035530	1.126160161518	27	11	
15570000	476.397369	1	1.516692051016	0.000219843190	0.677135796585	0.575811073950	28	11	
15580000	479.925311	1	1.374850239101	0.000173649015	0.576406748839	1.116586048929	31	15	
15590000	473.093482	1	1.405242802186	0.000191311221	0.621068143553	0.907268717755	31	11	
15600000	473.576709	1	1.415651951176	0.000115661342	0.868069842228	1.035033208572	33	18	
15610000	473.051501	1	1.416095210796	0.000193725402	0.504779605926	1.024720739401	30	18	
15620000	466.984680	1	1.389621949436	0.000202056598	0.411860881712	0.772474274983	37	16	
15630000	477.456934	1	1.401182812688	0.000159370160	0.826926422720	0.678660917773	38	14	
15640000	473.833660	1	1.410434609675	0.000240848207	0.457536676214	0.651066058869	24	12	
15650000	474.866959	1	1.484493753807	0.000142663811	0.869831051840	1.383446824618	37	10	
15660000	468.637985	1	1.418803879258	0.000214015863	0.745197287363	0.755480102691	33	11	
15670000	489.853251	1	1.415935999981	0.000158887500	0.750942305930	0.934406317694	34	15	
15680000	479.490982	1	1.382372456214	0.000172233567	0.823126472528	1.402147563899	34	10	
15690000	472.738354	1	1.423561786877	0.000241122091	0.446216091327	0.532980148397	33	11	
15700000	476.542266	1	1.412878189423	0.000136798364	0.697504503885	1.121179661397	27	18	
15710000	484.421228	1	1.427017705212	0.000125133752	0.581929330460	1.026093410200	34	18	
15720000	499.779008	1	1.460811957638	0.000164752975	0.668462631772	1.007111316256	32	24	
15730000	488.316197	1	1.353777773789	0.000180337289	0.554826548090	0.709953622979	25	22	
15740000	470.185210	1	1.442452952267	0.000222277465	0.456298570602	0.573468827229	43	13	
15750000	477.802401	1	1.380438118059	0.000187459011	0.414078454791	0.561801874024	31	13	
15760000	481.628717	1	1.448414768952	0.000181055593	0.482932995123	1.189812801510	38	10	
15770000	485.128809	1	1.450667799562	0.000197599322	0.692300562514	1.606536266747	36	14	
15780000	480.597164	1	1.359267077986	0.000190017654	0.902456944247	1.218346652545	32	15	
15790000	477.448670	1	1.390004618064	0.000220079180	0.584816521940	0.633788629037	26	18	
15800000	489.504564	1	1.438948334684	0.000171519701	0.527473901652	0.845590828193	28	11	
15810000	470.079280	1	1.386444007182	0.000112622020	0.825776830616	1.179858215452	43	17	
15820000	484.824376	1	1.409036146859	0.000193798477	0.553224446819	0.963005206327	35	15	
15830000	472.460973	1	1.471344677728	0.000153010642	0.900360787190	1.198770996452	36	16	
15840000	469.961136	1	1.463503798501	0.000180808391	0.599085467930	0.850985873643	32	13	
15850000	474.489990	1	1.417237476934	0.000159816232	0.474727874144	0.851400168533	29	20	
15860000	474.408354	1	1.402779205982	0.000180264779	0.671307434057	0.561712903744	34	14	
15870000	486.210311	1	1.442448617601	0.000140469879	0.661620900699	1.156076079468	37	13	
15880000	483.911602	1	1.433786440927	0.000198351138	0.563882560509	0.726410968165	29	15	
15890000	483.189281	1	1.373839638929	0.000134699467	0.653773797596	1.128625449232	30	21	
15900000	494.551248	1	1.446253015097	0.000140195491	0.841639505033	0.952419554778	36	18	
15910000	480.423522	1	1.400638069581	0.000163151414	0.532904140137	1.278953526278	30	13	
15920000	484.483902	1	1.396005603614	0.000222173263	0.416021815775	0.688814466078	32	18	
15930000	482.209290	1	1.431256111509	0.000166790170	0.689841539725	0.919161601792	35	13	
15940000	469.465613	1	1.494950522620	0.000186087398	0.432729083169	0.959615353823	43	15	
15950000	481.746918	1	1.482900431539	0.000165180675	0.518179103608	0.765646375065	43	13	
15960000	470.500265	1	1.471959576577	0.000325557479	0.272522692837	0.438445194573	33	14	
15970000	462.761957	1	1.539520417136	0.000225793752	0.391766035339	0.754760962330	46	10	
15980000	483.192508	1	1.400217385627	0.000130651233	1.137257019047	1.708816362636	30	16	
15990000	487.016091	1	1.416812927749	0.000150703292	0.825510286896	0.714634410684	41	21	
16000000	478.550833	1	1.366008633043	0.000189198847	0.501889909337	0.604915121759	30	20	
16010000	489.244815	1	1.389548458062	0.000162731061	0.613425907148	0.682631188131	38	10	
16020000	471.522949	1	1.371613661876	0.000244859230	0.284509612299	0.577026944657	32	12	
16030000	477.614530	1	1.472957688352	0.000172225906	0.443784688243	0.505195213543	37	17	
16040000	483.826002	1	1.405984267090	0.000196498381	0.310554614093	0.619064847062	32	14	
16050000	464.879392	1	1.357694376305	0.000178231392	0.508152537291	1.169905444737	36	16	
16060000	477.381944	1	1.412902755220	0.000134808454	0.916698320249	1.250666219451	27	14	
16070000	477.812859	1	1.431716308111	0.000152773840	0.656317683273	1.011366216317	28	16	
16080000	476.844078	1	1.406267148241	0.000146145030	0.638005815177	0.977851568991	29	14	
16090000	477.683238	1	1.410889824044	0.000172366756	0.607284203841	0.980875223133	31	16	
16100000	467.544039	1	1.361808697685	0.000197669393	0.516547556947	0.716468312447	37	12	
16110000	476.358514	1	1.401738686270	0.000201371435	0.490402682235	0.612350833396	30	14	
16120000	483.056461	1	1.389040680076	0.000223126625	0.515722030060	0.599820225733	33	17	
16130000	487.176166	1	1.392932108770	0.000163545276	0.667971520169	0.791204545979	31	18	
16140000	469.640597	1	1.403080556641	0.000150269706	0.770433657255	0.687590229602	27	18	
16150000	481.256227	1	1.504158713098	0.000195881569	0.555919978288	0.998397366502	39	14	
16160000	474.570124	1	1.483877565263	0.000183260413	0.703404696346	1.071416831907	24	15	
16170000	470.008022	1	1.385456352816	0.000219368270	0.549352014989	0.666482264680	29	14	
16180000	481.214224	1	1.447656510504	0.000178088092	0.421793094601	0.790573172274	31	14	
16190000	467.533323	1	1.470327181861	0.000163520953	0.502886963108	0.680780751747	33	7	
16200000	480.501019	1	1.449768933631	0.000192549321	0.588353050088	0.511454366410	41	15	
16210000	474.742988	1	1.351608725225	0.000197305995	0.635121907777	0.880402429848	31	12	
16220000	467.357128	1	1.446280757102	0.000237606516	0.911226730698	0.718012988613	43	11	
16230000	453.728431	1	1.392824528991	0.000195767036	1.015743334073	1.434616234034	28	11	
16240000	485.799323	1	1.372029828765	0.000220482529	0.871841523831	0.763751443108	34	20	
16250000	469.943596	1	1.333306254628	0.000235852677	0.470059869594	0.805866090528	34	12	
16260000	475.116608	1	1.410950170785	0.000149028888	0.895895741522	1.299263649051	20	15	
16270000	476.224619	1	1.418679661059	0.000182238092	0.805439479132	1.509978438448	30	19	
16280000	481.181525	1	1.356741293120	0.000173235233	0.953997903367	1.042589845528	35	8	
16290000	488.425638	1	1.405002907505	0.000159014978	0.668510769552	0.786163827637	35	12	
16300000	476.233049	1	1.387283281046	0.000248908378	0.411010569007	0.403302756775	28	15	
16310000	473.666449	1	1.507221633129	0.000240639855	0.480588374117	0.829726663228	27	12	
16320000	472.059840	1	1.383235864018	0.000165948802	0.710065749023	1.269123761969	33	16	
16330000	487.425876	1	1.424231986397	0.000146215713	0.651418011601	0.679914348504	42	18	
16340000	494.241277	1	1.451595459752	0.000149953772	0.581422032371	0.893916503282	43	14	
16350000	482.938971	1	1.433988044230	0.000134611608	0.781399938266	1.043439154604	40	19	
16360000	470.999261	1	1.355389238615	0.000189640862	0.692996856568	0.803744073321	31	13	
16370000	475.123086	1	1.466699318882	0.000127526402	0.754194337791	1.815379377275	32	18	
16380000	482.605030	1	1.409348182827	0.000330870146	0.277726710707	0.489254130427	38	17	
16390000	484.658160	1	1.445566784620	0.000297056539	0.422685931397	0.675046332845	28	15	
16400000	485.564801	1	1.368784177265	0.000267969895	0.389485146463	0.551491348256	29	14	
16410000	488.375302	1	1.494355173107	0.000154380410	0.659999799333	0.872968421886	25	11	
16420000	470.080562	1	1.405635449745	0.000241257432	0.560101212150	0.830848447178	25	10	
16430000	475.984359	1	1.406361177874	0.000182084593	0.669581567176	0.914008497396	29	16	
16440000	457.961068	1	1.361916401429	0.000181577051	0.605733274777	0.966596683891	34	14	
16450000	481.219711	1	1.399575917060	0.000202032168	0.410149509175	0.813104200265	34	13	
16460000	474.094234	1	1.489019506558	0.000168722699	0.674673095565	1.427270891374	36	10	
16470000	475.343764	1	1.368683055971	0.000197772416	0.566860023983	0.785528092133	40	11	
16480000	489.325926	1	1.405591103060	0.000125083811	0.566599273912	1.469936902663	31	14	
16490000	480.551148	1	1.396211166272	0.000251915667	0.487092535816	0.679551431259	41	12	
16500000	470.280654	1	1.398795614116	0.000213089495	0.750561091561	0.664854286912	28	19	
16510000	473.008222	1	1.452877117225	0.000193815533	0.683434254924	0.718549410078	24	17	
16520000	472.815768	1	1.388723244537	0.000190187365	0.755064472975	0.867958936155	44	13	
16530000	485.426392	1	1.408741771640	0.000193316226	0.681811439239	0.912402503480	29	11	
16540000	468.775969	1	1.471461974965	0.000203045521	0.590394459934	1.119533345356	29	12	
16550000	480.228250	1	1.387004700072	0.000172574790	0.705268252078	0.960348392964	29	15	
16560000	483.299896	1	1.476734398910	0.000125509147	0.855511915527	1.360843749105	32	18	
16570000	480.911681	1	1.427585806143	0.000184804090	0.780986071482	1.231919397190	27	15	
16580000	470.613657	1	1.422609303875	0.000151592428	1.033785061353	1.157906769327	31	13	
16590000	479.017729	1	1.428356482485	0.000148324028	0.751820155429	1.499183975790	30	15	
16600000	489.912431	1	1.354360534658	0.000175444079	0.683402890302	0.772861744325	28	12	
16610000	480.026038	1	1.471078143160	0.000223308957	0.443490227400	0.725965973890	38	11	
16620000	470.239162	1	1.394932167325	0.000166533827	0.787397906475	0.922203893976	31	14	
16630000	495.845451	1	1.391858603782	0.000143155875	0.654028766099	0.825886730593	40	21	
16640000	478.709081	1	1.454235864584	0.000145493701	0.844263499960	1.366234066610	31	20	
16650000	481.125471	1	1.369355273288	0.000190039095	0.638235590364	0.836286401734	27	13	
16660000	481.522031	1	1.403885333757	0.000181296739	0.737820828220	0.723666869185	26	17	
16670000	482.609488	1	1.432998125624	0.000166644987	0.660707320143	0.766535213829	37	15	
16680000	473.893313	1	1.379049591660	0.000183724700	0.408695989855	1.388392562262	31	12	
16690000	482.919063	1	1.459071064971	0.000148789772	0.674398456433	1.653088893311	40	17	
16700000	479.974682	1	1.444246264481	0.000179001922	0.458384772578	0.885946210496	34	17	
16710000	489.516428	1	1.440100853489	0.000151109995	0.574850662423	0.701510553302	41	11	
16720000	481.741729	1	1.464810891167	0.000201752391	0.473209880036	0.632767085794	26	12	
16730000	473.629556	1	1.427643090234	0.000190344631	0.556909669709	0.685668287638	31	13	
16740000	485.821445	1	1.381716318694	0.000160903984	0.576780310018	0.900571675429	34	15	
16750000	468.260246	1	1.409818204317	0.000163226776	0.523145072594	1.003072585431	27	14	
16760000	482.803626	1	1.344823585518	0.000186750931	0.543989677819	0.986259454795	39	15	
16770000	471.565318	1	1.413898675455	0.000242301246	0.529751264045	1.034710111061	31	8	
16780000	469.305251	1	1.420861980381	0.000206550879	0.606638562660	0.773492924403	25	12	
16790000	487.405908	1	1.438116303185	0.000275544670	0.380255228808	0.567092256230	39	14	
16800000	487.325255	1	1.396026470963	0.000170315861	0.967015385658	0.982591454143	44	15	
16810000	484.501774	1	1.440801722744	0.000183670655	0.609040983399	0.961253851239	26	10	
16820000	471.549302	1	1.480564470525	0.000181541228	0.507009783631	0.811847284799	29	12	
16830000	480.309197	1	1.385391856179	0.000197812749	0.512528390612	0.677590791797	40	15	
16840000	469.124488	1	1.439522602958	0.000245089700	0.474243989361	0.579627693865	28	11	
16850000	481.306331	1	1.372111105995	0.000164132802	0.749317153655	0.991124435495	18	18	
16860000	480.831199	1	1.466601216567	0.000173941622	0.687140970976	1.057373429212	29	10	
16870000	475.136627	1	1.392150344253	0.000203050544	0.758649925871	0.916154320003	23	11	
16880000	470.268429	1	1.352750604517	0.000202565796	0.565162014339	0.970162669849	18	17	
16890000	467.151445	1	1.406050976370	0.000138392028	0.865781885617	1.294762789460	37	16	
16900000	473.006561	1	1.397204386222	0.000184637296	0.775160360606	0.881692555744	33	20	
16910000	466.846789	1	1.463170794461	0.000270403561	0.574059325043	0.728698955733	37	12	
16920000	479.916253	1	1.421494256331	0.000142375320	1.092752362416	1.126503347859	40	12	
16930000	481.626657	1	1.439942697673	0.000164080373	0.738314936155	1.014844492803	30	18	
16940000	482.946614	1	1.363986059961	0.000174446470	0.559312550167	0.841011920769	26	24	
16950000	486.778803	1	1.441651137325	0.000109161233	1.071312967370	0.901108740066	36	16	
16960000	473.292605	1	1.491660917177	0.000186963633	0.665687870431	1.112300776862	33	11	
16970000	488.468933	1	1.449522505055	0.000210270580	0.723368676457	0.986650531371	32	11	
16980000	490.460818	1	1.327218241330	0.000197384618	0.543436464274	0.902622905049	33	18	
16990000	469.117201	1	1.372709213553	0.000202710504	0.597356296757	0.816838043533	35	12	
17000000	469.946788	1	1.377311526175	0.000150391543	0.712229849743	0.848679416689	36	14	
17010000	461.555156	1	1.469762882886	0.000215997698	0.736806887625	0.965337361639	29	11	
17020000	487.021904	1	1.432593616127	0.000179432408	0.627325300423	0.766964269818	32	11	
17030000	484.998154	1	1.391750360972	0.000186260965	0.492504263006	1.123347484910	30	12	
17040000	472.093607	1	1.458610086715	0.000189532213	0.610564377519	0.930312039364	19	18	
17050000	476.525343	1	1.392298098997	0.000176070379	0.523335119388	0.909044595326	35	14	
17060000	476.759915	1	1.464439453291	0.000190322906	0.512126373420	0.759553204273	28	15	
17070000	478.778483	1	1.408599247306	0.000208596808	0.678588294829	0.763172203869	34	8	
17080000	478.302391	1	1.394224538918	0.000167119041	0.898985294217	1.058108740486	28	18	
17090000	477.334842	1	1.437883719341	0.000165756553	0.645188808251	1.034885215056	29	14	
17100000	463.050210	1	1.411306246379	0.000223331653	0.668798218269	0.791346529877	31	14	
17110000	481.475315	1	1.457360339360	0.000134601616	0.809696312840	1.028800793779	35	20	
17120000	471.857020	1	1.343176685631	0.000188797443	0.868506987007	0.862861980423	31	11	
17130000	479.844924	1	1.419750502147	0.000201364664	0.856025471266	1.077555237038	32	17	
17140000	492.666151	1	1.404350259585	0.000148565627	0.533034305844	0.974880316710	32	15	
17150000	476.218968	1	1.418223377004	0.000163097620	0.613220467433	0.850361126444	32	15	
17160000	486.800295	1	1.351716575117	0.000191818778	0.363883744885	0.745503962942	35	11	
17170000	485.358033	1	1.426124633970	0.000186362844	0.675356250888	0.874610521449	35	16	
17180000	479.296385	1	1.401872452349	0.000221729159	0.282924439544	0.489152595443	26	23	
17190000	472.191208	1	1.420327174328	0.000193617784	0.421093592583	0.872713245112	32	8	
17200000	470.551752	1	1.407845917856	0.000310685507	0.365404261644	0.553929743531	37	7	
17210000	480.271645	1	1.419735895992	0.000239345956	0.594900779474	0.728885424500	37	12	
17220000	487.237620	1	1.444913930098	0.000156866410	0.512964260515	0.868822184927	26	16	
17230000	480.583396	1	1.450897335321	0.000219529201	0.370133675670	0.659821476452	34	16	
17240000	478.563734	1	1.450601353936	0.000220195327	0.359394728760	0.611787362731	36	12	
17250000	478.789925	1	1.405349911519	0.000181319635	0.511922817607	0.632538604273	24	18	
17260000	486.583058	1	1.481134091920	0.000140878977	0.846592448285	0.802703669325	31	21	
17270000	468.733842	1	1.485924980983	0.000259842955	0.318325015662	0.556685440401	24	10	
17280000	482.788916	1	1.357507352162	0.000175290905	0.708427370124	0.824224311230	37	21	
17290000	484.352255	1	1.481653308226	0.000182223374	0.504819595592	1.107137157026	34	11	
17300000	486.620899	1	1.404497959299	0.000182799866	0.569693378039	0.780010692487	38	15	
17310000	480.101250	1	1.357365005250	0.000187770252	0.454234477384	0.983629417704	36	11	
17320000	480.687819	1	1.428430287198	0.000139697677	0.671869508341	1.392796227439	26	16	
17330000	481.937796	1	1.518171639928	0.000196664536	0.597922212762	0.845330764140	32	13	
17340000	486.227991	1	1.417502776849	0.000180102140	0.699654676992	1.562655304528	28	14	
17350000	473.352410	1	1.494143316895	0.000212220386	0.596933522470	1.122005236711	31	10	
17360000	489.206280	1	1.377274988833	0.000182989077	0.449112755922	0.625993080116	30	16	
17370000	494.732282	1	1.395451474883	0.000166225819	0.347667071402	0.737866307805	31	15	
17380000	498.687924	1	1.409117536859	0.000153588455	0.511854204082	0.617757945083	29	17	
17390000	481.285343	1	1.421264623804	0.000208852623	0.419161739007	0.953740299261	36	14	
17400000	477.929725	1	1.463894474412	0.000142971546	0.961868782923	1.106755462431	37	13	
17410000	475.768833	1	1.446079790251	0.000178323294	0.688648616911	1.085492979990	25	10	
17420000	468.927414	1	1.420995799075	0.000160807759	0.644352307988	1.034982684495	32	18	
17430000	481.223499	1	1.386988819738	0.000152666727	0.897552462781	0.995341087271	39	11	
17440000	475.575368	1	1.426713814710	0.000199833136	0.500123955014	0.954595284540	37	6	
17450000	471.003079	1	1.450364142674	0.000152298454	0.679302441342	0.969823027268	37	16	
17460000	474.697827	1	1.407956551940	0.000213892924	0.473601732524	0.704033756558	22	15	
17470000	478.889646	1	1.406889487352	0.000182720415	0.824568030292	0.790744850537	28	16	
17480000	466.475932	1	1.375723499821	0.000203068552	0.772234893164	0.699657310423	24	16	
17490000	477.984057	1	1.397139362153	0.000185741637	0.635466007938	0.563378797958	29	16	
17500000	465.076895	1	1.439987660348	0.000223250816	0.581640838140	0.746160877446	33	10	
17510000	484.030401	1	1.475852681130	0.000158969503	0.815628021376	1.029166971985	33	15	
17520000	481.641150	1	1.379630579622	0.000195821879	0.473157032749	0.995446067646	34	12	
17530000	482.114525	1	1.428317355958	0.000197567810	0.540752564777	0.750526806970	31	13	
17540000	473.416754	1	1.392167504976	0.000202392234	0.522627802441	0.750917022410	25	12	
17550000	484.195935	1	1.390156208459	0.000158164376	0.658788656141	0.935583145390	42	11	
17560000	473.003704	1	1.456970255862	0.000198565272	0.822921472833	1.007834273234	19	11	
17570000	478.305270	1	1.412336117062	0.000221201036	0.527114395634	0.780106309094	37	14	
17580000	469.327110	1	1.369028830594	0.000252237060	0.431786755600	0.635773613644	35	10	
17590000	485.885862	1	1.458345672444	0.000251873064	0.521969079720	0.799263657734	29	12	
17600000	468.954112	1	1.373367195654	0.000247508298	0.362672108251	0.832110665910	33	17	
17610000	475.159714	1	1.365578696079	0.000139249979	0.611765344903	0.925381940679	26	15	
17620000	489.162609	1	1.458293486852	0.000184122742	0.344319167921	0.409126750672	26	20	
17630000	491.738993	1	1.369179549094	0.000254006674	0.500669299754	0.735818818545	34	14	
17640000	479.901317	1	1.376315918542	0.000212729673	0.372874046944	0.683080911701	29	19	
17650000	473.062169	1	1.350850422526	0.000160080289	1.038698142525	1.113354129214	29	13	
17660000	485.922030	1	1.433389756447	0.000202570553	0.411452337355	0.635451099086	41	16	
17670000	489.328180	1	1.451084837328	0.000176978392	0.600458841322	0.833860187965	30	11	
17680000	481.339540	1	1.358442071564	0.000145608553	1.137119124260	1.546235524965	28	12	
17690000	467.156088	1	1.426912771567	0.000231201600	0.378824823292	0.709044408999	31	15	
17700000	475.108804	1	1.440619560298	0.000193789473	0.652094108384	1.089537159997	37	18	
17710000	474.083497	1	1.458771553971	0.000268580438	0.513625694966	0.719799542470	29	17	
17720000	487.051050	1	1.450531396316	0.000196616219	0.591451088731	0.792930872899	35	17	
17730000	481.353124	1	1.474773399241	0.000226410372	0.754806251888	1.091114929391	37	12	
17740000	484.908366	1	1.367724874087	0.000219019048	0.490786157583	0.630643157490	26	13	
17750000	472.956551	1	1.501106388319	0.000135469511	0.789000764511	1.478658381981	32	10	
17760000	478.955805	1	1.452162064120	0.000202503829	0.711462151227	0.930260006011	34	15	
17770000	482.457701	1	1.422360381847	0.000132416165	0.673538457553	1.248699966094	39	17	
17780000	489.297021	1	1.385141026598	0.000194516243	0.399859801594	0.668454817826	32	10	
17790000	484.167816	1	1.442940788446	0.000159609978	0.481389556932	0.663784148351	34	19	
17800000	477.889178	1	1.453874387580	0.000138034500	0.752888509531	1.438591217019	28	17	
17810000	491.985316	1	1.414039077738	0.000169972151	0.663909539183	0.813476952907	35	17	
17820000	485.624875	1	1.433712336081	0.000151191740	0.663864445382	0.666316006282	30	19	
17830000	469.112713	1	1.382284267947	0.000178355795	0.630094472266	0.794105911966	34	17	
17840000	479.613822	1	1.474626432893	0.000198982187	0.696948163642	0.962467968931	29	16	
17850000	474.835856	1	1.392221308634	0.000222215079	0.564388599221	0.806746509254	34	19	
17860000	484.860220	1	1.400082335158	0.000211450754	0.517007465423	0.701005849423	43	15	
17870000	464.194108	1	1.404984788998	0.000232540691	0.449522868714	0.661626769387	30	12	
17880000	474.651020	1	1.404057293714	0.000161593191	0.982668767093	1.036925791880	28	13	
17890000	478.877565	1	1.487846084837	0.000199871544	0.591864424952	1.002189044129	32	7	
17900000	473.796767	1	1.465474525911	0.000208323880	0.376223626420	0.612312086341	28	13	
17910000	475.106203	1	1.363037106537	0.000201213444	0.631599093119	0.704474729432	34	12	
17920000	474.913663	1	1.420757320407	0.000151943076	0.766322273969	0.925118898532	17	11	
17930000	470.083188	1	1.425559821983	0.000246825603	0.393410566439	0.667957884035	36	16	
17940000	480.997408	1	1.447275882762	0.000210686259	0.463531195832	0.665803434512	27	10	
17950000	490.499141	1	1.433479180563	0.000175561827	0.575103469292	0.726051957477	25	11	
17960000	481.381282	1	1.486570550890	0.000146371050	0.576879237566	0.995757736477	34	22	
17970000	487.599807	1	1.444446556671	0.000124267831	0.423437177577	0.703723006196	31	14	
17980000	487.022262	1	1.441942837577	0.000152276874	0.489504350557	0.778010881256	30	11	
17990000	477.706720	1	1.471262558559	0.000162537573	0.472954595524	0.783103853392	22	9	
18000000	482.543687	1	1.398671842668	0.000135622058	0.447209937100	0.799341859591	28	25	
18010000	485.493696	1	1.427521964153	0.000181832927	0.390520517468	0.688060310386	30	16	
18020000	482.218706	1	1.447979845773	0.000196758538	0.409857152714	0.928762122900	34	13	
18030000	474.979340	1	1.439630885117	0.000214423446	0.502401663558	0.451862399604	29	10	
18040000	478.079040	1	1.431787424485	0.000145106623	0.773153042404	1.442639629774	29	11	
18050000	474.353792	1	1.430017282822	0.000147556705	0.912372764049	1.720523564743	40	6	
18060000	475.324247	1	1.443015109613	0.000174806820	0.841566187604	0.785819352738	32	13	
18070000	470.409378	1	1.388837527052	0.000160374953	0.492223942554	0.775507836792	35	9	
18080000	482.233599	1	1.372660845398	0.000148524506	0.463135002251	0.660688313297	32	12	
18090000	481.132089	1	1.442151620367	0.000251045407	0.381489704318	0.632886246377	27	12	
18100000	479.007776	1	1.421967750853	0.000205003585	0.310463678841	0.421826992060	29	17	
18110000	488.183292	1	1.438048617048	0.000179005221	0.335656046447	0.851168080811	27	14	
18120000	490.581136	1	1.368598927935	0.000164026169	0.626512456762	0.754959138401	27	15	
18130000	473.408210	1	1.347680193787	0.000190331792	0.540387211250	0.839958342988	35	12	
18140000	480.818292	1	1.405633049832	0.000216848104	0.504764023093	0.804903143207	34	12	
18150000	471.511008	1	1.446432323107	0.000187242325	0.662192509430	1.281484335960	25	17	
18160000	475.119233	1	1.482395823100	0.000179186167	0.476398948105	1.043904211267	32	15	
18170000	477.932807	1	1.446502076499	0.000170461742	0.650412556406	1.237637145597	30	14	
18180000	491.349313	1	1.438760471534	0.000169609690	0.535411460059	0.899164072539	33	15	
18190000	488.549696	1	1.430488608656	0.000174932105	0.728135199439	0.718722659032	32	18	
18200000	491.607326	1	1.363612767873	0.000126874079	0.965010283756	0.999757750659	28	17	
18210000	491.386706	1	1.434419323614	0.000155524868	0.808103612964	0.970946513461	29	15	
18220000	479.760533	1	1.429920579089	0.000182861980	0.541712065789	0.889419438007	24	13	
18230000	480.320986	1	1.423435608931	0.000175993798	0.699588228160	0.801722516672	32	21	
18240000	473.006602	1	1.415139641544	0.000208794830	0.415872622572	0.734910566019	34	14	
18250000	465.538702	1	1.435586822878	0.000241213820	0.435876393550	0.848443479021	32	12	
18260000	490.954422	1	1.440832682125	0.000141603712	0.850242349168	0.965777199498	30	17	
18270000	484.298612	1	1.317120630805	0.000141549255	0.830450146742	1.121046107997	33	12	
18280000	478.838828	1	1.487921618242	0.000179803021	0.453760351136	0.801480153380	33	10	
18290000	473.064848	1	1.403296258416	0.000215278123	0.601367964895	0.763477321722	32	10	
18300000	475.685176	1	1.421696595261	0.000179227662	0.565720344026	0.667183577823	39	9	
18310000	460.740756	1	1.460703332976	0.000226561685	0.388566699193	0.802168048552	29	17	
18320000	476.921580	1	1.409061102103	0.000261504587	0.512490544662	0.650012822470	30	15	
18330000	485.904016	1	1.424020611646	0.000225263655	0.402498353086	0.627751487963	40	14	
18340000	479.434621	1	1.398923261391	0.000232687820	0.414837863923	0.755566281964	25	9	
18350000	473.437739	1	1.449719568037	0.000179211314	0.984374598950	0.688364793784	24	10	
18360000	472.044926	1	1.300913079184	0.000181872140	0.658454214653	0.776633445918	33	13	
18370000	458.614834	1	1.396835244521	0.000181351005	0.419644008812	0.661832246595	25	21	
18380000	491.573722	1	1.418001030425	0.000185246481	0.467316741417	0.778088156037	44	17	
18390000	484.127311	1	1.411656921410	0.000158368062	0.688619921169	1.082660700875	35	14	
18400000	489.455298	1	1.434561719050	0.000190283097	0.529847695172	0.601586401640	32	19	
18410000	470.950973	1	1.374004863403	0.000139876049	0.835404482278	1.346169521879	21	20	
18420000	478.142449	1	1.408514389978	0.000247491800	0.387776228263	0.707432142567	29	11	
18430000	479.543113	1	1.454149238522	0.000195023736	0.535986141318	1.552583636080	30	10	
18440000	490.874030	1	1.407272055196	0.000152472551	0.915122116335	0.878730887007	47	13	
18450000	481.836835	1	1.375976497058	0.000193319240	0.793781566646	0.798508107070	35	19	
18460000	476.072011	1	1.444087513792	0.000210729853	0.754765736230	0.526743791076	38	14	
18470000	478.942314	1	1.411043098972	0.000150265513	1.195448807680	1.209964911313	31	11	
18480000	481.771975	1	1.502026333685	0.000161814538	0.871244986918	0.771049900187	38	14	
18490000	483.458492	1	1.422349325750	0.000234920690	0.506425608011	0.634297704367	39	13	
18500000	477.468926	1	1.463657641319	0.000220982230	0.544858971820	0.865682606111	40	8	
18510000	474.317939	1	1.457855341905	0.000146969952	0.686364429013	1.185231764978	39	15	
18520000	486.550569	1	1.356121035662	0.000193103696	0.531670165648	0.787426959499	33	15	
18530000	496.527528	1	1.469610521576	0.000172896798	0.576456409205	0.831586594724	30	13	
18540000	472.226185	1	1.454896502529	0.000181883674	0.469405542307	0.851603288469	24	18	
18550000	478.222787	1	1.452871436061	0.000239331691	0.505324739152	0.681074710128	26	9	
18560000	478.746325	1	1.456854973156	0.000184495786	0.751835794415	0.903813818499	37	13	
18570000	478.670577	1	1.434119831091	0.000236911129	0.511971495197	0.825337829654	30	9	
18580000	477.465732	1	1.385157769638	0.000272073529	0.360927326279	0.511571270683	32	13	
18590000	470.764489	1	1.370275894432	0.000167075554	0.700941219062	1.551889630844	34	15	
18600000	479.877652	1	1.381788682723	0.000190944151	0.653312657591	0.937200397265	27	11	
18610000	482.131909	1	1.455310329697	0.000189738498	0.564785888618	0.819427550648	27	10	
18620000	472.422508	1	1.381538256361	0.000211851080	0.748056412529	0.631988072515	32	14	
18630000	484.721046	1	1.438031991911	0.000202163564	0.452781870342	0.676151504799	31	11	
18640000	482.751153	1	1.414503280400	0.000196265407	0.464020227374	0.886809060538	32	13	
18650000	481.087834	1	1.343683293475	0.000172315404	0.662752682456	1.471660030527	34	8	
18660000	463.677808	1	1.474751052120	0.000210633818	0.761350635830	0.862318295266	26	14	
18670000	476.857752	1	1.394189821771	0.000194072788	0.462556248166	0.626171269929	26	15	
18680000	484.880940	1	1.384699613453	0.000188052941	0.741947789377	0.729029960565	31	12	
18690000	485.991638	1	1.414816144699	0.000161100553	0.499000402302	0.876015452295	35	15	
18700000	488.669276	1	1.350564003530	0.000151724933	0.630548270958	0.723350882815	29	18	
18710000	492.703334	1	1.426765417804	0.000166477784	0.787521500726	0.836402019496	26	18	
18720000	491.520030	1	1.406135058021	0.000210953799	0.482202643649	0.695775968315	38	11	
18730000	478.015051	1	1.380047078094	0.000189983841	0.682766257861	0.862845530436	35	12	
18740000	477.103985	1	1.459901430437	0.000186548559	0.634010273000	1.021541123661	33	13	
18750000	463.106128	1	1.432528407441	0.000253957620	0.391305580098	0.767871037313	32	13	
18760000	463.628469	1	1.462773233355	0.000182570171	0.666607320821	0.814732144868	33	16	
18770000	479.466094	1	1.420871183652	0.000172739029	0.565613770319	1.061870168993	25	21	
18780000	457.319768	1	1.444094553083	0.000205510705	0.888025707761	0.995369569206	28	12	
18790000	477.975040	1	1.379925990586	0.000164583045	0.568314604535	1.046286258652	35	20	
18800000	467.017990	1	1.400218877842	0.000172249323	0.535603578632	1.239457632109	38	11	
18810000	479.855807	1	1.431196192227	0.000170138258	0.630981097727	0.888620936748	23	9	
18820000	475.164038	1	1.427287532284	0.000176783673	0.589178862479	0.781959601207	34	12	
18830000	478.752027	1	1.396802394262	0.000174059671	0.583325024837	0.651471212126	34	12	
18840000	494.398584	1	1.403809498755	0.000152879067	0.502894915389	0.692408021543	31	20	
18850000	474.610126	1	1.440497533783	0.000119240604	0.878211734951	1.556434792066	33	13	
18860000	482.620269	1	1.449634394750	0.000146481575	0.561878770002	0.722393048461	37	15	
18870000	482.433244	1	1.417431273232	0.000162336743	0.631586195145	0.907365510459	48	19	
18880000	466.925710	1	1.471199638075	0.000150603743	0.488554624927	1.220481699022	32	12	
18890000	479.063518	1	1.406510692366	0.000190091360	0.716601542241	0.728873424925	29	14	
18900000	474.485883	1	1.361541382743	0.000262235141	0.524679629267	0.744020073622	43	18	
18910000	479.765927	1	1.362299984215	0.000135876869	1.029446324443	1.033452323366	34	13	
18920000	471.610923	1	1.442890360290	0.000139343095	0.774362030231	1.572079961014	30	11	
18930000	479.376062	1	1.389595141281	0.000186322327	0.480491481206	1.129167361179	27	14	
18940000	479.740925	1	1.461792543640	0.000202260863	0.437587575077	0.676243103335	22	19	
18950000	480.664404	1	1.369830946693	0.000184725416	0.735629575517	1.056352648208	35	11	
18960000	472.608358	1	1.398151305601	0.000211131356	0.529021108313	0.955244964594	40	14	
18970000	468.279366	1	1.360662862660	0.000175102767	0.849402043694	1.280732079852	41	14	
18980000	497.457016	1	1.480549764554	0.000174206862	0.576053272068	0.720581468980	27	14	
18990000	461.305507	1	1.388741814949	0.000211104694	0.751432385008	1.164017592543	34	15	
19000000	479.119348	1	1.445944502291	0.000201954093	0.776870607090	0.466984082321	41	10	
19010000	487.396658	1	1.438121813370	0.000161136188	0.836292322121	1.054296611586	29	15	
19020000	486.451716	1	1.454379723200	0.000138597814	0.989275226685	1.209572552266	37	17	
19030000	476.432584	1	1.431651518514	0.000180678323	0.562251686022	0.692484122571	34	14	
19040000	493.356218	1	1.389447909175	0.000133061882	0.820151718220	1.277130882600	35	13	
19050000	468.108326	1	1.507689350165	0.000229235518	0.387051459708	0.750030878440	34	14	
19060000	483.939270	1	1.511707946861	0.000146132393	0.642199130183	1.280925006737	36	12	
19070000	469.577959	1	1.338805961803	0.000210645391	0.481156755335	0.689308076272	37	11	
19080000	486.193159	1	1.429774163195	0.000174423966	0.527976268797	1.049760555992	37	11	
19090000	481.725911	1	1.470685421363	0.000194508330	0.340817088856	0.576208772850	25	15	
19100000	478.750508	1	1.362295962038	0.000215080209	0.389938237119	0.683763955505	37	10	
19110000	486.279859	1	1.411637330351	0.000175916655	0.398244091785	0.709223737011	24	19	
19120000	490.485544	1	1.392230550574	0.000359227830	0.334368380317	0.501612805810	26	10	
19130000	477.694686	1	1.323591270244	0.000289406084	0.386623158201	0.590232939863	36	17	
19140000	471.797643	1	1.380374101854	0.000178258864	0.803524746793	0.847140601615	37	14	
19150000	470.005198	1	1.418003959839	0.000196860187	0.553385445965	0.858031113215	32	10	
19160000	474.496015	1	1.407384926117	0.000178721924	0.609259050053	1.036651052011	40	13	
19170000	471.715254	1	1.435531187184	0.000207917907	0.624721045102	0.833872102526	31	11	
19180000	473.405540	1	1.494616426778	0.000196151266	0.412998791125	0.987327209113	34	15	
19190000	484.411598	1	1.370171583470	0.000182202991	0.657654322587	0.760868681169	29	14	
19200000	480.416485	1	1.437119677328	0.000183220338	0.506273503533	0.729493062573	37	16	
19210000	462.043154	1	1.431005616420	0.000195593898	0.564955130512	1.067580745113	28	12	
19220000	467.836494	1	1.397388178326	0.000169407903	0.854912406231	1.035273642120	42	10	
19230000	479.545592	1	1.452840908927	0.000197330947	0.571815740028	0.863480848313	31	14	
19240000	478.884906	1	1.377694383139	0.000159372246	0.835801363039	1.194016908781	25	12	
19250000	480.091145	1	1.440511817796	0.000235141312	0.495814489294	0.577724983529	32	11	
19260000	482.808137	1	1.449071754121	0.000163522718	0.467785368123	1.084416425409	34	18	
19270000	472.200508	1	1.343250915276	0.000221681166	0.704030926909	0.681704566249	28	27	
19280000	468.480809	1	1.474584617073	0.000249758254	0.774949707698	0.712635137459	31	8	
19290000	470.801621	1	1.477293437262	0.000282487303	0.429913898313	0.431056985487	32	17	
19300000	466.012868	1	1.460785980634	0.000173988009	0.861457978481	1.005373048884	43	12	
19310000	491.908434	1	1.482042466946	0.000126607696	0.799956942263	0.946859885319	43	19	
19320000	470.428856	1	1.461339550160	0.000133819697	0.631142434472	0.979773175394	33	19	
19330000	482.057629	1	1.367500946719	0.000165538096	0.592990762487	0.846379036435	32	14	
19340000	477.985161	1	1.446185357721	0.000198862736	0.696292672306	0.756064274946	43	9	
19350000	485.830959	1	1.481594829261	0.000201360118	0.554356743284	0.498747575189	24	18	
19360000	485.987726	1	1.399003772875	0.000145952674	0.894825689366	1.167086360382	31	16	
19370000	475.297176	1	1.370192702517	0.000224665677	0.445336114526	0.468039733541	27	17	
19380000	465.271765	1	1.362078803393	0.000216977017	0.460701373372	0.976991388013	40	10	
19390000	473.107336	1	1.432172391463	0.000228930110	0.618234850251	0.800819899808	31	13	
19400000	481.347977	1	1.374404789162	0.000148595839	0.904232258671	1.243322183801	34	8	
19410000	481.493733	1	1.401070157667	0.000189569362	0.528845423689	0.593247525408	30	11	
19420000	482.486799	1	1.394788442362	0.000180242523	0.421013990106	0.570999427339	30	15	
19430000	482.280304	1	1.466188339712	0.000200479846	0.431176661101	0.719955916420	29	15	
19440000	471.872093	1	1.442056589718	0.000135693913	1.145748041723	1.569380405522	27	13	
19450000	482.853206	1	1.466867973318	0.000156720889	0.986209015206	0.855644162699	29	9	
19460000	480.289379	1	1.331899120518	0.000203791107	0.653829329288	0.827508523207	31	12	
19470000	478.243416	1	1.440730262129	0.000226768369	0.477107549049	1.011985890014	39	12	
19480000	466.997650	1	1.419814354437	0.000238443867	0.500761988745	0.663639669343	36	9	
19490000	469.178589	1	1.410348063092	0.000250563297	0.571462169544	0.574256167948	33	7	
19500000	468.566632	1	1.384778769726	0.000175108553	0.788452117895	0.891151991365	38	16	
19510000	484.661622	1	1.401938740113	0.000216197155	0.379732090811	0.568053363246	31	16	
19520000	498.907859	1	1.431131394147	0.000177711195	0.681155709913	0.501880289075	31	17	
19530000	478.114583	1	1.350783476068	0.000161792598	0.609852632819	1.211026821174	31	12	
19540000	473.926887	1	1.383142010950	0.000156638942	0.665839264517	1.193877001185	31	16	
19550000	481.494436	1	1.423989551556	0.000209323452	0.387885765884	0.750499556216	24	14	
19560000	472.642700	1	1.439939867700	0.000230192481	0.372014605850	0.622005000599	31	11	
19570000	470.497754	1	1.384033975885	0.000233283514	0.461487670927	0.604609668721	37	13	
19580000	474.215743	1	1.372423020957	0.000236406779	0.624781647662	0.954248625283	31	12	
19590000	485.470440	1	1.394517855814	0.000169042368	0.595717039259	1.134708626685	32	14	
19600000	473.320449	1	1.442006668558	0.000162974292	0.609478281556	0.918759935307	29	16	
19610000	479.723184	1	1.446069461865	0.000183856720	0.411213242712	0.502605334040	35	16	
19620000	482.526588	1	1.475519479884	0.000152846485	0.620042681230	0.694539466969	31	18	
19630000	476.594808	1	1.407602290379	0.000147530019	0.609093031646	1.120591112352	25	21	
19640000	477.481788	1	1.406261623035	0.000196271269	0.415702164511	0.595747480295	32	18	
19650000	479.851254	1	1.441355590215	0.000139478521	0.696435430796	1.228206530609	36	15	
19660000	461.739060	1	1.365606094451	0.000202399221	0.425708534199	1.050786925698	28	14	
19670000	476.083912	1	1.413254248590	0.000229370197	0.620922825326	0.811878603982	28	12	
19680000	484.726637	1	1.432793454910	0.000186745362	0.586708841763	0.996260382640	31	14	
19690000	478.119524	1	1.447698519527	0.000222171734	0.516800654425	0.767827096368	28	16	
19700000	472.676050	1	1.461931566964	0.000197397210	0.779226997394	0.875866286619	32	14	
19710000	489.519784	1	1.373589858144	0.000147154215	0.849264506960	0.685455927083	31	21	
19720000	474.233879	1	1.431496335670	0.000214898574	0.433461359662	0.833478703774	30	19	
19730000	475.330156	1	1.353963090335	0.000226205110	0.353014923578	0.594873574484	31	13	
19740000	471.363761	1	1.393882239457	0.000173605435	0.373049537473	1.052881675632	36	17	
19750000	474.664736	1	1.425265482106	0.000184196299	0.510891348675	0.986578974848	19	16	
19760000	456.376529	1	1.486021559490	0.000156461438	0.783091057762	1.523423894182	29	17	
19770000	472.655747	1	1.372756924713	0.000187954708	0.565932991846	1.188107518886	25	12	
19780000	467.666181	1	1.430220678405	0.000210466791	0.598176485167	0.693771173662	35	16	
19790000	481.745924	1	1.431025759314	0.000187234146	0.625967680976	0.871673904065	32	18	
19800000	464.101007	1	1.416742532955	0.000220287888	0.723110600435	1.413548729832	40	12	
19810000	487.145053	1	1.422115366649	0.000186846778	0.740301427783	0.861079410612	30	17	
19820000	472.771282	1	1.405547091025	0.000172378279	0.879285716127	1.268073702884	26	22	
19830000	478.556025	1	1.440517338583	0.000194987533	0.471460440583	0.608321357461	36	14	
19840000	469.019487	1	1.464363315612	0.000150642250	1.038112199713	1.539056885727	30	13	
19850000	482.745243	1	1.434758595451	0.000155797764	0.700598387868	1.342621706772	41	14	
19860000	472.726009	1	1.469387363281	0.000211243617	0.487776628172	1.183478023329	29	13	
19870000	488.105036	1	1.459626735200	0.000141380106	0.510379236417	0.702973081752	28	14	
19880000	471.139648	1	1.436586221640	0.000175723172	0.525847691906	0.816515459797	33	12	
19890000	486.275915	1	1.422384148418	0.000173738187	0.526064054156	0.867591024778	28	11	
19900000	484.378450	1	1.368996270141	0.000156606442	0.442845857300	0.653827714071	35	14	
19910000	483.009437	1	1.437293608869	0.000185650033	0.300819668421	0.663308660518	33	12	
19920000	469.938856	1	1.427092494987	0.000132550701	0.812056192582	1.218064071064	20	19	
19930000	467.446791	1	1.436106691030	0.000172347075	0.435896581614	0.942591056092	23	11	
19940000	488.666722	1	1.445190235670	0.000120308596	0.562490902113	1.050400650464	40	16	
19950000	478.818238	1	1.349379257479	0.000221374635	0.351821827698	0.694843784407	29	11	
19960000	469.523927	1	1.382629278132	0.000174744018	0.472428003209	1.190564644810	37	10	
19970000	481.950139	1	1.412809255473	0.000146904792	0.488469991152	1.058169429224	37	14	
19980000	479.264011	1	1.499170974116	0.000192458881	0.605706167247	0.794987062583	28	11	
19990000	490.410434	1	1.331625111345	0.000309316835	0.340453208503	0.333734150296	34	29	
20000000	467.738271	1	1.417382202795	0.000159059229	0.729401040128	0.793626668426	33	17	
20010000	487.466654	1	1.408819950552	0.000189614360	0.561853539030	0.964983413964	22	18	
20020000	481.810426	1	1.346863242899	0.000196786043	0.545254273915	1.114934456349	24	18	
20030000	475.366001	1	1.425410151630	0.000211703205	0.937808410738	1.200490715295	31	16	
20040000	463.284793	1	1.436098753201	0.000215238091	0.484266519075	0.783102884578	35	15	
20050000	476.613126	1	1.455234393977	0.000211878562	0.291149364388	0.616234637880	30	18	
20060000	484.459724	1	1.417818988669	0.000169173628	0.448205576065	0.866676618868	38	14	
20070000	473.322933	1	1.401721638446	0.000159977890	0.433694717375	1.005670755623	29	12	
20080000	468.764322	1	1.389142787394	0.000166885546	0.610651589898	0.486889913306	33	14	
20090000	484.700059	1	1.406046557399	0.000247129611	0.567876557617	0.561261047542	37	14	
20100000	477.731185	1	1.353484500904	0.000148791900	0.624803933257	0.943913551340	42	13	
20110000	476.139139	1	1.444800846492	0.000157604737	0.720841521098	0.856555980150	31	19	
20120000	465.466899	1	1.412584475907	0.000225253623	0.520452161638	0.870652094980	29	10	
20130000	476.593029	1	1.444874696852	0.000165035454	0.786742964534	0.891739761457	34	13	
20140000	485.455480	1	1.381693340924	0.000236798240	0.610647034732	0.414675238048	33	15	
20150000	477.969251	1	1.400997695435	0.000247282615	0.671195082058	0.883233067212	33	10	
20160000	471.023109	1	1.444850865604	0.000205839722	0.539018267027	0.605319058056	33	12	
20170000	469.951467	1	1.387024617142	0.000233433629	0.572562242270	0.601568685115	39	11	
20180000	475.929225	1	1.427743552469	0.000190993779	0.742594235540	0.967292791000	28	14	
20190000	473.924274	1	1.426395966000	0.000211022397	0.471351859755	0.747214116911	23	14	
20200000	481.019374	1	1.429216204077	0.000192568212	0.500895338620	0.584774726409	36	19	
20210000	484.217117	1	1.370620191227	0.000150804936	0.903780522513	0.958661899806	36	20	
20220000	470.245107	1	1.374154734597	0.000230219705	0.567375356007	0.462923934954	25	12	
20230000	479.005314	1	1.445127861641	0.000173464429	0.548691375109	0.721543061669	31	13	
20240000	474.655132	1	1.423747663693	0.000163196772	0.664277618240	0.789783901324	31	14	
20250000	475.577087	1	1.451100937681	0.000167440471	0.494269590248	0.931429748315	35	17	
20260000	484.517417	1	1.445003822908	0.000203588943	0.715209476753	0.560047718841	30	19	
20270000	478.596529	1	1.448003775039	0.000164980809	0.703660307901	1.150193262670	29	18	
20280000	476.880094	1	1.431419556033	0.000201684726	0.369161482851	0.623402145804	28	13	
20290000	484.519461	1	1.394819693998	0.000179520408	0.539778128060	0.715538211073	42	11	
20300000	488.991981	1	1.399759275915	0.000195018212	0.479461679098	0.727246324607	34	14	
20310000	460.855393	1	1.468493924076	0.000185973241	0.843995513474	1.028757281649	32	14	
20320000	461.978379	1	1.377693282811	0.000153437536	0.864399425106	1.097089446610	37	20	
20330000	463.992582	1	1.403615849618	0.000184123840	0.912075692977	1.209010331832	29	8	
20340000	479.398473	1	1.460421797927	0.000215817417	0.432238760088	1.183845077436	33	10	
20350000	467.948172	1	1.415513283246	0.000169292897	0.757658711869	0.856167186804	31	17	
20360000	468.645572	1	1.454369728073	0.000185388915	0.503900120264	1.308175378106	32	8	
20370000	472.213378	1	1.389496802256	0.000180716863	0.633294412513	0.869891140119	38	16	
20380000	481.173625	1	1.407828620557	0.000208835591	0.554731278140	0.853257865765	32	20	
20390000	479.844725	1	1.385972568117	0.000205914644	0.520398455932	0.770844116631	24	14	
20400000	480.780636	1	1.393252888562	0.000153781757	0.504213121574	0.844422838771	30	17	
20410000	470.365615	1	1.371788561136	0.000146051968	0.502566289051	0.790231282433	38	17	
20420000	466.270630	1	1.455538284064	0.000149828591	0.703910417887	1.168408622256	27	13	
20430000	470.707453	1	1.455918690515	0.000189714972	0.515500241767	1.003601747988	25	14	
20440000	477.576443	1	1.335328335343	0.000219259759	0.525489539843	0.704486174132	31	9	
20450000	483.190647	1	1.425433116994	0.000191935771	0.664873873576	0.875073686959	29	16	
20460000	483.223773	1	1.414962086901	0.000156955987	0.699763570002	0.703068983971	37	21	
20470000	471.487128	1	1.439110854752	0.000204853358	0.541258189339	1.091267773770	34	16	
20480000	473.718840	1	1.466236952088	0.000142802740	0.778963541976	2.425143269915	26	12	
20490000	487.233897	1	1.479247103472	0.000151584645	0.690201860038	0.939496336943	32	15	
20500000	468.344790	1	1.440130433040	0.000270969754	0.727204061131	0.622018110546	31	13	
20510000	481.663116	1	1.364523089649	0.000362006875	0.334079541722	0.314791729989	25	19	
20520000	480.536055	1	1.460068119133	0.000241387678	0.573284945225	0.967635312358	38	17	
20530000	471.253506	1	1.470843882482	0.000226056579	0.601796162563	1.027138580589	31	19	
20540000	472.131737	1	1.412346903620	0.000179806631	0.770430126352	0.897941529284	25	9	
20550000	488.886798	1	1.467404040332	0.000177319907	0.528167527213	0.740527736030	35	17	
20560000	469.634504	1	1.460214069291	0.000214588633	0.518740139771	1.218386186721	43	13	
20570000	472.434738	1	1.366144672997	0.000289483673	0.423544534676	0.659918561169	35	7	
20580000	472.089487	1	1.415509690611	0.000160955281	0.733100234319	0.977419303275	29	10	
20590000	476.522932	1	1.380441603495	0.000185560030	0.803546234383	0.667903345462	34	15	
20600000	487.169403	1	1.407965388790	0.000198198788	0.396424860838	0.811520986988	35	15	
20610000	476.424203	1	1.389622261755	0.000223713909	0.521916380231	0.665020433256	37	10	
20620000	479.136278	1	1.416225997740	0.000244301285	0.355345743145	0.596163777201	29	15	
20630000	473.003549	1	1.420918394835	0.000211609136	0.427400286868	0.776628437295	31	11	
20640000	476.478150	1	1.488209796665	0.000184247157	0.695870550078	0.870742806357	41	10	
20650000	477.242094	1	1.397321181166	0.000264405412	0.482040589302	0.720358228285	28	12	
20660000	481.689130	1	1.417387580109	0.000291304802	0.420151833010	0.595933990368	37	8	
20670000	476.967362	1	1.493984161066	0.000315736657	0.236316325262	0.453505704120	28	13	
20680000	474.989770	1	1.416285223907	0.000188885889	0.600817932749	0.848681022935	22	12	
20690000	471.575907	1	1.462032679230	0.000162852853	0.752042756702	1.011158180412	33	17	
20700000	486.243060	1	1.395236786387	0.000268598555	0.484480464628	0.594301510890	40	13	
20710000	482.071830	1	1.389527536403	0.000183582739	0.411516747893	0.688111771786	28	22	
20720000	479.709148	1	1.413150956071	0.000198341772	0.388779996959	0.688062095744	36	16	
20730000	479.575677	1	1.400351401080	0.000173702006	0.724566319972	0.801959849075	30	19	
20740000	482.006883	1	1.391841547915	0.000174659111	0.688477924729	0.841490120779	43	13	
20750000	486.494332	1	1.326277106288	0.000139383292	0.775397699139	1.245211971068	35	15	
20760000	481.631020	1	1.383694848969	0.000247909756	0.372134494660	0.571783391432	45	6	
20770000	485.474882	1	1.426522343275	0.000186673659	0.578917547731	0.843404764117	41	10	
20780000	475.898714	1	1.425768065357	0.000184930433	0.410273272683	0.546108785384	39	19	
20790000	473.184529	1	1.509265886747	0.000188069862	0.615263144164	1.224256845429	28	15	
20800000	483.945553	1	1.422812302296	0.000195760235	0.349835185914	1.187174013531	34	16	
20810000	484.159492	1	1.412935281149	0.000167295179	0.642662856339	1.212378599500	38	16	
20820000	474.743962	1	1.420342841710	0.000165938878	0.919852280232	0.847032330537	33	10	
20830000	481.376661	1	1.482098290701	0.000190483068	0.720476704684	0.790911549471	34	12	
20840000	481.360878	1	1.427737446201	0.000203872511	0.531542413926	0.838255509221	21	17	
20850000	478.776828	1	1.443786573491	0.000174736705	0.512767579744	1.197337036845	36	15	
20860000	469.268214	1	1.450470309181	0.000207910438	0.348156678603	0.581008855137	38	8	
20870000	474.537110	1	1.469775661982	0.000156639985	0.608561201299	0.792374324791	29	17	
20880000	468.946557	1	1.444508192752	0.000170684472	0.705773398768	0.968812696750	33	15	
20890000	481.307438	1	1.504891278270	0.000189927907	0.579340814918	1.108732536786	37	14	
20900000	481.059018	1	1.401238526293	0.000142307347	0.594123064223	1.076755885764	36	23	
20910000	483.280573	1	1.385847439424	0.000194140159	0.590944995373	1.147510977735	43	10	
20920000	487.365103	1	1.367933939281	0.000173911901	0.783432900597	1.060652348465	32	8	
20930000	487.273425	1	1.355892956771	0.000192141420	0.513213319180	0.739976756217	32	18	
20940000	468.704027	1	1.329361366202	0.000205140700	0.431518013970	1.001635871205	32	18	
20950000	490.414610	1	1.437695767947	0.000102569673	1.107301335656	1.270369007103	37	11	
20960000	477.657082	1	1.432138681892	0.000212589743	0.426171556325	0.679317798178	36	17	
20970000	471.085563	1	1.439146723238	0.000248031961	0.375026562166	0.652180859027	30	12	
20980000	481.339671	1	1.451020835639	0.000150948346	0.863573319320	0.828056533115	22	15	
20990000	487.046379	1	1.397365695133	0.000206750246	0.446088247297	0.844360854229	34	13	
21000000	489.055323	1	1.313503389431	0.000191934999	0.688198449964	1.035776716408	28	14	
21010000	468.760789	1	1.465392484380	0.000313963008	0.459320719516	0.557763441661	26	20	
21020000	482.060300	1	1.393264536989	0.000217782884	0.427027747374	0.770997678003	36	12	
21030000	476.882616	1	1.414922572099	0.000230070685	0.463257549428	0.720748445014	22	17	
21040000	489.775242	1	1.457875029294	0.000182029845	0.599071243399	0.687056746530	45	17	
21050000	468.180950	1	1.396016648093	0.000247668753	0.464601624088	0.921225724508	26	11	
21060000	471.626308	1	1.458531662677	0.000267190703	0.327334066834	0.590192392308	39	10	
21070000	477.616495	1	1.455831083947	0.000186179961	0.642975470392	0.959289211408	28	10	
21080000	474.506665	1	1.437528162067	0.000137553112	0.818536185730	1.177554911116	30	18	
21090000	473.259912	1	1.534996641493	0.000267418893	0.397280741436	0.449410682254	26	13	
21100000	480.009828	1	1.452540765319	0.000189003528	0.663174349524	0.876899995573	34	10	
21110000	476.186166	1	1.465602081471	0.000140977978	0.689102580193	1.160188239252	32	13	
21120000	473.665543	1	1.390937202179	0.000173209342	0.762417687206	1.449348656810	32	14	
21130000	470.407758	1	1.394638348381	0.000157090345	0.746188287249	1.836814714610	24	21	
21140000	469.070226	1	1.435193887090	0.000204996014	0.415860799763	0.908981373204	26	13	
21150000	477.968662	1	1.450273916775	0.000258756403	0.464379544304	0.742144454701	36	13	
21160000	474.851571	1	1.407719031351	0.000218990116	0.516751330265	0.511097740184	35	17	
21170000	464.130272	1	1.381903923171	0.000173256841	0.446608355579	1.112854401960	32	15	
21180000	480.293847	1	1.473236344957	0.000204608678	0.554639373621	0.841611462493	25	14	
21190000	470.844118	1	1.410085293540	0.000188607948	0.623196607496	1.393067038445	34	13	
21200000	480.641126	1	1.398810990665	0.000159729040	0.851035762095	1.351449345751	35	14	
21210000	484.553771	1	1.385242858788	0.000142083000	0.574694283432	1.306200202577	37	14	
21220000	478.433521	1	1.353395589746	0.000238777197	0.420460925201	0.502493090112	38	8	
21230000	476.010652	1	1.446931054511	0.000194789285	0.532651493771	1.029630445994	32	10	
21240000	490.051287	1	1.419776214745	0.000255103524	0.455185734796	0.652527206510	28	14	
21250000	478.820829	1	1.447226280818	0.000185481449	0.785649241824	1.153314052552	31	14	
21260000	457.049214	1	1.436615244000	0.000245640266	0.445845653778	1.000517709207	25	14	
21270000	480.337266	1	1.413190335232	0.000177947796	0.508748166450	1.022714389647	39	19	
21280000	475.702530	1	1.390705906310	0.000158961382	0.508111931075	1.125541170954	40	12	
21290000	472.404936	1	1.498362524369	0.000209343888	0.604052364669	0.799984154406	32	12	
21300000	471.246289	1	1.351247765001	0.000162120856	0.755776035411	1.076401094210	21	16	
21310000	484.100888	1	1.347470627994	0.000194894123	0.620893164404	0.585971780630	26	21	
21320000	467.795581	1	1.438016112821	0.000188892052	0.565946249932	0.959425819930	31	12	
21330000	469.619864	1	1.430599265429	0.000170164987	0.641565201111	1.440459547844	32	10	
21340000	477.071078	1	1.445389065145	0.000176880261	0.603691114169	1.140135458241	26	15	
21350000	482.583146	1	1.362324965030	0.000146723532	0.555022602828	1.204983511495	31	14	
21360000	470.409854	1	1.400122985311	0.000235006198	0.456555972152	0.687334469459	29	17	
21370000	476.997297	1	1.374928301371	0.000169803629	0.824142115335	1.033601683168	31	14	
21380000	489.178695	1	1.424649080949	0.000188439506	0.593205963320	0.747521797153	36	19	
21390000	485.955903	1	1.416036392217	0.000166231210	0.707195617226	0.977709293390	37	14	
21400000	483.302802	1	1.410243971749	0.000136094904	0.707924308338	0.785802049414	39	14	
21410000	466.664832	1	1.397631156635	0.000211066998	0.297813999353	0.594375981550	31	13	
21420000	473.663244	1	1.470518356874	0.000135344099	0.960238543639	1.334527946899	27	15	
21430000	464.557443	1	1.429950004073	0.000134041754	0.565900282283	0.980224265179	38	17	
21440000	481.851931	1	1.384166273487	0.000171072141	0.603378927311	1.272413540543	33	15	
21450000	465.408454	1	1.489625828820	0.000206154098	0.569620833821	1.081571637870	36	12	
21460000	470.684712	1	1.403911210391	0.000150561140	0.526774010114	1.088000177522	29	16	
21470000	475.980400	1	1.465002561511	0.000167201457	0.555061764576	0.930435284478	25	14	
21480000	474.923930	1	1.472577453405	0.000218901368	0.412708688257	0.647149058720	39	16	
21490000	471.624290	1	1.416607088477	0.000251257777	0.453662375281	0.631645399418	38	8	
21500000	484.134262	1	1.430295053229	0.000179963927	0.451046498294	0.846018476567	46	19	
21510000	487.132128	1	1.422549458991	0.000136554431	0.538294874933	0.791721977032	35	15	
21520000	480.797765	1	1.410695915881	0.000202414484	0.641433308865	0.568581009119	29	17	
21530000	458.690707	1	1.391707825475	0.000199805183	0.761281415791	0.815929925667	30	15	
21540000	482.172434	1	1.490528090789	0.000221344736	0.662457463116	0.748600953988	37	9	
21550000	490.998533	1	1.426078033748	0.000176134561	0.619561006689	0.831483996556	32	17	
21560000	492.792650	1	1.463195909071	0.000170108513	0.672916240941	0.703754341251	44	16	
21570000	471.078279	1	1.384895782863	0.000136302513	0.886449661530	1.662249542384	30	16	
21580000	476.802353	1	1.324848078924	0.000219637284	0.439733818323	0.736947276656	31	13	
21590000	483.808136	1	1.437640717687	0.000194856109	0.421537690410	0.624470374775	26	14	
21600000	466.946542	1	1.423369924436	0.000228740783	0.538224554502	0.683123413675	27	13	
21610000	487.264759	1	1.448828388076	0.000153303613	0.385715762034	0.743574013863	38	24	
21620000	485.365413	1	1.430940520389	0.000170081755	0.515896894648	0.943967535746	30	14	
21630000	484.580877	1	1.343607563326	0.000217312121	0.334287330028	0.557931010385	35	17	
21640000	486.525303	1	1.417691134463	0.000177782671	0.489970620984	0.870575237048	27	18	
21650000	480.957398	1	1.407602483992	0.000193260623	0.546324479288	0.804918368294	33	17	
21660000	486.603618	1	1.428991312270	0.000195466144	0.634049678806	0.837233102275	22	16	
21670000	471.980820	1	1.404009665339	0.000172903697	0.617973573731	0.998761487209	34	20	
21680000	462.339381	1	1.419554862322	0.000184620255	0.773288538758	1.165541600936	27	14	
21690000	478.601230	1	1.391425249995	0.000194539122	0.636276079273	0.601403063444	29	16	
21700000	464.230992	1	1.422826750434	0.000257654239	0.431937366757	1.041113765461	27	12	
21710000	470.849545	1	1.458313616979	0.000152998559	0.723463067919	0.915660718800	41	13	
21720000	475.527974	1	1.433550218792	0.000187222863	0.622998447503	0.851775601421	35	17	
21730000	483.037065	1	1.441753237474	0.000184079842	0.457544420123	0.778323809499	31	20	
21740000	484.514840	1	1.445612872940	0.000167415498	0.539889002698	0.817750570575	33	14	
21750000	490.259978	1	1.394094990755	0.000318066548	0.350023963283	0.691555014321	33	8	
21760000	465.226707	1	1.374579023077	0.000183433387	0.987038759560	1.229933706110	32	11	
21770000	491.872712	1	1.438824563240	0.000161325921	1.006916141619	0.975121900530	44	8	
21780000	480.494584	1	1.389955587945	0.000242534845	0.502428472021	0.698148894930	35	15	
21790000	487.658933	1	1.431532710224	0.000198105078	0.722003436894	1.073156960842	35	5	
21800000	468.285588	1	1.452545658735	0.000200641536	0.693926474052	1.192076752408	30	16	
21810000	483.923062	1	1.371490563204	0.000182601224	0.775639568409	0.902260306136	31	12	
21820000	491.471088	1	1.434676897965	0.000142552687	1.070161770250	1.513500764624	37	12	
21830000	477.379367	1	1.466353508003	0.000165669867	0.929474335122	1.379730470590	37	14	
21840000	475.754135	1	1.390347496968	0.000151345397	0.686170946798	1.164972465773	32	16	
21850000	486.961307	1	1.394904443042	0.000135973300	0.650972339839	0.995393710534	27	17	
21860000	476.120961	1	1.395932289333	0.000180454569	0.602838319054	1.011313515287	26	17	
21870000	452.056890	1	1.345812690876	0.000160468307	0.742980185619	0.741639805431	29	16	
21880000	471.769741	1	1.480110948167	0.000174803488	0.579124228083	1.534031145771	40	16	
21890000	468.671528	1	1.344483332923	0.000194771535	0.750294855202	1.140812202705	30	14	
21900000	475.186865	1	1.425227174821	0.000166923538	0.610757989539	1.207325727107	29	21	
21910000	477.917892	1	1.375245977772	0.000173106524	0.775835448883	1.041035705428	39	13	
21920000	488.877138	1	1.455814366589	0.000187382508	0.581211844574	0.894644592629	23	17	
21930000	469.168405	1	1.442316714144	0.000221615100	0.425556456669	0.785227053003	28	15	
21940000	481.827925	1	1.436984342666	0.000183789184	0.771112951769	0.891103902925	30	21	
21950000	457.274075	1	1.318735006993	0.000271735358	0.520047043007	0.905913987246	32	10	
21960000	475.655293	1	1.409171289349	0.000183381728	0.574534935604	0.969448239352	29	12	
21970000	484.535927	1	1.378609786003	0.000187176747	0.561847861247	0.802501251751	29	13	
21980000	488.484570	1	1.399848538111	0.000154217103	0.622702533541	0.998659873703	38	12	
21990000	489.835070	1	1.416104566526	0.000171360722	0.502210090935	0.824478398933	32	21	
22000000	484.932910	1	1.426891901938	0.000196214896	0.444534707665	1.006211881626	28	8	
22010000	469.708812	1	1.478521708268	0.000120968739	0.760924739356	1.291084799678	36	17	
22020000	455.118733	1	1.409210704945	0.000170901659	0.715717716138	0.992513756684	38	13	
22030000	476.589854	1	1.360114959433	0.000170514724	0.752317786727	1.134845333036	29	12	
22040000	478.839888	1	1.448782551764	0.000164479230	0.860120277406	0.783539168115	33	9	
22050000	474.395241	1	1.359641422400	0.000159019612	0.861295689240	0.664709919551	40	12	
22060000	480.989079	1	1.380926994308	0.000194943507	0.539778393863	0.937450574945	35	6	
22070000	487.589468	1	1.502237250829	0.000163875005	0.532586132356	1.005365198415	34	16	
22080000	484.170889	1	1.406164996771	0.000180077196	0.622267645775	0.644290784120	40	10	
22090000	476.586276	1	1.439620835258	0.000163331516	0.563314701264	0.873249761596	29	13	
22100000	479.954524	1	1.411105482344	0.000197816894	0.383642567807	0.676356992828	30	12	
22110000	471.735561	1	1.349013847522	0.000182247690	0.376205373709	0.470642556807	30	15	
22120000	481.067979	1	1.395377128607	0.000176886215	0.388877140598	0.772319513180	31	10	
22130000	469.626795	1	1.396569508100	0.000175618754	0.420564109791	0.657723109506	25	13	
22140000	480.194289	1	1.425799321793	0.000187802855	0.483327543894	0.646406076152	34	20	
22150000	472.071933	1	1.522314116987	0.000167361911	0.661263190749	1.143808413535	33	12	
22160000	474.694994	1	1.428466060029	0.000192516647	0.487344169984	0.550308846313	38	15	
22170000	493.740323	1	1.403334125807	0.000168065890	0.791618831723	0.786308083287	36	15	
22180000	473.480365	1	1.388168800389	0.000232873152	0.457822121186	0.563895202721	32	15	
22190000	481.230705	1	1.405501138819	0.000279905607	0.235218955662	0.801833073166	33	16	
22200000	473.729032	1	1.430440395683	0.000196400770	0.776750488404	0.909407259627	35	11	
22210000	477.249599	1	1.476185815946	0.000175745246	0.484347523277	0.847686625349	35	17	
22220000	479.626239	1	1.425119244994	0.000168979124	0.598738638916	0.566488906894	30	20	
22230000	474.312422	1	1.478979047858	0.000170838411	0.878687414238	0.953145456438	25	15	
22240000	491.097265	1	1.428077900887	0.000224621952	0.562649490908	0.749854699115	35	16	
22250000	505.032741	1	1.394618544799	0.000229873277	0.299525401455	0.466381196397	40	12	
22260000	485.263974	1	1.447358019847	0.000172745020	0.552253675340	0.803671556864	29	14	
22270000	488.155378	1	1.395467529079	0.000187410201	0.550900488935	1.045113966336	42	11	
22280000	475.321672	1	1.453821653332	0.000198051053	0.877880871128	0.800066669881	28	15	
22290000	480.112424	1	1.399348272751	0.000161096765	0.595911978315	0.785276094552	26	20	
22300000	487.620211	1	1.409507187538	0.000183212621	0.696658083839	1.177361864201	44	14	
22310000	475.130736	1	1.393266375772	0.000217961705	0.561987106559	0.567960358114	32	14	
22320000	489.898749	1	1.374679608560	0.000154141249	0.603003125620	1.001306321216	43	12	
22330000	486.384591	1	1.475673189718	0.000158518466	0.951499921648	0.752582392889	35	10	
22340000	475.012216	1	1.405382167460	0.000217122587	0.503159290443	0.651132176210	30	21	
22350000	471.781842	1	1.371401681275	0.000195492947	0.636352525465	1.244555242784	32	9	
22360000	486.304838	1	1.399453994055	0.000148225644	0.525190565882	1.122325259091	33	16	
22370000	475.332275	1	1.447385421902	0.000245320824	0.490657268262	0.567844646346	30	14	
22380000	478.768706	1	1.397562215818	0.000189951319	0.535621710695	0.851972891105	36	13	
22390000	482.405884	1	1.423386209282	0.000157862717	0.652053043059	1.015373931060	26	18	
22400000	462.737624	1	1.470885231341	0.000175210241	0.842214445113	1.107439845737	34	14	
22410000	476.501845	1	1.442063759028	0.000157744686	0.610324510935	1.217181564685	34	13	
22420000	464.960131	1	1.435573447193	0.000237375180	0.478673434854	0.947012025244	31	13	
22430000	472.428582	1	1.457820880276	0.000176268301	0.770898215463	0.876552736687	30	23	
22440000	484.248934	1	1.471475752726	0.000180151575	0.509324720872	0.784919443092	27	12	
22450000	473.406292	1	1.449489016979	0.000199685948	0.586952422244	0.594478316135	35	14	
22460000	486.531685	1	1.421152310822	0.000217892740	0.347064971322	0.533122208242	45	14	
22470000	479.870259	1	1.405697188468	0.000206778055	0.544775223948	0.686470450367	33	17	
22480000	478.165914	1	1.355585290622	0.000139861140	0.828602355097	1.180322681345	28	12	
22490000	471.025608	1	1.327348880087	0.000182824172	1.060252008176	1.320881699885	47	10	
22500000	479.653574	1	1.441708357351	0.000186063176	0.623053924070	1.046895413122	37	15	
22510000	471.207552	1	1.440070320239	0.000193299840	0.614198420943	1.203263528769	38	13	
22520000	476.348173	1	1.539465615755	0.000153380885	0.811425933757	1.157138728149	34	17	
22530000	489.108861	1	1.459234960559	0.000155699534	0.661964065741	0.815231462003	35	20	
22540000	478.211209	1	1.396153567005	0.000208948823	0.683124771053	0.743222891204	38	13	
22550000	460.499194	1	1.501558118827	0.000227802309	0.543815460742	0.932612781348	30	12	
22560000	470.741356	1	1.397355742505	0.000299909499	0.304350758245	0.568011263838	32	15	
22570000	470.497917	1	1.398648691592	0.000269793863	0.622843030453	0.644001768606	32	17	
22580000	467.557917	1	1.391630437262	0.000215245665	0.904226949163	1.430656461942	22	11	
22590000	477.232766	1	1.380929037847	0.000178342939	0.653473382727	1.010578979832	32	17	
22600000	470.087335	1	1.413527044758	0.000198242404	0.422574199992	0.738080461733	33	15	
22610000	464.978959	1	1.418331816512	0.000165867963	0.484697295478	0.936683382444	35	13	
22620000	482.247077	1	1.446254631314	0.000184856910	0.497959384374	0.921493937689	33	18	
22630000	469.808734	1	1.471456282751	0.000224115617	0.398507158423	0.895864211746	33	7	
22640000	472.634522	1	1.445997728828	0.000163183121	0.696064148517	0.836648506618	41	17	
22650000	483.968766	1	1.380411594693	0.000130582400	0.582802622866	0.836484949177	26	22	
22660000	493.422045	1	1.426003271606	0.000175954508	0.527441836983	0.923290259960	34	21	
22670000	473.283993	1	1.371432141372	0.000148206828	0.719977284472	0.841421789918	38	15	
22680000	484.906373	1	1.476948194271	0.000195769512	0.498064158523	0.743598570781	31	15	
22690000	485.897660	1	1.408378313965	0.000280190348	0.412568893520	0.510193193588	32	18	
22700000	480.226959	1	1.416673001467	0.000243716171	0.432464681285	0.689848349272	35	15	
22710000	480.453692	1	1.520522468950	0.000149982729	0.739997069140	0.728196351182	32	17	
22720000	470.015612	1	1.409369485136	0.000172078856	0.886540699038	0.985304570862	26	15	
22730000	474.459530	1	1.437385356966	0.000165521116	0.742891480227	0.959780672947	32	13	
22740000	468.395300	1	1.442181525474	0.000215290054	0.647907820881	0.734372105613	33	11	
22750000	479.308708	1	1.418499143911	0.000182831270	0.911250153313	1.251822135615	29	11	
22760000	481.105956	1	1.406935864908	0.000196590788	0.461434677995	0.746446472072	35	10	
22770000	476.051724	1	1.428797542679	0.000148448814	0.767951483971	1.144338046927	33	14	
22780000	472.514752	1	1.414713283264	0.000159679135	0.800869753803	1.282720356948	36	18	
22790000	486.151928	1	1.432854506991	0.000154435401	0.612648629572	1.008881220205	38	12	
22800000	480.161616	1	1.437063064800	0.000213888428	0.354537557583	0.738527488941	33	10	
22810000	483.187289	1	1.424809445980	0.000193402063	0.510958649574	0.531377021603	31	18	
22820000	458.912717	1	1.447298943699	0.000178701827	0.871496655073	1.018531985491	30	15	
22830000	482.482998	1	1.442448519198	0.000194552375	0.556494721481	0.787554046849	41	14	
22840000	467.003642	1	1.437983507962	0.000144584811	1.166359377580	1.217499968464	35	13	
22850000	476.333681	1	1.543543808620	0.000141540361	0.837092519828	0.908825988454	28	16	
22860000	481.233377	1	1.424281265358	0.000170662916	0.433171551693	0.977936452080	36	15	
22870000	478.924994	1	1.457211525832	0.000162896328	0.600178862693	0.929383174720	36	16	
22880000	480.331364	1	1.488452761995	0.000190576155	0.491046645262	0.592865846504	38	15	
22890000	478.333543	1	1.384277563674	0.000208184867	0.457869086633	0.645413046514	36	16	
22900000	470.542332	1	1.438193304273	0.000170329521	0.640495302981	0.925444746771	31	15	
22910000	474.131031	1	1.425783566092	0.000163211147	0.603757075411	0.784050727904	31	21	
22920000	477.987615	1	1.470872336365	0.000167298979	0.875333194522	1.197151037863	31	15	
22930000	477.477227	1	1.416853660126	0.000168468556	0.655716438481	1.371874670872	30	18	
22940000	486.267020	1	1.411131693458	0.000175812308	0.462646604745	1.145578086965	26	12	
22950000	467.550121	1	1.418151581317	0.000181844655	0.779791346387	0.818413179387	24	16	
22960000	477.749247	1	1.356616725056	0.000150590466	0.793903949005	0.856839745837	41	15	
22970000	493.368960	1	1.397257463557	0.000187215516	0.658938666241	0.959469264685	39	12	
22980000	475.965734	1	1.355212637900	0.000238463208	0.419833091369	0.514516066780	38	14	
22990000	485.788626	1	1.436476125944	0.000275981333	0.406182347365	0.585387214375	35	11	
23000000	468.843492	1	1.525998988487	0.000172926901	0.681558604232	0.984235083866	30	11	
23010000	471.972133	1	1.411896855593	0.000182584805	0.532326699564	1.255447357565	38	11	
23020000	471.187304	1	1.382425558082	0.000194020769	0.529695638680	1.046735339111	32	9	
23030000	493.325982	1	1.446202186538	0.000159412833	0.742297917662	1.032101395151	34	16	
23040000	483.901514	1	1.439404246848	0.000164587283	0.782879295196	0.730999415482	39	19	
23050000	483.476265	1	1.465973227359	0.000149019964	0.664500152578	0.772512762928	35	12	
23060000	484.465293	1	1.415188469811	0.000199871843	0.498464288739	0.593442299777	25	14	
23070000	469.119577	1	1.399621402115	0.000168087522	0.494391628191	0.836207988460	39	17	
23080000	462.800009	1	1.377906296665	0.000207763794	0.483011410352	0.855854702322	23	19	
23090000	470.443036	1	1.342350424057	0.000189894677	0.489840917492	0.939028907700	35	12	
23100000	483.057431	1	1.385169476452	0.000164319894	0.666708184339	0.682171519213	32	10	
23110000	473.567468	1	1.468146777915	0.000194759762	0.558844144851	0.705442733125	32	13	
23120000	482.002223	1	1.395395970236	0.000157422591	0.669236377009	0.777150224963	28	16	
23130000	471.730043	1	1.415666294107	0.000171688216	0.643671875586	0.964903166340	34	7	
23140000	480.895831	1	1.357118644076	0.000153162640	0.810934324886	0.916579505743	45	18	
23150000	479.870980	1	1.403414401572	0.000212581364	0.620671690763	0.804818402126	36	12	
23160000	483.818124	1	1.463213590253	0.000187809594	0.480761218890	0.766950961326	33	9	
23170000	469.536669	1	1.374339228031	0.000173776750	0.787599349690	1.083385692589	36	13	
23180000	485.739717	1	1.448735331476	0.000225207259	0.533902118147	0.531593968110	32	7	
23190000	472.186675	1	1.457203308370	0.000227678215	0.584429185496	0.859168231452	27	9	
23200000	465.308093	1	1.414991878416	0.000190213055	0.648266232469	0.930622251040	23	16	
23210000	486.657127	1	1.458498629835	0.000204895606	0.396291542619	0.755471746293	26	11	
23220000	477.262699	1	1.461267537491	0.000151832472	0.653179625686	1.145241110730	39	17	
23230000	471.890182	1	1.459593228383	0.000160658970	0.636809706640	1.319711038511	35	11	
23240000	487.425830	1	1.349220463066	0.000197679825	0.685383541778	1.113274374632	33	7	
23250000	483.632495	1	1.419687040803	0.000204025150	0.309824798745	1.157091340658	30	15	
23260000	484.004949	1	1.375572048367	0.000201365299	0.406802541101	0.784108473864	44	13	
23270000	475.334913	1	1.459019395522	0.000271579464	0.563277531997	0.815011731376	35	11	
23280000	469.013680	1	1.406205742427	0.000229101414	0.453719374594	0.767886241309	28	10	
23290000	483.121300	1	1.332954688026	0.000133924063	0.780246807655	1.518522863979	25	13	
23300000	476.283025	1	1.442251169147	0.000256704753	0.518651266346	0.696666925939	34	9	
23310000	480.396859	1	1.513374629775	0.000318358738	0.419849847530	0.498967047060	37	6	
23320000	491.560066	1	1.399477388220	0.000219697431	0.454225710331	0.626101717122	40	17	
23330000	488.538447	1	1.404968971923	0.000220688792	0.541584233044	0.577695357617	31	12	
23340000	478.802831	1	1.348050981876	0.000261913087	0.500857500491	0.587303869463	34	17	
23350000	476.183762	1	1.446530704586	0.000190365916	0.542675846163	0.735894311025	30	14	
23360000	468.935842	1	1.350100664771	0.000223010355	0.558071200189	0.808198339776	30	7	
23370000	480.660811	1	1.444434091808	0.000249654741	0.450531237662	0.539586591286	32	11	
23380000	474.847557	1	1.420804796460	0.000188157738	0.573431459569	0.900636230445	28	11	
23390000	479.247927	1	1.369791145999	0.000171692714	0.556012943787	0.837273875171	27	18	
23400000	483.172144	1	1.375939098108	0.000165547864	0.734447375819	1.249659220467	30	19	
23410000	479.950655	1	1.474632890065	0.000166757846	0.520365845184	0.583078842653	35	17	
23420000	472.438274	1	1.376912233927	0.000171822919	0.734404333032	1.060142499906	36	16	
23430000	472.272828	1	1.385239902420	0.000155517237	0.607954788391	0.999535576954	33	22	
23440000	486.059473	1	1.453996242584	0.000201310357	0.365167560392	0.766430476370	37	11	
23450000	476.022749	1	1.440552489694	0.000152288000	0.504168684105	0.690655177699	33	10	
23460000	477.356182	1	1.432846058128	0.000140549163	0.941402390213	1.094274692804	47	14	
23470000	470.572323	1	1.342993945644	0.000220833793	0.655524929164	0.718470667029	34	11	
23480000	482.054086	1	1.459624692731	0.000188932743	0.615535419177	0.892743232064	36	15	
23490000	469.156094	1	1.402586370633	0.000220633507	0.422152266576	0.628122278663	37	12	
23500000	489.057988	1	1.452502222936	0.000223748491	0.483052742531	0.631188233854	26	18	
23510000	470.990481	1	1.336257504346	0.000201366940	0.808139876250	0.753284614577	34	12	
23520000	479.126009	1	1.399008962689	0.000188449539	0.478706047616	0.993108233744	35	15	
23530000	485.420670	1	1.436621286000	0.000191983210	0.472658375754	0.660682584656	41	13	
23540000	472.055138	1	1.443217289940	0.000215663635	0.571546868743	0.798626688473	35	16	
23550000	475.033842	1	1.419558355230	0.000187775638	0.612049706339	0.840326975918	30	13	
23560000	477.297744	1	1.376605124993	0.000178779113	0.612622043481	0.933868824088	29	14	
23570000	464.029843	1	1.474896778937	0.000201118656	0.426322287546	1.220230041848	37	14	
23580000	479.187820	1	1.451346794138	0.000166960328	0.569983867341	0.858917055117	35	15	
23590000	476.695114	1	1.416869730081	0.000274274095	0.325124620851	0.426252417009	36	19	
23600000	471.954189	1	1.404006414076	0.000197869268	0.690242824227	0.984060728249	24	8	
23610000	474.630494	1	1.363042718201	0.000177974827	0.566803110922	1.117484745112	36	9	
23620000	471.582447	1	1.428230725554	0.000173486435	0.680415880315	0.897439269752	23	15	
23630000	474.678562	1	1.482543884185	0.000164839077	0.740456078671	0.994199540072	32	14	
23640000	471.611640	1	1.448029092218	0.000220311060	0.641623632323	0.788618903560	31	11	
23650000	485.093709	1	1.448752776009	0.000178601111	0.565353492318	0.747870757359	43	12	
23660000	486.925939	1	1.357653602473	0.000199514666	0.559798141570	0.920516040230	39	11	
23670000	480.038263	1	1.460958525077	0.000190501311	0.571984466319	0.767060980953	33	12	
23680000	477.530410	1	1.403162708887	0.000227153733	0.652542464680	0.851670904312	31	10	
23690000	482.564554	1	1.389770501996	0.000227572595	0.516213225694	0.627590876163	28	15	
23700000	485.538149	1	1.385995957551	0.000150718408	0.720780552985	0.879120612353	25	13	
23710000	483.663747	1	1.429152161413	0.000202778800	0.549692965122	0.654719040202	30	10	
23720000	471.705205	1	1.462428464119	0.000202075904	0.501946835328	0.880052207443	32	13	
23730000	465.598521	1	1.417376650342	0.000190415527	0.788881712166	0.896400338353	34	18	
23740000	482.440392	1	1.359321573140	0.000152586448	0.681732681822	1.466404662729	38	13	
23750000	486.725451	1	1.455306165675	0.000186984202	0.556055919835	0.718519467153	35	15	
23760000	477.408315	1	1.328332560119	0.000143750950	0.596276997576	1.311682775737	35	19	
23770000	482.596585	1	1.354196053692	0.000179966825	0.545204563263	1.010456044867	32	9	
23780000	483.764299	1	1.401150529680	0.000182310315	0.529762854175	0.881610817477	21	16	
23790000	471.252624	1	1.361729372864	0.000154598271	0.619677797541	1.186012054979	31	23	
23800000	485.286422	1	1.490342791673	0.000221678562	0.516054804117	0.375897048902	31	19	
23810000	487.154412	1	1.373267175980	0.000165765850	0.482679207356	0.586744617185	26	14	
23820000	486.184691	1	1.418877181533	0.000185500938	0.518932362742	0.926731344647	33	12	
23830000	492.278374	1	1.410520648356	0.000229490496	0.450510127776	0.680564796071	38	13	
23840000	487.316803	1	1.398162715184	0.000134664276	0.970623766452	1.515375456064	33	13	
23850000	469.084709	1	1.462885716270	0.000206954539	0.824458474962	0.657728418471	41	10	
23860000	497.325019	1	1.479447783083	0.000186381750	0.609216738635	0.757400980360	37	14	
23870000	480.743733	1	1.385506171735	0.000235638850	0.410888676946	0.669349634267	38	16	
23880000	482.030700	1	1.493051094812	0.000221280244	0.440102625469	0.693256863621	25	16	
23890000	485.824713	1	1.475703050400	0.000174545406	0.467733993319	0.718225096775	36	8	
23900000	480.852629	1	1.378472328148	0.000156570856	0.648549020660	1.288068772067	38	11	
23910000	481.276347	1	1.392367186104	0.000182820703	0.345639718953	0.796248437091	41	15	
23920000	472.055417	1	1.361637569842	0.000178644901	0.411246472050	0.751825206659	36	11	
23930000	479.967736	1	1.423147803579	0.000124027875	0.777335290818	1.158860072911	31	19	
23940000	473.246950	1	1.401010625558	0.000201687187	0.447707847870	0.604684561221	38	12	
23950000	481.128138	1	1.398607674567	0.000194755139	0.358999164942	0.753899403068	42	16	
23960000	474.598802	1	1.358120796051	0.000198136386	0.460321583798	0.829902826714	33	12	
23970000	477.750261	1	1.414707427626	0.000188316653	0.583814341637	0.739575295920	30	11	
23980000	491.558832	1	1.425323938469	0.000123740685	0.723449433183	1.315861021900	34	15	
23990000	475.196462	1	1.369267319357	0.000157247497	0.514454114379	0.973731103804	33	15	
24000000	491.223093	1	1.410351083317	0.000191649143	0.455147013601	0.666213916486	35	12	
24010000	475.481567	1	1.410189308162	0.000184819913	0.427698403327	0.645100832695	31	15	
24020000	466.801747	1	1.470882075195	0.000171124271	0.650570718032	0.872241382135	25	15	
24030000	480.877978	1	1.411510443984	0.000198255540	0.435548162595	0.601576667113	27	20	
24040000	464.917322	1	1.422548798270	0.000134609013	1.107991690226	1.245933883321	35	15	
24050000	481.286480	1	1.435444290795	0.000203512112	0.521089930061	0.849679032782	30	10	
24060000	468.018721	1	1.391965611612	0.000309113097	0.298615676579	0.744106302832	26	13	
24070000	473.342864	1	1.374271443096	0.000193531704	0.412839009026	1.011097907800	36	14	
24080000	462.196974	1	1.386165045930	0.000230717001	0.575815173823	0.905689679092	25	14	
24090000	491.778484	1	1.384691676400	0.000177752147	0.473088650572	0.606839983478	28	21	
24100000	483.612296	1	1.353944631206	0.000157263136	0.818360074991	1.544521392229	32	19	
24110000	468.648889	1	1.426815692921	0.000182164779	0.648679738286	0.834186171339	27	17	
24120000	497.053167	1	1.403755064085	0.000156317492	0.752444787108	0.885003680240	46	13	
24130000	475.353608	1	1.380369990766	0.000151349377	0.646060392165	0.990916701625	32	7	
24140000	477.725700	1	1.451752181847	0.000165083896	0.559591713965	0.989152962237	23	11	
24150000	478.832531	1	1.426426226089	0.000166663099	0.514112761830	1.022776599840	29	12	
24160000	479.596500	1	1.410316470238	0.000199162346	0.457679135321	0.545787771136	25	13	
24170000	477.069554	1	1.436752603090	0.000217861241	0.382697529880	0.643860434924	33	10	
24180000	474.824303	1	1.391623047548	0.000139764147	1.005865225842	1.196382069956	30	9	
24190000	475.748197	1	1.395582857621	0.000170316377	0.500898684142	0.980783579962	23	15	
24200000	482.277353	1	1.396110322718	0.000179427998	0.917258474473	1.271615524740	31	14	
24210000	475.237809	1	1.411617738867	0.000268530664	0.327429423638	0.468331549873	33	14	
24220000	487.486028	1	1.429745119288	0.000157589195	0.449402589808	0.790925960436	26	19	
24230000	488.010046	1	1.481913184301	0.000160889156	0.651281986328	0.628097299508	33	17	
24240000	474.801806	1	1.367042637770	0.000168252325	0.485169549500	1.016810863311	39	16	
24250000	485.950045	1	1.418863163358	0.000140225692	0.607161496236	0.945724792994	36	16	
24260000	470.021656	1	1.455045983769	0.000175701765	0.471800444788	0.854828509991	40	12	
24270000	470.738245	1	1.391957468832	0.000173644799	0.371598619056	0.714769978269	35	15	
24280000	467.828789	1	1.419200613178	0.000169970436	0.435778304959	0.988038876345	29	19	
24290000	470.242293	1	1.397853797228	0.000232831452	0.354820557481	0.833000641900	28	12	
24300000	477.297054	1	1.401158018117	0.000187238568	0.430169748993	0.707679861184	36	18	
24310000	484.513044	1	1.452756127509	0.000188453098	0.454637339833	0.655576318379	26	14	
24320000	474.526759	1	1.434599274461	0.000198197627	0.470157944748	0.528739647368	26	19	
24330000	473.816362	1	1.378036008155	0.000216775950	0.567644820500	1.052134021539	30	13	
24340000	480.368996	1	1.406895548658	0.000182973059	0.811224095353	1.050147043481	28	16	
24350000	462.420799	1	1.424136845275	0.000181089320	1.052272367551	1.251850625612	35	7	
24360000	469.210584	1	1.520261885490	0.000229009578	0.667829652847	0.570624178362	31	14	
24370000	482.030502	1	1.412053784594	0.000200571102	0.500049226087	1.047960692972	36	10	
24380000	484.713461	1	1.361850815490	0.000169428565	0.833608538476	0.786854665497	32	16	
24390000	475.889224	1	1.500672286473	0.000196912465	0.613210897259	0.855730886942	34	7	
24400000	475.280935	1	1.447597246423	0.000234116910	0.494790421935	0.545174488475	32	12	
24410000	484.767958	1	1.387460581274	0.000205769610	0.527072275216	0.922960780243	40	18	
24420000	470.071476	1	1.430186250316	0.000180836804	0.664559061025	0.923352010081	37	17	
24430000	470.075525	1	1.373726837880	0.000193700740	0.788867529264	1.182845011448	25	13	
24440000	476.150164	1	1.498905055372	0.000218257870	0.530079286593	0.628057484908	27	14	
24450000	479.602192	1	1.457806285367	0.000209527649	0.642470651640	0.852913728736	26	10	
24460000	476.451025	1	1.339596135897	0.000189336889	0.581921251409	0.815042987581	42	10	
24470000	468.011677	1	1.410001956121	0.000165463862	0.871196504836	1.134862022141	31	16	
24480000	485.115851	1	1.435738342725	0.000203021772	0.549540625103	1.021889322961	35	9	
24490000	490.743754	1	1.385745244905	0.000149032925	0.588559715243	0.911490399489	36	19	
24500000	489.325504	1	1.390944276794	0.000165340161	0.695224119879	0.913715893500	38	16	
24510000	476.891728	1	1.376388882980	0.000180041430	0.632069695171	0.860141430820	35	16	
24520000	470.466938	1	1.358667521698	0.000189126031	0.704330547126	1.002573250067	44	8	
24530000	473.404809	1	1.405851294558	0.000185847826	0.692238330619	1.117938453941	35	13	
24540000	487.332497	1	1.438534220657	0.000136445045	0.635781343030	1.303004158320	29	17	
24550000	480.299782	1	1.471877431545	0.000138063177	0.955859183661	1.482357529813	31	22	
24560000	471.740531	1	1.436937796610	0.000255490909	0.500288202970	0.716854972073	28	11	
24570000	481.375123	1	1.460751016982	0.000200809335	0.408718393899	0.722700838456	30	19	
24580000	468.343591	1	1.540379490664	0.000180626457	0.869983384224	0.638856733703	30	15	
24590000	482.654391	1	1.421860987829	0.000187176886	0.650211640946	0.915176032485	34	10	
24600000	476.304699	1	1.442057731035	0.000187305801	0.525368699377	0.809539091101	35	14	
24610000	469.858041	1	1.529966315718	0.000171968350	0.842085681611	1.650193840536	31	12	
24620000	480.262791	1	1.445480965357	0.000141849381	0.926210377972	1.196007401479	29	16	
24630000	486.471472	1	1.489666856160	0.000226924626	0.438038118041	0.682542067970	35	12	
24640000	467.240819	1	1.442818477879	0.000239137250	0.491074819320	0.713309736063	39	14	
24650000	481.420729	1	1.430823896195	0.000195570453	0.522565603011	1.085581504584	28	13	
24660000	483.527470	1	1.450377238344	0.000180363473	0.835637941737	0.732853789226	26	16	
24670000	483.955466	1	1.404127111466	0.000150873556	0.541836893355	0.894738149028	43	14	
24680000	477.539246	1	1.438194560367	0.000184906136	0.409860351823	0.638367625563	32	17	
24690000	483.053764	1	1.446062586612	0.000161973284	0.485313558745	0.830417587098	28	7	
24700000	470.176246	1	1.418631950754	0.000195581005	0.461063357436	0.662055220365	27	18	
24710000	476.208731	1	1.411939616171	0.000190397715	0.524683964905	0.681319485281	25	15	
24720000	480.994435	1	1.431166990346	0.000193364127	0.784081611226	0.731406095590	36	17	
24730000	490.608358	1	1.379242022925	0.000163660179	0.666887680841	1.015927804637	33	17	
24740000	483.926851	1	1.402839055957	0.000158035497	0.576912061157	1.029257810038	35	16	
24750000	474.069825	1	1.445704565623	0.000176207205	0.483394006316	1.002029310609	26	15	
24760000	484.347744	1	1.422616957895	0.000174115661	0.472335636043	1.064605354213	27	18	
24770000	489.878221	1	1.384726428866	0.000200480165	0.522492176857	0.624007624567	34	15	
24780000	480.621809	1	1.426013971826	0.000211965076	0.449232071132	0.752875646014	38	12	
24790000	472.093419	1	1.382158009940	0.000198560105	0.538163017118	0.810786599281	39	15	
24800000	481.209231	1	1.443982224662	0.000152216609	1.231158711129	1.040658244314	38	16	
24810000	477.354737	1	1.349820441954	0.000217650239	0.344926780777	0.765273220073	20	15	
24820000	484.392788	1	1.434087053524	0.000258450369	0.468325156475	0.526796748676	32	17	
24830000	464.678000	1	1.401147959039	0.000251975941	0.477686362835	0.520940569731	25	14	
24840000	475.212787	1	1.445316694968	0.000203645341	0.705439666942	0.867882531144	32	21	
24850000	473.231982	1	1.400526281286	0.000193273006	0.637059627476	1.020586210233	29	13	
24860000	463.646216	1	1.355148519856	0.000222039261	0.644753640262	0.511885667382	39	14	
24870000	472.557743	1	1.376113046476	0.000194280832	0.501816212524	0.844320516140	43	12	
24880000	476.998730	1	1.398312859126	0.000195408842	0.544499498650	0.976436183562	36	17	
24890000	474.099111	1	1.417735486597	0.000171513576	0.634687462370	0.926673976557	29	14	
24900000	476.821423	1	1.426697693960	0.000193032186	0.507403742103	0.558348704124	36	15	
24910000	478.034797	1	1.366087058503	0.000140884999	0.884933909834	1.308937148184	28	16	
24920000	485.837293	1	1.396098490499	0.000181508468	0.455447144928	0.582961455891	33	12	
24930000	474.643341	1	1.320838930108	0.000139362033	0.642185136051	1.326915408880	27	16	
24940000	485.093160	1	1.399191918165	0.000191752033	0.478419753095	1.069765501701	35	14	
24950000	475.687667	1	1.449564553770	0.000192449922	0.508408084232	0.919162530026	39	13	
24960000	475.945450	1	1.458315452959	0.000184621115	0.455762998510	0.917627764186	34	15	
24970000	481.630152	1	1.385047122385	0.000172742106	0.409511888376	0.659329536046	30	15	
24980000	472.706897	1	1.442520814742	0.000220705656	0.630384608382	0.655658866892	31	11	
24990000	476.604674	1	1.392740852384	0.000195564254	0.602937711321	0.908603329658	24	17	
25000000	464.322453	1	1.372067070087	0.000179577908	0.661514456682	1.115981184318	30	17	
25010000	466.760180	1	1.339276391128	0.000131402114	1.151296674457	0.943442427670	42	22	
25020000	464.228205	1	1.476811716251	0.000143563005	0.775406128537	1.822263626539	35	10	
25030000	480.288786	1	1.496011434789	0.000144157370	0.899598844910	1.273975311199	42	10	
25040000	474.846521	1	1.482828284434	0.000188675946	0.454764241120	1.081386182114	33	12	
25050000	477.588464	1	1.359051605500	0.000203309040	0.487899111157	0.827951044858	36	12	
25060000	475.186980	1	1.409673879350	0.000201480909	0.615781687871	0.685506703027	37	19	
25070000	469.671427	1	1.430427544115	0.000212324794	0.485482625042	0.759483540738	31	16	
25080000	470.677610	1	1.364492684139	0.000174416979	0.797182545754	1.157753101261	33	18	
25090000	475.349621	1	1.413479289637	0.000177298259	0.622973727269	0.683344910901	31	16	
25100000	483.095046	1	1.479261536594	0.000215563320	0.543020839702	0.655957237022	31	14	
25110000	478.229832	1	1.384352528079	0.000168144489	0.614893871536	0.743184346917	19	19	
25120000	486.574225	1	1.405455597102	0.000176994246	0.755480915355	0.819291059389	25	15	
25130000	477.497155	1	1.453127720541	0.000180119336	0.792181538605	1.022383234776	18	18	
25140000	469.109546	1	1.416455789477	0.000198436777	0.772600726971	1.078395482451	27	17	
25150000	485.662056	1	1.366981147303	0.000162218470	0.544187804241	0.842205232417	32	15	
25160000	479.395945	1	1.359378710351	0.000181792132	0.749326185003	0.766506296420	32	13	
25170000	468.028366	1	1.461294164639	0.000172694677	0.721435094485	1.054328811666	28	17	
25180000	474.394337	1	1.367465054124	0.000149001458	0.852334131085	1.077921171862	38	14	
25190000	479.390702	1	1.376647433347	0.000177872350	0.601913634067	1.021102440761	30	14	
25200000	478.846166	1	1.402360538315	0.000171612684	0.638811585600	1.376476356433	24	9	
25210000	483.059799	1	1.416666949598	0.000209260217	0.447615539958	0.525772179454	34	14	
25220000	475.221342	1	1.464946768283	0.000172352461	0.739280643826	0.703573372915	35	12	
25230000	481.242069	1	1.400732790578	0.000190785991	0.425421210996	0.890347022129	28	15	
25240000	480.223618	1	1.402214448882	0.000157980844	0.474728373525	1.089499826624	33	18	
25250000	469.197378	1	1.413724547110	0.000176008582	0.758514380649	1.180134485060	30	9	
25260000	487.216125	1	1.474466843208	0.000167363787	0.729041656620	0.979591263465	27	13	
25270000	488.371546	1	1.406443233396	0.000211428479	0.447596964154	0.833580281707	25	15	
25280000	484.369915	1	1.383511546658	0.000219401561	0.480773534476	0.854916721665	31	11	
25290000	490.038782	1	1.353130575311	0.000220054190	0.493934566469	0.738918046371	32	9	
25300000	484.579672	1	1.410219320754	0.000148496160	0.557387824909	0.795474715560	37	21	
25310000	476.906227	1	1.439140721866	0.000172614788	0.753802878515	0.946328789646	33	14	
25320000	490.044158	1	1.407802465502	0.000163181207	0.666326813876	0.852006766245	27	17	
25330000	470.028799	1	1.388638246624	0.000256454035	0.259180009231	0.484635936301	30	17	
25340000	481.993534	1	1.372114822002	0.000225083921	0.534943835304	0.802071222646	34	17	
25350000	470.580594	1	1.350313373281	0.000191213391	0.620026065078	0.958296969190	31	15	
25360000	472.259905	1	1.411849725926	0.000200631615	0.669340301637	0.596124954039	32	16	
25370000	473.098724	1	1.432046489290	0.000180002466	0.495280202094	1.065099251688	35	12	
25380000	459.499526	1	1.376614103598	0.000194602625	0.525372046337	0.756644521825	25	18	
25390000	466.983629	1	1.456010316182	0.000163731183	0.511500083430	1.037277695422	29	13	
25400000	491.575319	1	1.383161952439	0.000162104746	0.449883189239	0.919696559295	34	18	
25410000	495.928293	1	1.404392923346	0.000165545903	0.465183439614	0.699862603159	41	15	
25420000	464.330530	1	1.401137809021	0.000261284955	0.300170440286	0.791773306647	34	11	
25430000	480.453070	1	1.430280160985	0.000170042064	0.792484786090	1.475878256774	36	13	
25440000	475.948354	1	1.463464220284	0.000184984795	0.449270930292	0.701954429643	38	12	
25450000	478.935025	1	1.331803062897	0.000194418538	0.639852448003	0.580740330401	39	12	
25460000	472.834553	1	1.403658544173	0.000223579679	0.477602262933	0.931695615248	33	11	
25470000	487.353488	1	1.330265726279	0.000169870380	0.834420967532	0.839702219235	35	14	
25480000	479.562232	1	1.336319952804	0.000168427838	0.642634409294	0.608485692595	32	15	
25490000	473.154287	1	1.500722929190	0.000216383059	0.493234904931	0.545265280226	31	19	
25500000	475.761853	1	1.401510385694	0.000165582675	0.474770880517	1.022957508591	42	13	
25510000	474.041472	1	1.385506736368	0.000200968991	0.598744744728	0.808603312909	30	16	
25520000	470.318964	1	1.401317995603	0.000178346864	0.455530931019	0.929215643420	31	15	
25530000	476.113491	1	1.456688234145	0.000208910323	0.602614029465	0.966902469087	32	20	
25540000	462.613539	1	1.431901900637	0.000151142574	0.793277151641	0.783229231437	26	12	
25550000	461.303867	1	1.441837845018	0.000213008303	0.602263141692	0.971182635774	30	13	
25560000	481.610944	1	1.483287458550	0.000155791621	0.753613594774	1.080967729800	43	17	
25570000	487.431740	1	1.432187806948	0.000174392325	0.601304687421	1.008203330077	27	10	
25580000	475.420958	1	1.352811778812	0.000157835541	0.681790992703	1.375444586007	30	13	
25590000	491.626809	1	1.395397435566	0.000188611206	0.630715132406	0.789717111295	34	18	
25600000	467.373116	1	1.435368832075	0.000166661212	0.429212701592	0.932519528904	37	9	
25610000	481.382667	1	1.370898069773	0.000232063416	0.293211623263	0.655293647946	39	15	
25620000	486.262767	1	1.449498341716	0.000171031289	0.436161291943	0.833937704597	35	15	
25630000	474.004664	1	1.382461506334	0.000208165093	0.419891232722	0.845179196276	29	10	
25640000	466.538152	1	1.481685767531	0.000248164262	0.293588237846	0.559727647955	38	14	
25650000	472.433919	1	1.425161875207	0.000178151507	0.632196714794	0.852699652811	34	16	
25660000	476.354529	1	1.411025514453	0.000185096665	0.669813424790	0.605290818009	26	18	
25670000	479.898601	1	1.469506546533	0.000208632427	0.458210682316	0.628913093581	34	19	
25680000	480.601843	1	1.417253778763	0.000150594198	0.743781064893	0.716210628914	45	17	
25690000	477.980762	1	1.397890920551	0.000122438676	0.883890273908	1.174736373050	39	19	
25700000	483.207600	1	1.481471862828	0.000215697485	0.422245808858	0.488134828172	25	13	
25710000	475.334804	1	1.477660242802	0.000174216120	0.507129493122	0.820886804123	38	14	
25720000	473.011650	1	1.339481631889	0.000163202497	0.621484975370	1.155130785454	33	19	
25730000	475.601645	1	1.436810004335	0.000192377968	0.373651893779	0.718999209728	35	16	
25740000	482.158781	1	1.492971283412	0.000230896872	0.413429839073	0.700294600726	32	16	
25750000	469.704100	1	1.488489834495	0.000178995936	0.724358591039	0.972107534871	32	12	
25760000	467.371605	1	1.420107979276	0.000178851474	0.597816682984	1.102614503324	33	11	
25770000	486.589860	1	1.425912166221	0.000208676500	0.413841238494	0.792895807496	38	11	
25780000	470.625146	1	1.421281686495	0.000168562900	0.579195406471	1.099237185801	32	19	
25790000	481.850337	1	1.445024564927	0.000220863538	0.475840984139	0.818029791919	41	17	
25800000	479.667763	1	1.428549752314	0.000249358851	0.522180864019	0.575899918908	26	10	
25810000	482.617093	1	1.335817634774	0.000213858498	0.442105082182	0.672759295227	42	12	
25820000	474.475089	1	1.370523168730	0.000168750622	0.633770993020	1.332414070083	23	11	
25830000	484.394084	1	1.441336414239	0.000224210098	0.611998520449	0.931095077477	33	19	
25840000	481.180336	1	1.421426128401	0.000139550889	0.734755315862	0.863677261242	35	18	
25850000	477.150715	1	1.491578284056	0.000238033157	0.603940683661	0.659322350896	32	13	
25860000	473.754101	1	1.396871675757	0.000180665472	1.051541103120	1.050642758943	28	13	
25870000	489.253879	1	1.419620642367	0.000203376678	0.611351142503	0.793768424931	30	13	
25880000	481.144031	1	1.399268560895	0.000163580747	0.775169009353	1.168934408958	36	12	
25890000	487.110358	1	1.458864233358	0.000162329585	0.659183142814	0.680515238223	31	15	
25900000	461.478917	1	1.468072810065	0.000175184450	0.672846769700	0.982996735646	27	13	
25910000	480.896415	1	1.436794882675	0.000207040496	0.411862120825	0.828597362909	28	18	
25920000	475.886650	1	1.376938203851	0.000269751914	0.432540837751	0.467479563970	31	14	
25930000	480.116618	1	1.413980273799	0.000166969498	0.660102109241	1.012714961014	36	18	
25940000	482.630015	1	1.407033273475	0.000168824944	0.557969005074	0.818620120602	36	19	
25950000	483.187224	1	1.446117163081	0.000274503915	0.426829722848	0.578832425035	35	18	
25960000	493.471031	1	1.391159400396	0.000238503924	0.451324007759	0.726586440930	40	10	
25970000	478.237713	1	1.345955636787	0.000230836298	0.516155678691	0.716609728208	29	17	
25980000	477.731869	1	1.411740939989	0.000231146229	0.699230403424	0.726911804185	25	9	
25990000	472.947846	1	1.415889338454	0.000180097615	0.598892765559	1.106387006168	23	9	
26000000	486.139698	1	1.484924465293	0.000214573475	0.472078252969	0.715597529156	22	14	
26010000	470.919576	1	1.358185002518	0.000200848238	0.546301297089	1.180627287398	33	12	
26020000	486.308780	1	1.432928587476	0.000211794463	0.543676817221	0.995689867952	26	14	
26030000	484.117781	1	1.428785209717	0.000213321478	0.478462360614	0.856648152344	39	17	
26040000	476.519339	1	1.388428149345	0.000163983723	0.630967390675	1.099312850460	32	19	
26050000	488.475407	1	1.436972482897	0.000186995280	0.566516186348	0.661416080701	26	19	
26060000	487.188397	1	1.460366049851	0.000165572913	0.625149283726	0.688253696572	34	18	
26070000	456.194075	1	1.383550284819	0.000256837677	0.396638955397	0.835191512533	39	9	
26080000	470.313772	1	1.430525554025	0.000186664471	0.667859157966	1.026969764430	32	12	
26090000	481.063886	1	1.405643189369	0.000180580425	0.647637560828	1.073274759871	31	13	
26100000	480.018647	1	1.462738897042	0.000145041909	0.764277597814	1.169713709379	37	13	
26110000	477.650922	1	1.412469260321	0.000154582260	0.854401877485	0.889965453150	32	17	
26120000	483.725304	1	1.423394150700	0.000152604940	0.793578083601	1.002607305797	37	13	
26130000	485.369423	1	1.389623843661	0.000199768850	0.461891864639	0.635216819062	28	17	
26140000	479.156009	1	1.409570889062	0.000157404701	0.795700099847	0.883047106052	38	17	
26150000	483.130638	1	1.450705413000	0.000167412655	0.701962254805	1.203201909172	31	14	
26160000	475.094430	1	1.430933979700	0.000236070328	0.512629686326	0.723541555677	33	10	
26170000	489.783959	1	1.412970366835	0.000175749186	0.774314181152	0.984750565869	27	17	
26180000	478.130340	1	1.448124576944	0.000193529731	0.765721792442	0.891063759566	34	15	
26190000	487.270314	1	1.464853552937	0.000205595547	0.477288819059	0.656380148015	33	11	
26200000	488.858279	1	1.442376183338	0.000287620395	0.329300692841	0.376247389480	35	17	
26210000	494.968559	1	1.391097738450	0.000162633671	0.546277283662	0.643726541551	45	17	
26220000	466.179305	1	1.396004147389	0.000190419110	0.870541740951	0.792911961580	36	14	
26230000	471.635672	1	1.394558826443	0.000149766434	0.787994443337	1.300860122304	26	15	
26240000	459.029402	1	1.455900524294	0.000191225265	0.965551701600	1.044157638059	29	10	
26250000	476.167151	1	1.461790875479	0.000242818738	0.500117155209	0.466195735735	37	15	
26260000	484.798841	1	1.449872796981	0.000216640908	0.393893286854	0.591714759559	36	9	
26270000	480.942895	1	1.366690609492	0.000178353654	0.653345650458	0.967127117551	31	21	
26280000	479.884288	1	1.446601064494	0.000222762698	0.477240519241	0.621049166632	24	19	
26290000	483.599293	1	1.432603431041	0.000188209442	0.492500062267	1.145313541620	32	17	
26300000	474.751413	1	1.397222662236	0.000184361920	0.512142940544	0.895935722655	34	12	
26310000	483.900537	1	1.363147617860	0.000188933536	0.613700212806	0.813335563060	39	19	
26320000	489.597036	1	1.416376866279	0.000154520679	0.550046406010	0.803592411999	32	17	
26330000	485.263709	1	1.439496441190	0.000177635027	0.749030585624	0.622486998954	39	11	
26340000	464.400984	1	1.414648006579	0.000140010985	1.161935147047	1.270592440023	32	13	
26350000	474.621252	1	1.400260553394	0.000170658226	0.592743952100	1.007295866514	30	14	
26360000	482.172360	1	1.487710905975	0.000171372393	0.552712733453	1.279208458813	19	18	
26370000	472.695625	1	1.458882456769	0.000227228705	0.624346331544	0.946418063441	19	11	
26380000	475.978960	1	1.454202059427	0.000200908197	0.552553565459	1.066377416898	28	12	
26390000	471.314131	1	1.405017950452	0.000170574646	0.983800883283	1.679114899062	28	17	
26400000	475.763175	1	1.456747425145	0.000216417472	0.737412318344	0.611166983970	34	20	
26410000	473.885066	1	1.410230158113	0.000194965763	0.501694938596	1.015686944804	36	19	
26420000	471.530662	1	1.399266793023	0.000191084300	0.526394665414	0.759595413343	34	18	
26430000	472.523860	1	1.427689111997	0.000189136392	0.522182551106	0.818354048192	34	16	
26440000	492.395137	1	1.436128063338	0.000108999679	0.805265374929	1.281371542955	25	14	
26450000	479.660597	1	1.461173023405	0.000202210116	0.496557930196	1.165549888682	40	11	
26460000	477.302704	1	1.449611840353	0.000143658070	0.886236445526	1.188752073856	25	12	
26470000	476.702098	1	1.397478279025	0.000183129834	0.379406502655	0.683927680046	26	10	
26480000	480.650602	1	1.376953606398	0.000176918544	0.423077904251	1.261768577112	27	13	
26490000	478.293538	1	1.439951417735	0.000185979699	0.366000198166	0.970833365793	30	15	
26500000	475.587188	1	1.474218981428	0.000125578048	0.700102417360	0.954272984523	27	14	
26510000	473.383728	1	1.337003833055	0.000195322169	0.424547805177	0.808934616688	29	13	
26520000	469.977867	1	1.457676492890	0.000150259529	0.754700511755	0.737856063682	25	15	
26530000	485.056279	1	1.419937494689	0.000122716559	0.581397659708	0.997229221017	28	22	
26540000	486.076086	1	1.396776441746	0.000177904878	0.579114728138	0.991950952799	25	15	
26550000	477.213940	1	1.412881822230	0.000185846600	0.506890010269	0.733971978562	26	18	
26560000	469.433640	1	1.471910130679	0.000182593119	0.792233414548	1.022996101091	33	13	
26570000	462.716671	1	1.399667007824	0.000211583156	0.564726405842	0.777198293171	32	17	
26580000	480.151639	1	1.489520332812	0.000171559918	0.754962419027	0.887348707344	38	16	
26590000	476.996665	1	1.394827909331	0.000170701797	0.591959120612	0.842417812096	28	15	
26600000	483.587353	1	1.510627540743	0.000160702970	0.703127680026	1.101645904030	31	17	
26610000	479.948314	1	1.419255516655	0.000153390824	0.493546870701	0.974327077112	27	12	
26620000	478.943810	1	1.423851384139	0.000166229718	0.467062454901	1.021099472955	26	19	
26630000	476.611586	1	1.408799035175	0.000174605935	0.393588249739	0.692299170069	27	11	
26640000	481.872983	1	1.468081903185	0.000125984368	0.426056375948	1.294391641543	31	22	
26650000	481.399220	1	1.391247980917	0.000155635969	0.530685194965	0.993322923733	37	13	
26660000	477.728495	1	1.457347790125	0.000164200414	0.716327787691	1.010060087064	41	16	
26670000	464.614301	1	1.467014839266	0.000123659746	1.035975966104	1.599040590120	27	15	
26680000	464.383148	1	1.459499389511	0.000247679913	1.274199580041	1.047018281209	34	9	
26690000	482.535036	1	1.449591058442	0.000158258941	0.803055371917	1.817893808932	32	13	
26700000	499.145244	1	1.426063029088	0.000139530904	0.877684001999	0.962941448341	35	11	
26710000	466.850192	1	1.445753715019	0.000157256736	0.767687901874	0.810849112529	37	8	
26720000	490.258836	1	1.466290102216	0.000118096121	1.058515715920	1.264579649841	48	13	
26730000	479.968793	1	1.443726499685	0.000185307970	0.582444393759	0.760449112260	38	13	
26740000	477.769136	1	1.350337030910	0.000158588954	0.824735921888	1.363459328245	37	10	
26750000	466.831175	1	1.384908430872	0.000237398602	0.494706847584	0.819257521716	34	15	
26760000	486.379304	1	1.383220934335	0.000137854831	1.106064682468	0.970689633117	33	15	
26770000	469.506811	1	1.413281178344	0.000180822078	0.494879106684	0.743208041360	33	11	
26780000	474.776084	1	1.388265790981	0.000213771501	0.370906806783	0.727376495571	24	12	
26790000	481.151969	1	1.410084000132	0.000187173686	0.599704116960	0.646348130099	35	10	
26800000	472.927790	1	1.403627172829	0.000175259253	0.432963030056	0.659806107275	46	11	
26810000	476.172421	1	1.403774754069	0.000178495758	0.383771830821	0.829075617416	29	13	
26820000	477.114695	1	1.449586282384	0.000194883284	0.497652783440	0.704585139776	31	9	
26830000	474.831206	1	1.369813264522	0.000189591210	0.411015188364	1.042184185095	43	12	
26840000	469.712127	1	1.410048861718	0.000238135125	0.589593258256	0.658302134026	31	13	
26850000	475.474467	1	1.382244877685	0.000218103602	0.819583883393	0.521223219613	32	16	
26860000	484.190727	1	1.428376615541	0.000194109000	0.745271574067	0.855405825271	32	13	
26870000	471.658627	1	1.362243227383	0.000225247712	0.506773855759	0.747545822250	23	13	
26880000	470.084012	1	1.463598393616	0.000251585465	0.487072253125	0.668828524197	35	12	
26890000	486.891988	1	1.381253603724	0.000174569076	0.706652913273	0.791526388125	25	13	
26900000	475.680006	1	1.394150616868	0.000230070801	0.511781389330	0.631769779926	30	15	
26910000	477.008917	1	1.409282110806	0.000169075837	1.008025992295	1.197799569237	34	13	
26920000	479.191670	1	1.365648172856	0.000168896660	0.609873780715	0.734321422191	33	25	
26930000	476.381683	1	1.449429795795	0.000176127515	0.701932281819	0.732130898142	35	19	
26940000	476.300684	1	1.393201629105	0.000152319027	0.775914544982	0.995943539936	29	18	
26950000	483.845135	1	1.493002166894	0.000194304555	0.546723567490	0.585397989590	40	11	
26960000	489.072018	1	1.404929229923	0.000170616327	0.747501243748	1.083322484741	29	15	
26970000	471.224891	1	1.483529387697	0.000172027731	0.816171689812	0.792132483442	34	16	
26980000	477.245155	1	1.404685604888	0.000176681327	0.625599845817	0.569659342806	28	16	
26990000	478.767818	1	1.442326718354	0.000218966409	0.483892848064	0.522399074855	29	18	
27000000	475.317944	1	1.431174019955	0.000220595321	0.530767699361	1.037067071250	31	8	
27010000	480.683369	1	1.430460983639	0.000156724247	0.703600577388	0.974832640011	37	7	
27020000	482.920159	1	1.473559262848	0.000224571124	0.566711133976	0.718098468509	33	16	
27030000	477.477966	1	1.407005848843	0.000240363956	0.502772146346	0.469104093743	32	13	
27040000	480.338755	1	1.404852321632	0.000184910702	0.579671148501	0.687231148838	27	13	
27050000	485.894657	1	1.360222002498	0.000167297124	0.665179770919	0.772291399896	35	13	
27060000	470.915237	1	1.421669729956	0.000214429847	0.622092852527	0.653527111643	33	11	
27070000	482.742566	1	1.419529300890	0.000151652230	0.590188847564	0.955086193722	38	11	
27080000	478.675347	1	1.399395365419	0.000200016276	0.599988682305	1.087641089138	26	10	
27090000	491.117157	1	1.470263953460	0.000146560549	1.026436242012	1.456075511907	36	15	
27100000	474.784142	1	1.427454388897	0.000181265601	0.643034669432	1.038944653172	27	16	
27110000	472.981775	1	1.389201217652	0.000198889969	0.645830147514	1.145545311114	30	6	
27120000	482.256785	1	1.350022614742	0.000186826369	0.509887999080	0.948283630485	28	16	
27130000	478.688244	1	1.421876596480	0.000163643928	0.767072911932	1.235693439303	33	8	
27140000	487.693298	1	1.441431164335	0.000155195439	0.757673006755	0.893173160822	42	16	
27150000	479.357956	1	1.357464936212	0.000188801080	0.714481818517	0.891191322680	38	12	
27160000	476.203070	1	1.433859257242	0.000132260618	0.725188558758	1.093580254510	42	19	
27170000	474.908453	1	1.409135708652	0.000188632505	0.601042440645	1.177161368743	32	13	
27180000	478.666641	1	1.447660936537	0.000223561092	0.525489807465	0.607181532824	34	22	
27190000	488.386607	1	1.411330929569	0.000141877519	0.393175958618	0.713105546116	31	20	
27200000	487.011771	1	1.468316129985	0.000217286342	0.583406226247	0.677551232710	25	15	
27210000	484.201061	1	1.407019397891	0.000181854962	0.644341005378	0.927885057475	31	15	
27220000	478.859405	1	1.410779562466	0.000198232971	0.622247385067	0.775087175621	38	14	
27230000	475.403808	1	1.473208061016	0.000167347461	0.674714868112	1.012857342717	40	10	
27240000	474.476965	1	1.470523919580	0.000241239561	0.498679251878	0.636120925945	42	10	
27250000	483.594700	1	1.404691761476	0.000172046743	0.670065243759	0.861012591207	30	17	
27260000	474.211764	1	1.328167517124	0.000197412715	0.647258169022	1.110680495805	25	7	
27270000	469.897028	1	1.439727739479	0.000236439133	0.437805803478	0.825115741497	25	18	
27280000	476.743335	1	1.420807125083	0.000162444776	0.522600110446	0.935415737522	29	19	
27290000	470.773096	1	1.432362460531	0.000244718959	0.673964544428	0.647918610896	30	17	
27300000	474.198168	1	1.448275534763	0.000154455525	0.909370032309	0.756933641848	42	13	
27310000	479.031741	1	1.392502386808	0.000265697390	0.491588868115	0.658380911343	21	16	
27320000	488.633792	1	1.438263097436	0.000185681082	0.431069506694	0.952423242306	24	17	
27330000	465.028818	1	1.419110310008	0.000212165307	0.683443492550	0.970496155259	18	15	
27340000	487.375970	1	1.393524237597	0.000195419155	0.452415050806	0.867037358746	30	14	
27350000	476.397517	1	1.372414852366	0.000177040637	0.479259450241	0.951860322786	32	14	
27360000	484.237181	1	1.400703773839	0.000174092455	0.578656837285	0.652772027124	33	15	
27370000	474.393718	1	1.339618719182	0.000212401734	0.593735835689	0.810229912568	35	11	
27380000	479.613799	1	1.474902326508	0.000167870277	0.598956658613	0.963217723733	26	15	
27390000	481.738802	1	1.436333051198	0.000191964006	0.580507135564	0.966946365110	35	10	
27400000	475.282177	1	1.297164202245	0.000237376660	0.506605618858	0.667783428140	32	11	
27410000	476.379527	1	1.460653925170	0.000200876929	0.657016216879	1.016854239450	30	11	
27420000	485.218891	1	1.490272657706	0.000170772585	0.547474546803	0.754445407125	34	12	
27430000	477.210632	1	1.358134869023	0.000197873685	0.370996951194	0.768437213775	33	19	
27440000	475.073787	1	1.384312964879	0.000232245841	0.440206704790	0.906085383316	30	8	
27450000	462.885275	1	1.360775031606	0.000161536839	0.636632960332	1.132828771147	32	16	
27460000	486.138885	1	1.374241491476	0.000193949093	0.434050715220	0.701635042927	26	20	
27470000	475.535491	1	1.487727502163	0.000267796116	0.518961763334	0.513712105975	22	13	
27480000	479.202663	1	1.404485620820	0.000158539372	1.190294012390	1.315693632710	29	8	
27490000	480.022147	1	1.369732768647	0.000167063040	0.660165731566	0.747500067185	32	12	
27500000	469.024666	1	1.402686665080	0.000210921668	0.680613699899	0.626315122372	33	18	
27510000	483.986569	1	1.427698119793	0.000152494718	0.607636048340	0.858325146727	35	16	
27520000	481.593618	1	1.452477528373	0.000207376639	0.525942752723	1.014812696578	27	12	
27530000	483.919549	1	1.415916241356	0.000200775256	0.663855985231	0.828086788353	29	8	
27540000	477.493381	1	1.410774867880	0.000160217521	0.663368310593	0.751149213567	40	17	
27550000	487.204342	1	1.433894549760	0.000114337608	0.797537105474	0.922383826859	26	15	
27560000	459.757151	1	1.403167606744	0.000227016263	0.468701475574	0.615594279115	26	10	
27570000	480.574458	1	1.479586878531	0.000203224526	0.395320764852	0.866804523678	34	14	
27580000	470.135083	1	1.421052243193	0.000233422575	0.590678718581	0.711981177269	37	10	
27590000	475.153579	1	1.383952910335	0.000157806722	0.583200463194	0.871584884106	32	15	
27600000	474.663201	1	1.350773299482	0.000181182858	0.841787973254	0.956317983677	27	12	
27610000	467.047331	1	1.466331641761	0.000201118648	0.611419627934	0.720817750844	36	16	
27620000	471.756686	1	1.422954195314	0.000204467532	0.417182814269	0.640959217855	24	19	
27630000	481.827115	1	1.371016346290	0.000158743981	0.703116327221	0.856572235352	34	17	
27640000	488.137327	1	1.397883480290	0.000151879469	0.580358538769	0.594136075072	22	23	
27650000	485.048522	1	1.444629984123	0.000163673784	0.406221209506	0.834980304091	29	19	
27660000	486.032694	1	1.446131014374	0.000175682754	0.616723090980	0.639343222963	30	20	
27670000	488.158570	1	1.415802957244	0.000169939143	0.538414668828	1.075526815807	47	12	
27680000	474.200358	1	1.464659455815	0.000151011145	0.465529573397	0.822311339707	30	16	
27690000	477.071365	1	1.479890458235	0.000180366873	0.581185457470	0.850148103476	35	15	
27700000	479.590757	1	1.452758550664	0.000157657383	0.620118995924	1.469473313014	38	13	
27710000	489.056654	1	1.415613455910	0.000160247963	0.573387850379	1.057930882643	35	15	
27720000	481.334877	1	1.368844657623	0.000190633281	0.991589337565	0.717296903121	43	12	
27730000	487.851479	1	1.429043710404	0.000163218011	0.850541957300	0.668124857694	33	13	
27740000	491.449533	1	1.403229737785	0.000191803444	0.547475898105	1.232931215435	29	13	
27750000	481.828815	1	1.430160444150	0.000145381739	0.771079624592	1.285766973784	29	12	
27760000	484.593460	1	1.456205456046	0.000217990121	0.415457333943	0.764675142381	35	14	
27770000	478.834535	1	1.401359517494	0.000195498294	0.553090883643	0.678406455925	31	19	
27780000	460.313659	1	1.445415243777	0.000191997012	0.596841640010	1.245864396041	29	13	
27790000	478.964095	1	1.430668955702	0.000190635019	0.460991796790	0.975597149494	36	11	
27800000	485.327103	1	1.486820542102	0.000201560419	0.649016365738	1.175850813719	39	18	
27810000	475.100816	1	1.410646600361	0.000162599442	0.650806899094	1.124441802020	38	12	
27820000	461.919126	1	1.378886448613	0.000174666900	0.556828027408	0.790639006132	24	12	
27830000	482.276836	1	1.341983253329	0.000180073632	0.705955702928	0.900586471669	28	16	
27840000	474.794267	1	1.436856906574	0.000207043172	0.745600554942	0.890493810985	23	14	
27850000	467.053537	1	1.396384293728	0.000167034626	0.735604767856	1.182027405182	30	17	
27860000	484.808562	1	1.396721522367	0.000151956548	0.543862946821	0.757895392636	31	16	
27870000	467.138202	1	1.485053676452	0.000192412300	0.456812594861	0.583410812793	35	20	
27880000	488.207268	1	1.404183796980	0.000152386260	0.894760077801	0.745286220294	39	10	
27890000	472.791587	1	1.481899026866	0.000170286100	0.854935394032	0.781346528414	40	17	
27900000	477.472991	1	1.453626166361	0.000212140196	0.577906039371	1.023950083475	38	13	
27910000	472.909366	1	1.473384287487	0.000170082367	0.701631800902	1.148770250429	22	11	
27920000	463.346678	1	1.404548568293	0.000151747200	0.793965452855	1.178052852864	34	15	
27930000	479.413452	1	1.346102084779	0.000226931551	0.493493563587	0.783847735062	34	16	
27940000	469.816114	1	1.398517247369	0.000170076956	0.509728466693	0.904524491118	28	9	
27950000	460.707619	1	1.497839875766	0.000243123026	0.610014825264	0.702251677696	34	13	
27960000	465.975573	1	1.500950986121	0.000242657617	0.482585363824	0.776037397027	29	8	
27970000	483.849389	1	1.428600733475	0.000129825675	0.826756159958	1.036662525585	35	21	
27980000	479.046542	1	1.395256874379	0.000199454724	0.875832674108	0.922565855279	30	17	
27990000	479.756434	1	1.432062124119	0.000134208173	1.252632393651	1.541669718049	38	13	
28000000	474.851427	1	1.435578883800	0.000207259110	0.486858094797	0.996555001254	30	7	
28010000	486.252598	1	1.445185936628	0.000175908709	0.442727930565	0.995212157756	30	14	
28020000	475.554957	1	1.438843870932	0.000177349170	0.537756365392	0.967198555506	26	17	
28030000	479.969628	1	1.425879477019	0.000163650620	0.771834764523	1.213633310433	34	12	
28040000	484.781564	1	1.381425621359	0.000189997705	0.347273502949	0.583396581903	30	12	
28050000	480.429836	1	1.400592778057	0.000212317147	0.449141368630	0.631237121928	34	18	
28060000	472.096164	1	1.410749232202	0.000232076411	0.437611534302	0.612437382137	28	9	
28070000	457.554119	1	1.356955526051	0.000243554550	0.389517042114	0.688318933875	30	6	
28080000	468.011465	1	1.443360294612	0.000154788391	0.511981322097	1.327103972870	28	13	
28090000	473.228873	1	1.488956097024	0.000197017722	0.535681081094	0.956565088284	26	14	
28100000	468.236210	1	1.367137692672	0.000240521142	0.419718525520	0.664135300868	37	12	
28110000	466.652702	1	1.431788932675	0.000198155807	0.584029836140	1.395139974385	33	14	
28120000	475.596856	1	1.448774743049	0.000162607401	0.582956327765	1.351178214062	22	19	
28130000	473.947606	1	1.377661890611	0.000203233131	0.562146740175	1.219908573160	33	14	
28140000	484.507815	1	1.434436081857	0.000170406575	0.581900233735	0.981092844073	30	16	
28150000	470.891365	1	1.349246292179	0.000202137713	0.584678755793	0.959871258233	37	16	
28160000	493.559041	1	1.430802162580	0.000158775724	0.641737051335	1.036889066868	28	21	
28170000	490.359979	1	1.436751579087	0.000204566653	0.340421343661	0.693827322531	38	20	
28180000	482.586981	1	1.454470511409	0.000190394657	0.529515013760	0.760128572115	40	8	
28190000	476.047625	1	1.426588890675	0.000256455991	0.736357992167	0.776950388134	33	7	
28200000	481.668077	1	1.452064077824	0.000181550259	0.653836222504	0.948845626830	39	13	
28210000	476.011321	1	1.485531047566	0.000196063660	0.388335558857	0.903104152699	23	14	
28220000	481.824895	1	1.403537944226	0.000168390058	0.581807744253	1.095149635981	32	12	
28230000	480.498725	1	1.375306156798	0.000161765803	0.383181710418	1.012418863199	35	12	
28240000	468.785116	1	1.375946223280	0.000231762382	0.351546792187	0.716797028903	36	18	
28250000	470.265333	1	1.490774137016	0.000176930377	0.471315197249	1.012104362129	31	13	
28260000	479.062046	1	1.455741182080	0.000188072291	0.461028618831	0.736019724044	30	14	
28270000	469.715772	1	1.455779860580	0.000158362734	0.730576732959	1.139575806120	22	17	
28280000	475.740575	1	1.400338678351	0.000202373682	0.503934121348	0.765446934897	27	15	
28290000	472.511368	1	1.478462137318	0.000223502196	0.676137335527	1.082547084940	23	15	
28300000	486.192692	1	1.476923428164	0.000147577086	0.988252803580	1.367489467349	36	21	
28310000	474.992787	1	1.411270627473	0.000218945892	0.536347257003	0.864123967095	20	14	
28320000	464.514475	1	1.397338847063	0.000196558638	0.930366460700	1.412974636530	32	14	
28330000	479.223997	1	1.384784105687	0.000151183193	0.537101756349	1.089355034835	41	12	
28340000	494.741592	1	1.416380653597	0.000178038593	0.392866185269	0.739395775551	34	16	
28350000	470.687769	1	1.471378234345	0.000197689072	0.599979207761	0.988275426870	33	12	
28360000	467.382890	1	1.326213103577	0.000183224385	0.529779213950	1.077573158435	35	13	
28370000	468.460957	1	1.496362342695	0.000206916360	0.775595345471	0.860228043129	30	10	
28380000	476.863587	1	1.466281332208	0.000207211940	0.512954247719	1.322642857378	40	14	
28390000	486.894353	1	1.418983245001	0.000144013792	0.522018141517	1.151921589862	39	17	
28400000	479.149614	1	1.375878655793	0.000146711463	0.679628224075	0.977154952215	34	20	
28410000	482.054902	1	1.430931523255	0.000184684344	0.777012657835	0.774876217309	35	16	
28420000	482.843001	1	1.440751772924	0.000154914212	0.673807835356	1.176678700402	30	12	
28430000	477.796911	1	1.425286842255	0.000195640137	0.542950897336	0.459248453028	29	16	
28440000	477.901424	1	1.478885897561	0.000228581352	0.548937375376	0.409796012057	28	15	
28450000	478.208161	1	1.386208568893	0.000139972455	0.764324486660	1.180720078377	36	17	
28460000	468.764118	1	1.434644454589	0.000213650286	0.550845389200	0.577968922052	35	17	
28470000	478.186879	1	1.348153944297	0.000193289900	0.498882191393	0.688823121794	33	14	
28480000	474.776326	1	1.423234954768	0.000208436883	0.505757863588	0.775024305656	31	12	
28490000	476.843012	1	1.455758107093	0.000155222068	0.508286166996	1.023407093073	45	12	
28500000	474.376313	1	1.407565635610	0.000149023914	0.655270193445	1.214027906629	40	14	
28510000	486.333437	1	1.400590442537	0.000178212938	0.465105281669	0.814997107964	22	16	
28520000	491.955601	1	1.425253246305	0.000133231066	0.744731913984	1.257214982101	36	18	
28530000	480.403934	1	1.499108355900	0.000209738787	0.443002646922	0.781150348201	36	12	
28540000	470.685254	1	1.450700805017	0.000147910702	0.649728967278	0.846864257981	35	16	
28550000	466.468758	1	1.481564471497	0.000223082069	0.736929264388	0.909033321224	26	14	
28560000	485.846445	1	1.414316799531	0.000149587043	0.713834863752	1.307149001104	33	17	
28570000	482.993175	1	1.454055933344	0.000194235517	0.331155172287	0.476801486959	34	18	
28580000	477.101117	1	1.355259052792	0.000163546178	0.293528824906	0.545093131097	29	15	
28590000	470.478951	1	1.444611855972	0.000161738679	0.382618989656	0.606881934059	36	14	
28600000	479.044995	1	1.431543432209	0.000186540949	0.338704774624	0.551527926928	26	15	
28610000	475.962145	1	1.429716525244	0.000135123532	0.491228685021	1.220527746976	32	20	
28620000	480.568724	1	1.393539600315	0.000191909924	0.193771250308	0.363641206236	31	20	
28630000	483.196015	1	1.375791550192	0.000224740943	0.349265921538	0.363916646570	39	20	
28640000	476.585120	1	1.441875711331	0.000124176641	0.711988296273	1.621800327127	38	14	
28650000	471.350300	1	1.439486689122	0.000175803231	0.679500345818	0.630975419017	43	13	
28660000	488.653744	1	1.436761541861	0.000133689788	0.876592781599	1.094631704897	36	14	
28670000	474.671663	1	1.357031068205	0.000164894541	0.665091388464	0.567536835590	37	18	
28680000	477.153004	1	1.502563095718	0.000277536262	0.347143854339	0.620458345416	33	18	
28690000	467.442193	1	1.410294210346	0.000172771011	0.793636195630	0.975017499314	32	14	
28700000	476.902199	1	1.451771285662	0.000194952176	0.631454315611	0.952898006286	26	14	
28710000	481.027901	1	1.507961832011	0.000171502787	0.492425498852	1.091609085882	39	16	
28720000	469.437982	1	1.387052333800	0.000181555275	0.723317558405	1.192750973549	25	12	
28730000	467.680745	1	1.443997857733	0.000199862482	0.887659390366	0.943971727908	39	8	
28740000	465.952345	1	1.489900399034	0.000185880218	0.849567958021	0.626196506799	45	14	
28750000	471.207901	1	1.511803086451	0.000213829493	0.610488446801	0.701196897515	34	19	
28760000	471.793993	1	1.334263809980	0.000184283664	0.582503689290	1.134200325169	25	17	
28770000	468.656521	1	1.432821998134	0.000203863297	0.577030468464	0.999268122750	23	10	
28780000	468.646535	1	1.436573121904	0.000238757034	0.620355020449	0.768154008934	21	12	
28790000	473.954245	1	1.452203596312	0.000220127098	0.404968307748	0.670002842979	27	15	
28800000	481.143565	1	1.396709745441	0.000251787960	0.481163703785	0.597947859448	32	19	
28810000	478.844336	1	1.418011010934	0.000165148609	0.646547575279	0.572458290017	35	15	
28820000	474.702585	1	1.353503047481	0.000194616433	0.615461596506	0.763426671267	37	10	
28830000	483.672566	1	1.424551510317	0.000181677621	0.542458519999	1.008699569849	27	16	
28840000	489.993380	1	1.424651319482	0.000160090479	0.706548240498	0.993402086037	31	17	
28850000	482.015021	1	1.372642822032	0.000209232514	0.533422949766	0.702086913632	26	13	
28860000	469.797536	1	1.345236680527	0.000185193096	0.587135279578	0.930625325569	35	11	
28870000	465.237518	1	1.410375632601	0.000187949711	0.757176843005	1.109110914901	31	13	
28880000	476.581181	1	1.439038700396	0.000166757387	0.621430011525	0.957685739260	37	16	
28890000	485.375056	1	1.432393426721	0.000211861217	0.533995453241	0.716781823890	37	13	
28900000	487.073982	1	1.478092588765	0.000169660581	0.533682839982	0.968090205473	30	17	
28910000	478.174805	1	1.465079482040	0.000147129497	0.627725613863	1.068282514254	24	16	
28920000	474.203186	1	1.453286229493	0.000154426021	0.554327676320	0.743125339784	36	15	
28930000	488.588200	1	1.430328294908	0.000126672445	0.675688597013	1.033990532034	36	22	
28940000	476.559462	1	1.468553608689	0.000206601135	0.586748597106	0.845142485219	29	5	
28950000	475.036161	1	1.497158912522	0.000230165636	0.639527553444	0.833611941215	32	13	
28960000	474.543161	1	1.363060179188	0.000228681777	0.390697428161	0.567779882682	29	10	
28970000	480.607700	1	1.430108809628	0.000164319187	0.523453116834	1.147348444138	40	13	
28980000	469.120268	1	1.369777708836	0.000174094349	0.631381356174	1.104400708229	28	13	
28990000	487.906457	1	1.480479752628	0.000188541915	0.554830454956	0.845022675893	41	14	
29000000	468.496513	1	1.476956243345	0.000205242811	0.602204828232	1.097855743400	29	12	
29010000	481.434357	1	1.422511930255	0.000208694724	0.596835091574	0.659455833417	29	10	
29020000	476.878756	1	1.367870305073	0.000198704720	0.492564023455	0.795983090408	32	17	
29030000	467.602838	1	1.472577441534	0.000200647853	0.482988434710	0.760979818423	38	13	
29040000	484.151006	1	1.420648341957	0.000198489182	0.566012874805	0.832624187674	43	14	
29050000	473.928074	1	1.337426815869	0.000171559482	0.802208615732	1.251285780192	29	17	
29060000	487.886135	1	1.433699007962	0.000165636148	0.799341130408	0.813843755939	32	15	
29070000	499.732566	1	1.474883090114	0.000141210487	0.759054543816	1.417629612438	42	14	
29080000	480.198581	1	1.339314429934	0.000202290122	0.656221068188	0.956808442931	31	15	
29090000	475.791345	1	1.449878761012	0.000205062151	0.475018508192	0.728287633430	40	14	
29100000	485.302374	1	1.423021495272	0.000141603270	0.724287192940	1.314225406865	35	13	
29110000	477.295237	1	1.409859743601	0.000182642093	0.443173301817	0.643780743560	37	12	
29120000	484.351447	1	1.400531865957	0.000187089581	0.599490860058	0.584483807767	30	16	
29130000	481.095761	1	1.480318395814	0.000218304825	0.540289472549	0.809810250791	33	19	
29140000	472.131686	1	1.382625692596	0.000188292388	0.579269582678	0.954103151813	29	14	
29150000	483.062390	1	1.443881279976	0.000154731317	0.627605493954	0.705338375604	26	20	
29160000	471.899298	1	1.387201387467	0.000162280047	0.780911578363	1.638697204397	30	11	
29170000	474.816753	1	1.441819491502	0.000141769469	0.586498815278	1.214947781942	33	12	
29180000	487.838580	1	1.430302479755	0.000175595928	0.465942362670	0.877416102191	30	12	
29190000	479.185075	1	1.461877222119	0.000174337944	0.543100348464	0.868246776075	32	11	
29200000	470.791904	1	1.412004137999	0.000180684065	0.327852114782	0.670049992222	32	15	
29210000	470.421492	1	1.516854167539	0.000216596381	0.560846331249	0.753698426529	23	11	
29220000	480.072839	1	1.401906861139	0.000167884905	0.518960100860	0.947846915071	32	11	
29230000	469.515571	1	1.354874031854	0.000191109372	0.564884028456	1.191383202573	28	7	
29240000	472.137318	1	1.423936483339	0.000190307901	0.659955471622	0.903657293618	31	11	
29250000	478.057514	1	1.396173855808	0.000180660764	0.890065282441	0.711281674459	26	15	
29260000	486.991899	1	1.380059726442	0.000188957349	0.603950486811	0.650465978016	36	14	
29270000	492.954159	1	1.408341157450	0.000165229478	0.697034602902	0.472668077384	31	21	
29280000	484.993901	1	1.403601567392	0.000133118342	0.961195984318	1.322846283195	37	18	
29290000	485.349429	1	1.423744787213	0.000213649838	0.566646984740	0.761976303687	32	10	
29300000	476.731278	1	1.360736262522	0.000152407409	0.559362390040	0.946985581392	41	15	
29310000	476.402954	1	1.480417804487	0.000163176019	0.471307713156	0.821779636487	37	14	
29320000	466.838665	1	1.446577668603	0.000291380844	0.374554269148	0.744909630905	29	17	
29330000	482.383565	1	1.425579178628	0.000134768248	1.105416212334	0.921354497603	29	19	
29340000	470.976393	1	1.394214605354	0.000218792106	0.601839899201	0.907102271689	33	14	
29350000	479.599032	1	1.388684933480	0.000207478233	0.398959107586	0.840481732767	32	15	
29360000	466.675289	1	1.441008841884	0.000338675092	0.295814733766	0.683140149153	30	11	
29370000	469.843502	1	1.439267161429	0.000262560686	0.390326652517	0.592926198893	35	14	
29380000	475.355498	1	1.361530726688	0.000206475566	0.558812058690	0.947115680860	28	12	
29390000	475.884918	1	1.383877739709	0.000191569593	0.666505537424	1.195328671651	30	9	
29400000	486.563867	1	1.443027445441	0.000124379045	0.736529037467	1.451058804954	32	16	
29410000	477.986072	1	1.440158460391	0.000221026748	0.667923182212	1.063780047654	37	13	
29420000	488.873164	1	1.407154831973	0.000142487886	0.906188327221	0.919912413606	36	11	
29430000	481.442943	1	1.378368434734	0.000253463051	0.532604479520	0.523363649374	36	13	
29440000	472.546819	1	1.501465347877	0.000174994426	0.621562990897	1.201883222871	41	10	
29450000	466.559167	1	1.389851760302	0.000177019634	0.582447819397	1.117098656685	38	15	
29460000	475.993085	1	1.456635363189	0.000193810289	0.684799162080	1.095543923172	32	11	
29470000	496.381333	1	1.375330735520	0.000149909833	0.565580786837	1.118878180640	37	12	
29480000	480.250379	1	1.454612722612	0.000227193948	0.458382249196	0.907218662507	23	12	
29490000	473.619172	1	1.456133699056	0.000164039577	0.706963529899	0.980918436439	26	13	
29500000	471.282341	1	1.389632755976	0.000131313535	0.629689083503	1.116907161652	31	13	
29510000	459.921232	1	1.483297557702	0.000178106704	0.774621969754	1.004185468677	34	13	
29520000	461.163318	1	1.366082718796	0.000253005893	0.509141389939	0.940921131815	28	7	
29530000	471.193202	1	1.472060030707	0.000179735851	0.621623723532	0.990871008394	22	17	
29540000	475.064636	1	1.437497764175	0.000253409967	0.291902868491	0.919410373252	29	13	
29550000	467.446095	1	1.340797387852	0.000209206440	0.644383558266	0.746838880111	28	9	
29560000	472.377381	1	1.392310357479	0.000139079294	0.911882120561	0.983757112949	30	14	
29570000	476.036340	1	1.343832940840	0.000196499417	0.559760372877	0.448483531692	34	18	
29580000	484.283276	1	1.374239813789	0.000185922251	0.569013504141	0.737131251490	32	14	
29590000	470.810873	1	1.437340610689	0.000198032772	0.637715212232	0.914842077128	26	12	
29600000	490.622222	1	1.363271476318	0.000255620093	0.379824939709	0.741864513793	33	17	
29610000	479.710527	1	1.421896385233	0.000286030364	0.414092954786	0.488373109814	30	16	
29620000	486.083484	1	1.372979294561	0.000177189339	0.533302091861	0.514262454349	32	19	
29630000	480.463879	1	1.401404456802	0.000142230710	0.909686604488	1.050770348474	21	17	
29640000	481.422455	1	1.379790685388	0.000126398070	0.921885976589	1.304042462297	32	21	
29650000	483.527994	1	1.387739746196	0.000185145954	0.502984374587	0.731267010363	43	21	
29660000	478.282051	1	1.369781527159	0.000184948633	0.539725879354	1.004380645571	48	19	
29670000	475.543326	1	1.349502291175	0.000164365376	0.773065129629	0.927552288372	39	13	
29680000	482.938883	1	1.388255329199	0.000193029062	0.687859583501	1.000300801596	32	14	
29690000	482.412813	1	1.384201252147	0.000165096981	0.806762970251	0.769539321910	31	16	
29700000	481.944003	1	1.444447634412	0.000140437153	0.953217960820	1.483176231288	28	13	
29710000	472.449208	1	1.420509580862	0.000156436039	0.740563934025	1.274660627636	31	10	
29720000	473.893895	1	1.445083257164	0.000212878248	0.478690499491	1.227511208327	32	16	
29730000	481.444200	1	1.463345405869	0.000175851682	0.697001428908	0.881973991681	38	12	
29740000	477.839101	1	1.429595945505	0.000215017137	0.843564744595	1.052836391170	27	12	
29750000	474.789748	1	1.380480898064	0.000161355984	0.923067750850	1.763551668208	35	15	
29760000	469.596163	1	1.460466269485	0.000141167921	0.823926613337	0.491071004964	40	26	
29770000	466.363817	1	1.396014349212	0.000195461600	0.655964792589	0.804614726951	37	16	
29780000	483.536947	1	1.504407451889	0.000158172235	0.774207538741	1.023242498184	39	15	
29790000	467.711673	1	1.368525849568	0.000228672500	0.484154675891	0.737075949400	27	13	
29800000	480.073264	1	1.354057214432	0.000171300843	0.516455998235	1.016782816327	38	16	
29810000	490.988976	1	1.417671964958	0.000222495403	0.423144303180	0.541887285075	39	12	
29820000	477.120676	1	1.437636565346	0.000197300648	0.516972803790	0.783508832194	34	17	
29830000	470.386454	1	1.441734376833	0.000218555573	0.391237222560	0.958676634110	31	14	
29840000	471.310788	1	1.488907100178	0.000170244088	0.637216439303	1.021694628043	33	10	
29850000	463.291780	1	1.408877917778	0.000156651463	0.692501840263	1.166743775595	26	17	
29860000	479.588594	1	1.400158973047	0.000164562972	0.798765013718	0.581147347864	30	19	
29870000	468.661461	1	1.436534740211	0.000169911755	0.554378597505	0.706538302513	22	15	
29880000	474.700064	1	1.408023423707	0.000264965833	0.499247339180	0.570137515723	34	10	
29890000	467.399547	1	1.404198949654	0.000246265059	0.488246699160	0.560841966483	24	11	
29900000	477.734604	1	1.373208801859	0.000135420211	0.968073559854	1.261266966717	31	17	
29910000	475.404648	1	1.465380418199	0.000163714548	0.691757984067	0.846513996390	31	15	
29920000	479.387725	1	1.403862543839	0.000235912460	0.432142581453	0.621919157397	29	14	
29930000	475.496964	1	1.419007015424	0.000168395810	0.576478453094	1.062470609846	37	13	
29940000	462.641072	1	1.536218027064	0.000179551409	0.823264961006	1.142262552040	26	13	
29950000	483.642444	1	1.415047216323	0.000243075444	0.393766157417	0.581274913346	42	10	
29960000	471.594827	1	1.386326929378	0.000196909065	0.513907599733	0.932746683194	29	9	
29970000	494.842925	1	1.406795856599	0.000196780792	0.501942437334	0.565872733435	34	12	
29980000	479.553159	1	1.475865548340	0.000203784880	0.649252256014	0.698063391004	25	16	
29990000	483.008086	1	1.409454029991	0.000195658565	0.498839337279	0.808247920046	25	14	
30000000	461.162447	1	1.416248719260	0.000208469843	0.585111927076	1.076128917029	33	14	
30010000	465.833451	1	1.388169001121	0.000203919212	0.386238708830	0.915664967214	29	17	
30020000	468.027567	1	1.395828083360	0.000170519268	0.817050962795	0.892194212646	34	8	
30030000	482.679250	1	1.479199598264	0.000128456603	1.109653333047	1.519044005652	32	11	
30040000	487.217885	1	1.427473070193	0.000146186351	0.709358823786	0.954634492353	37	13	
30050000	458.747904	1	1.391333104027	0.000211617229	0.666176780535	0.715727773357	30	11	
30060000	484.830929	1	1.378412107784	0.000165509155	0.697852089325	1.363965799734	30	18	
30070000	478.887464	1	1.425228958957	0.000227275123	0.381040595719	0.727158352929	34	18	
30080000	477.281551	1	1.454415996453	0.000193206635	0.693143715954	0.678568522824	29	12	
30090000	473.649584	1	1.418047368421	0.000168347760	0.353898405843	0.790874764634	31	13	
30100000	482.126147	1	1.365125474168	0.000186393874	0.441566574641	0.911745773706	30	10	
30110000	480.571310	1	1.478065851613	0.000146303599	0.615989610982	1.286370453566	29	12	
30120000	488.905830	1	1.401609277884	0.000193441115	0.488367534000	0.755409286657	34	13	
30130000	471.707178	1	1.409747217732	0.000229090809	0.393192858006	0.816095311037	32	9	
30140000	482.339300	1	1.425291546808	0.000212916958	0.453618783311	0.582402724855	38	11	
30150000	482.766008	1	1.442613130562	0.000196365394	0.600529776043	0.972637659596	33	11	
30160000	484.800245	1	1.356684126495	0.000200818633	0.543566985560	0.986531822378	26	15	
30170000	478.623570	1	1.422777343878	0.000220916540	0.617457791201	0.848868923744	28	14	
30180000	474.817081	1	1.423706280543	0.000211218503	0.584875364144	0.691672288092	30	12	
30190000	476.501462	1	1.435403574322	0.000174893498	0.436711570335	0.789485394623	28	14	
30200000	469.377003	1	1.394586299522	0.000100540978	1.113394904408	1.870060816381	26	18	
30210000	478.329313	1	1.423568887642	0.000184572356	0.554330668591	0.753338042111	31	18	
30220000	470.008644	1	1.438236215922	0.000191603749	0.439656516670	1.442805317899	28	12	
30230000	455.662873	1	1.458235479937	0.000202230291	0.568967702581	0.576871722447	29	23	
30240000	484.864855	1	1.454160402235	0.000188001958	0.565008683627	0.877947201225	28	11	
30250000	474.799700	1	1.414809792750	0.000157777170	0.618942721438	1.022589128256	27	17	
30260000	481.989442	1	1.392614759904	0.000172611003	0.747599639461	1.113910804397	36	13	
30270000	473.540951	1	1.386683496747	0.000183053169	0.836412488782	1.008041348727	22	14	
30280000	478.444302	1	1.450324561086	0.000170591340	0.643092807682	0.947696902914	18	26	
30290000	486.120045	1	1.402743937505	0.000164385341	0.767032839922	0.971589116489	34	14	
30300000	477.434601	1	1.387939064890	0.000170363604	0.634002823400	0.999629946463	35	10	
30310000	473.242800	1	1.425860735780	0.000230063943	0.451361063395	0.458801039843	26	22	
30320000	479.897161	1	1.395313780475	0.000205303852	0.587365843994	0.958859554030	29	13	
30330000	477.006488	1	1.447776423296	0.000202936861	0.574572959973	0.907211958732	39	13	
30340000	481.697909	1	1.424096193089	0.000149646842	0.735667951447	0.937169566147	24	15	
30350000	469.598631	1	1.502530048563	0.000197723385	0.433753704323	0.890868236942	34	11	
30360000	473.907799	1	1.493078114379	0.000296072735	0.382584409513	0.609470893260	43	16	
30370000	483.470537	1	1.569682409793	0.000249561711	0.399060086609	1.067775622162	38	17	
30380000	479.260483	1	1.426491667176	0.000274865554	0.291872081065	0.703863376795	41	12	
30390000	493.283158	1	1.447886743940	0.000215972456	0.501242620078	0.583243059909	42	18	
30400000	487.152760	1	1.413306588841	0.000244590664	0.481521065946	0.574519731842	36	13	
30410000	462.938951	1	1.449439965827	0.000243596912	0.568076886308	0.710739978771	30	7	
30420000	478.415588	1	1.407140179121	0.000224481867	0.449963756438	0.737674176502	27	6	
30430000	480.959837	1	1.450640583709	0.000181568925	0.516709415615	1.073437865716	35	13	
30440000	478.134840	1	1.411975226649	0.000112272108	0.998841372559	1.357377293588	37	17	
30450000	483.416465	1	1.437859198139	0.000307107404	0.456367252652	0.486478817103	27	16	
30460000	476.028555	1	1.393508846786	0.000274331984	0.524157159349	0.935427687670	27	16	
30470000	486.601852	1	1.383285087183	0.000163082531	0.579050531064	0.993847300486	24	11	
30480000	484.494947	1	1.390890843858	0.000245977016	0.434449696777	0.937348476343	28	15	
30490000	467.834756	1	1.447995494520	0.000190249077	0.595245525032	1.195247420705	35	13	
30500000	476.412824	1	1.464136250597	0.000217614911	0.460170574006	0.792391230542	37	11	
30510000	463.274361	1	1.449317143336	0.000220912047	0.709797733508	0.938080333414	30	7	
30520000	471.975656	1	1.365615563292	0.000239556011	0.602264024961	0.682855513465	29	15	
30530000	473.663557	1	1.416803488284	0.000170705246	0.589669902617	0.682019863194	27	20	
30540000	470.091215	1	1.470035084563	0.000189899352	0.665436685015	1.025734389522	30	17	
30550000	484.568801	1	1.386576620240	0.000177784338	0.507306127547	0.650169380664	32	14	
30560000	483.475302	1	1.413999839668	0.000184906538	0.544916275223	0.784369812159	31	18	
30570000	470.741215	1	1.299753222975	0.000193820197	0.602459835577	1.117768420772	36	10	
30580000	468.486862	1	1.348584071075	0.000195322213	0.648822175574	0.911016117516	35	18	
30590000	486.957317	1	1.388825853511	0.000180377636	0.549178913928	0.671813656212	40	13	
30600000	483.862484	1	1.434620275000	0.000187568382	0.470405638381	0.732387137330	33	16	
30610000	485.564600	1	1.500492172983	0.000161220870	0.602261332655	0.915862446874	27	24	
30620000	463.656493	1	1.439689533782	0.000188743186	0.664640580246	0.766966742341	27	18	
30630000	471.597015	1	1.474273621912	0.000237966170	0.431383039482	0.982696684223	28	10	
30640000	496.279406	1	1.367418527546	0.000126376914	0.744117071682	1.002212955516	28	21	
30650000	470.399080	1	1.458597167542	0.000180271696	0.666112026471	1.193441803319	29	12	
30660000	475.165783	1	1.394144184328	0.000207589039	0.455158552215	0.976955590726	26	18	
30670000	478.338775	1	1.414530925263	0.000202354223	0.547009522350	1.012906618062	34	12	
30680000	471.153530	1	1.493101237059	0.000179127791	0.470528213341	1.281711867039	34	16	
30690000	469.931494	1	1.415092914329	0.000229852718	0.342610673960	0.668473223795	32	20	
30700000	478.081804	1	1.415056912727	0.000218493727	0.544426162177	0.652573142968	35	14	
30710000	474.116492	1	1.359960112107	0.000144592780	1.028373869758	1.300237573408	38	15	
30720000	476.677464	1	1.519421197712	0.000159469343	0.628677469804	1.321259993221	40	17	
30730000	461.604400	1	1.395107295860	0.000198864486	0.639760414034	0.833397574817	24	12	
30740000	471.755188	1	1.420667218852	0.000225955562	0.338461638073	0.987983902101	25	13	
30750000	479.251063	1	1.447061813329	0.000200783423	0.409931048447	0.965081469786	32	16	
30760000	480.184756	1	1.379123910421	0.000211671365	0.458169921475	1.011581739896	25	12	
30770000	477.695377	1	1.480341352239	0.000208465338	0.780811810811	0.761328788828	42	13	
30780000	464.256163	1	1.465418943147	0.000199198424	0.760206640272	0.885528717675	29	11	
30790000	473.936180	1	1.409003308795	0.000124285853	0.819286713032	1.382683783916	34	13	
30800000	486.397847	1	1.382393432644	0.000147976365	0.828364818395	1.326010328334	28	10	
30810000	476.632725	1	1.493731220894	0.000170348927	0.571833685410	1.313840301489	38	12	
30820000	478.530820	1	1.438683365110	0.000186443411	0.548044551160	0.914298309116	35	18	
30830000	485.708370	1	1.377103209905	0.000172007068	0.582918045420	1.226258954399	30	10	
30840000	469.224974	1	1.434646891312	0.000138376075	0.828829265756	1.400514520268	36	19	
30850000	487.838984	1	1.393092109948	0.000196849848	0.330781582564	0.569666175870	44	15	
30860000	473.940719	1	1.467574682817	0.000192857998	0.623733042510	0.806373843180	41	8	
30870000	494.511246	1	1.446494872786	0.000294664955	0.315316366878	0.468431322688	26	15	
30880000	467.923304	1	1.420138462789	0.000174669092	0.703409877701	1.284822210123	37	11	
30890000	481.363205	1	1.404116576402	0.000213413693	0.555219050022	0.745179158566	40	14	
30900000	462.509810	1	1.534986192434	0.000261977897	0.407370789988	0.646284566829	34	14	
30910000	493.004331	1	1.404967326437	0.000206601773	0.548726848059	0.676478438218	36	14	
30920000	468.880010	1	1.428949841793	0.000176506715	0.746460351723	0.881157171493	29	15	
30930000	470.801284	1	1.407738306061	0.000194514617	0.854500991966	1.039426876194	30	15	
30940000	474.665534	1	1.466638214143	0.000203631965	0.451718842433	0.965198670359	31	11	
30950000	475.605510	1	1.366240685389	0.000198052814	0.412450576913	0.863703546609	39	9	
30960000	484.853957	1	1.400297631860	0.000207238584	0.569391326819	0.818962154455	35	17	
30970000	471.575229	1	1.385708743672	0.000139219953	0.905074150654	1.242137188900	25	17	
30980000	486.350603	1	1.440812953247	0.000153647519	0.587690321255	1.378430345973	38	17	
30990000	469.034894	1	1.425874347717	0.000237195980	0.578074254355	0.870882030583	28	18	
31000000	478.071506	1	1.474473479388	0.000159665528	0.986670273908	1.116721657650	34	16	
31010000	469.237955	1	1.407600942141	0.000226148206	0.636566460847	0.618392625558	32	14	
31020000	472.811218	1	1.387516066158	0.000181008944	0.576200514037	0.850851787604	29	12	
31030000	485.632233	1	1.479746612597	0.000166703507	0.432080301021	1.100374100040	36	15	
31040000	473.320715	1	1.385667553601	0.000253666861	0.374794150752	0.549158096639	31	12	
31050000	467.483854	1	1.413463849543	0.000231963180	0.364854478141	1.009266611177	31	15	
31060000	483.468758	1	1.424724006635	0.000174105713	0.658570322122	1.029909064570	32	7	
31070000	480.952320	1	1.411773508121	0.000199260363	0.634347822158	0.771527998578	39	11	
31080000	495.286994	1	1.476125023885	0.000148638074	0.752050596416	1.222246785423	36	13	
31090000	484.297271	1	1.373508859975	0.000169003149	0.696522598534	0.712228275003	35	8	
31100000	481.586187	1	1.430388787846	0.000138208257	0.751167689553	0.783318250839	33	18	
31110000	480.955206	1	1.321967819966	0.000187485583	0.537292978725	0.649963333564	25	13	
31120000	491.382976	1	1.439431531445	0.000185504616	0.397876700213	0.799701555332	25	8	
31130000	476.612302	1	1.392075472259	0.000191694448	0.569014452112	0.877269448594	19	14	
31140000	463.425069	1	1.413652321316	0.000192906263	0.368644066738	1.086850429771	27	7	
31150000	484.988664	1	1.389023393894	0.000149468433	1.047509339610	1.039770721828	35	11	
31160000	478.762900	1	1.404275305695	0.000192397121	0.585084393441	1.247247712086	37	13	
31170000	483.820920	1	1.421282986130	0.000230902491	0.566815124691	0.573388223820	32	11	
31180000	473.625916	1	1.451948284623	0.000166827184	0.843210037454	0.864099296349	29	15	
31190000	466.053058	1	1.433405529551	0.000181208907	0.828836306846	0.649537378174	36	17	
31200000	478.074530	1	1.491564913404	0.000215118613	0.579933413868	0.764428196093	31	11	
31210000	481.199407	1	1.442608349746	0.000184765633	0.499418582791	0.941705374070	37	7	
31220000	478.116133	1	1.432548057115	0.000179013634	0.611535680730	1.163644787537	29	11	
31230000	477.374095	1	1.416458264478	0.000213780267	0.672460589754	0.997976075123	29	14	
31240000	467.892951	1	1.389142356588	0.000223872124	0.789101432611	0.742114212670	29	10	
31250000	478.102195	1	1.361846658547	0.000183644915	0.960412896211	1.055123150044	28	14	
31260000	462.569820	1	1.300377072037	0.000153013376	0.978529834579	0.929447739689	29	19	
31270000	474.444444	1	1.443335981776	0.000222285479	0.554053232744	0.586846519165	27	17	
31280000	468.994843	1	1.405399406376	0.000204662836	0.514673576374	0.769013949838	27	24	
31290000	470.920984	1	1.435424696905	0.000152153641	0.664249392857	0.795248065739	31	15	
31300000	479.414127	1	1.450007162393	0.000179984460	0.402443370303	0.921880986329	38	19	
31310000	473.571864	1	1.464025206101	0.000176426418	0.673726252727	0.836363045617	27	22	
31320000	469.899956	1	1.411021684586	0.000191133798	0.724873739563	0.871840894112	25	17	
31330000	476.187411	1	1.448266056755	0.000142906749	0.894138610133	1.218038431769	29	12	
31340000	476.459666	1	1.377516867793	0.000185641965	0.547523619521	0.742990172091	24	17	
31350000	464.941464	1	1.423198445230	0.000268577068	0.618832070790	0.941334507752	25	9	
31360000	474.223099	1	1.418858115804	0.000222194764	0.439709490742	0.857845562615	22	12	
31370000	470.822789	1	1.426595930644	0.000262083557	0.405952105573	0.602889281775	32	12	
31380000	488.381393	1	1.463374349116	0.000291201442	0.229181045835	0.487927325131	37	19	
31390000	492.087027	1	1.461203259998	0.000206730651	0.551107776026	0.753096587035	42	16	
31400000	479.674923	1	1.403071274683	0.000292834276	0.524396150444	0.731470868824	31	13	
31410000	483.820865	1	1.396715695620	0.000178083773	0.533256122704	0.919419641098	34	15	
31420000	473.280716	1	1.393084430489	0.000155116732	0.961407012464	1.033722637856	36	18	
31430000	470.890266	1	1.433616146230	0.000227708164	0.510037474792	0.775862889485	36	10	
31440000	481.151297	1	1.406155658202	0.000208508023	0.729662847845	0.893613865737	37	11	
31450000	474.072672	1	1.457197398869	0.000204218949	0.650930890758	0.971263426651	26	12	
31460000	482.148072	1	1.397738785410	0.000242805181	0.412696026979	0.620554592489	27	15	
31470000	482.260310	1	1.457921838115	0.000181689783	0.586662509367	1.046113287826	37	7	
31480000	483.129648	1	1.411955550740	0.000170035614	0.602082874779	0.714974447398	30	7	
31490000	472.638868	1	1.404825493683	0.000111813909	1.363106574353	1.253359812982	31	14	
31500000	468.044430	1	1.398939788608	0.000173127798	1.067807516710	1.380447020756	29	8	
31510000	475.736024	1	1.440920158543	0.000169497650	0.436684654303	0.736314918520	32	18	
31520000	479.916972	1	1.429145298086	0.000198819448	0.378986291635	0.788727363862	25	13	
31530000	482.296529	1	1.391060496441	0.000170914993	0.437206241691	0.595417726328	34	19	
31540000	487.158323	1	1.425633998567	0.000159308029	0.738265610615	0.692792435741	30	20	
31550000	481.226795	1	1.402285659081	0.000169330579	0.669775873339	0.892899564349	37	13	
31560000	477.918103	1	1.367347731701	0.000205924725	0.506345283467	0.601424709719	41	16	
31570000	483.468732	1	1.409255201200	0.000173357127	0.669143515301	1.056270925121	35	18	
31580000	474.196003	1	1.440666250298	0.000172452864	0.660050837784	1.062047174025	23	13	
31590000	465.823773	1	1.387401882092	0.000200431611	0.573973532276	0.653065387043	33	11	
31600000	472.734295	1	1.495870980881	0.000216995273	0.530825257576	1.195523272920	40	12	
31610000	471.953462	1	1.381497443729	0.000212722909	0.441974434409	0.514187881859	26	18	
31620000	469.000157	1	1.396693893781	0.000191440361	0.862077612726	0.969516018984	26	15	
31630000	476.271595	1	1.407008079563	0.000172175224	0.598957231943	0.780744030562	24	14	
31640000	487.278986	1	1.458679318902	0.000174010579	0.588273922456	0.525210901549	26	19	
31650000	476.556788	1	1.406674012697	0.000184792242	0.560803866872	0.550848721609	29	14	
31660000	473.804358	1	1.376497221879	0.000212961898	0.492030088991	0.711132799324	33	12	
31670000	473.504746	1	1.408610699575	0.000185133371	0.841619800428	0.880341845013	34	12	
31680000	475.101709	1	1.495966181574	0.000174969656	0.411260809186	0.630859942234	40	11	
31690000	470.050732	1	1.388020031856	0.000202121075	0.441965671102	1.091583942880	30	14	
31700000	465.760933	1	1.511299871308	0.000189192025	0.792540679227	0.705600398684	36	13	
31710000	471.826370	1	1.406260709637	0.000208946590	0.463346575935	0.924199547497	22	12	
31720000	491.232856	1	1.436951793663	0.000185994129	0.452254182378	0.790618154730	35	13	
31730000	478.660271	1	1.409611813136	0.000181176619	0.657616653959	0.987738608074	34	15	
31740000	486.534564	1	1.382333811771	0.000171749663	0.538480475721	0.796301285636	27	15	
31750000	484.998848	1	1.411900464609	0.000186315918	0.427759551295	0.715746051105	27	16	
31760000	471.394138	1	1.365260922783	0.000144955556	0.518915475449	0.921026257561	39	17	
31770000	489.575188	1	1.411258112690	0.000161919900	0.651309752171	0.687262495292	42	10	
31780000	477.397179	1	1.404145620387	0.000206349739	0.572930423929	0.678245520626	27	10	
31790000	477.386498	1	1.451192202562	0.000189427619	0.701737818031	0.490796550546	37	16	
31800000	482.734309	1	1.426601119809	0.000171111683	0.481474900743	0.835324731758	28	14	
31810000	484.422644	1	1.458442917633	0.000150421984	0.646002180019	1.014455738991	38	15	
31820000	477.701519	1	1.409510476216	0.000229721244	0.474800929049	0.724351513232	34	6	
31830000	480.960065	1	1.436324678677	0.000164014054	0.587916394115	0.796537199358	28	12	
31840000	467.079634	1	1.316132595456	0.000195963409	0.809936555534	0.760043647876	35	14	
31850000	476.325714	1	1.376191058072	0.000182017711	0.529285124255	0.991368976236	34	18	
31860000	470.916498	1	1.421835561383	0.000190312667	0.587073848064	0.924351855553	41	15	
31870000	476.125677	1	1.407384145220	0.000246929488	0.550548085416	0.636651919127	40	15	
31880000	471.939631	1	1.444024856228	0.000230411540	0.603795119282	0.651147510340	33	11	
31890000	470.715454	1	1.400654226973	0.000143893678	0.714828012071	1.150401339279	30	23	
31900000	483.215388	1	1.441941371643	0.000168083276	0.540409723074	1.080983666505	29	19	
31910000	476.219692	1	1.423704148569	0.000221548049	0.508038647284	0.758911046282	32	12	
31920000	481.634436	1	1.452576115725	0.000164041171	0.518188800239	1.090582727763	33	16	
31930000	482.691580	1	1.424682341747	0.000166427330	0.735412724584	0.937328213789	33	14	
31940000	488.340819	1	1.429294722456	0.000197716349	0.677696249398	0.644790727072	35	12	
31950000	475.408700	1	1.446005010931	0.000201357351	0.480632056637	0.704943411314	31	12	
31960000	486.679861	1	1.366893528297	0.000181511474	0.442880344714	0.993704070231	33	17	
31970000	473.867117	1	1.362938809271	0.000214232375	0.605655950832	1.011284128270	32	12	
31980000	491.886903	1	1.431563267931	0.000206489898	0.449212461276	0.694046907808	31	10	
31990000	479.297077	1	1.364769606889	0.000203915379	0.417736633445	0.872538346664	32	10	
32000000	468.559142	1	1.485470082683	0.000170176620	0.495438923502	0.782532980912	28	15	
32010000	490.170071	1	1.422639864913	0.000152202215	0.562907698810	1.252779143182	36	19	
32020000	484.777986	1	1.413274684275	0.000165180644	0.647020415039	1.284862705401	35	12	
32030000	482.446297	1	1.434149506281	0.000178127511	0.807419145325	1.281136543479	30	17	
32040000	473.689001	1	1.471670170104	0.000180638944	0.616867278379	1.780171398555	33	13	
32050000	472.175511	1	1.372474711604	0.000208307063	0.525267324355	1.082884082370	40	10	
32060000	477.505298	1	1.344714288178	0.000197908549	0.528890796149	0.665868570173	35	15	
32070000	469.056418	1	1.387997778714	0.000195850000	0.428734784645	0.664751295631	42	12	
32080000	481.734072	1	1.428096140338	0.000155886125	0.668192667240	0.867066885976	33	9	
32090000	485.254439	1	1.433563101715	0.000188245158	0.598168420290	0.844888406818	24	11	
32100000	475.317993	1	1.449775381818	0.000188842579	0.647353928957	1.302516353274	26	9	
32110000	470.540504	1	1.401022327409	0.000186428172	0.616381109655	0.514755656329	26	14	
32120000	489.405496	1	1.360454271853	0.000175279311	0.668719389619	0.853018220913	30	18	
32130000	478.875515	1	1.383681784352	0.000167364103	0.593239055139	0.906677885795	33	17	
32140000	482.994317	1	1.429039818196	0.000293645146	0.275937353691	0.719550603238	34	18	
32150000	475.029157	1	1.418417819775	0.000262819476	0.356212855726	0.629710700169	38	13	
32160000	476.287524	1	1.441735509143	0.000330594508	0.312102999959	0.521485104014	27	15	
32170000	479.860024	1	1.443725287527	0.000268516636	0.556981475481	0.731116582767	27	16	
32180000	472.703451	1	1.365970966392	0.000187274821	0.424609536042	1.051339859356	27	20	
32190000	480.625808	1	1.421724127635	0.000174597285	0.594886557903	1.130280285767	33	17	
32200000	484.824104	1	1.464915630999	0.000231067667	0.436376169710	0.652822100739	34	12	
32210000	471.830969	1	1.468926867221	0.000163701983	0.913520707937	0.918249422088	24	16	
32220000	474.889478	1	1.408417123099	0.000155900551	0.688904717326	1.195148374207	33	10	
32230000	481.286667	1	1.396922040346	0.000125598147	0.827434580059	1.158392725182	38	16	
32240000	480.140535	1	1.498540296404	0.000161026016	0.688284643924	1.104472137616	47	12	
32250000	480.631545	1	1.424658621136	0.000179289598	0.438104587518	0.674083049536	44	14	
32260000	484.534401	1	1.435136590135	0.000186792085	0.661488717006	0.745791043728	45	9	
32270000	471.877643	1	1.396036297015	0.000243516965	0.434148025996	0.718173794535	40	11	
32280000	481.557975	1	1.449094712547	0.000128711845	0.743651153178	0.941344601188	36	16	
32290000	483.844752	1	1.405692744607	0.000150551077	0.934971736913	0.830543877889	32	13	
32300000	489.180588	1	1.412638105289	0.000165943283	0.814128795837	0.987869181775	34	9	
32310000	463.672231	1	1.388882386200	0.000200792531	0.782318513823	1.150792458248	32	19	
32320000	476.910434	1	1.445706298914	0.000158860125	0.420818079080	0.902050492404	30	15	
32330000	480.818084	1	1.445638945625	0.000220338232	0.299271217434	0.567142553077	36	14	
32340000	488.988449	1	1.480355992940	0.000169903630	0.532123049860	0.658003787513	33	14	
32350000	476.991352	1	1.467165555554	0.000129289873	0.625536219743	1.082509687730	22	14	
32360000	476.488315	1	1.449820116505	0.000114223903	0.635445937335	0.978641731898	36	14	
32370000	489.364213	1	1.432410632874	0.000163412146	0.686568989597	0.949957146240	36	18	
32380000	464.096029	1	1.434115446774	0.000206688761	0.736260199127	1.089470363507	25	11	
32390000	480.390994	1	1.464994045156	0.000183317595	0.843064667349	0.778746091670	38	13	
32400000	476.625346	1	1.427210994524	0.000249714424	0.416755116423	0.592402092496	37	15	
32410000	485.498650	1	1.481948833537	0.000168472329	0.574454368865	0.683557877659	43	13	
32420000	484.415453	1	1.384977196927	0.000149910050	0.753735833362	0.811819743702	42	14	
32430000	487.142853	1	1.397856544124	0.000163027237	0.632257685967	1.135662389773	36	11	
32440000	469.988161	1	1.408964441983	0.000202337340	0.645648524489	0.892030380074	30	15	
32450000	473.977810	1	1.418753513790	0.000180865703	1.084315811907	1.117309753222	37	14	
32460000	477.682796	1	1.392400389778	0.000181456540	0.606674860020	0.689227101898	40	16	
32470000	480.551208	1	1.451767631828	0.000183896814	0.751423468829	0.932359453236	29	8	
32480000	479.019069	1	1.403839319192	0.000197352239	0.472249693199	0.704530501841	33	12	
32490000	473.938081	1	1.555908668064	0.000216695238	0.715901909699	0.798241007358	26	12	
32500000	488.325891	1	1.385303704615	0.000204723046	0.619029494877	0.753238984107	24	17	
32510000	483.604798	1	1.391080665230	0.000157610414	0.600840968174	0.825005928280	40	14	
32520000	484.108204	1	1.443759490482	0.000163384793	0.614870406135	1.000695065625	31	21	
32530000	482.817643	1	1.459644874699	0.000198125211	0.387530016574	0.801383556686	30	12	
32540000	472.205793	1	1.418354960396	0.000151695651	0.903836560139	0.882094331906	37	16	
32550000	488.482862	1	1.476744863564	0.000173405263	0.568287011661	0.749344602290	37	16	
32560000	471.193881	1	1.389067572233	0.000228972144	0.553613936809	0.647822638954	38	13	
32570000	474.803563	1	1.447189430678	0.000196368635	0.594002063798	1.046827524756	26	11	
32580000	473.384173	1	1.443124540248	0.000270812503	0.459413264580	0.520907652413	26	17	
32590000	473.893844	1	1.407844867757	0.000165660891	0.657709761424	1.074048185870	25	17	
32600000	471.976386	1	1.399589009525	0.000169367365	0.540950463915	1.102864454787	27	15	
32610000	475.324185	1	1.428600489659	0.000213428727	0.585252106426	0.807334186555	30	8	
32620000	483.939906	1	1.433475321786	0.000114783351	0.823582403332	1.512613474543	31	20	
32630000	474.651891	1	1.435670237769	0.000220402383	0.622082918363	0.829689940458	28	14	
32640000	477.161928	1	1.486364711529	0.000173544509	0.658116025899	0.871919799555	32	22	
32650000	484.749980	1	1.396058487077	0.000152649467	0.731472219019	1.195008055319	39	16	
32660000	481.489383	1	1.421013367175	0.000164856089	0.624988280665	1.041122064277	39	15	
32670000	476.593109	1	1.387265820991	0.000150502936	0.751372279994	1.213848395435	29	17	
32680000	485.667725	1	1.417894508034	0.000195371393	0.810508351456	0.929986526293	32	12	
32690000	478.297660	1	1.497226211758	0.000180101438	0.465916210396	0.874690367425	31	14	
32700000	476.404977	1	1.430772666333	0.000188058624	0.546174246866	0.625784744409	30	17	
32710000	474.595035	1	1.429744853297	0.000177099314	0.436117887714	1.036255271241	28	15	
32720000	483.616245	1	1.413475516320	0.000179159812	0.561438006088	1.050973741946	32	16	
32730000	476.350463	1	1.364665642201	0.000163054113	0.611824379416	1.011347458628	37	13	
32740000	482.264694	1	1.411247947874	0.000217418467	0.624262015381	1.000518476195	31	16	
32750000	478.748825	1	1.432728660364	0.000191912250	0.471581723355	0.830182983137	33	12	
32760000	481.756243	1	1.454266338230	0.000170886307	0.563694454985	0.959494932456	28	13	
32770000	483.527349	1	1.430896097213	0.000176432893	0.443856190494	0.664409049892	37	14	
32780000	474.199951	1	1.404744907316	0.000195706643	0.616436050210	0.914234672195	33	17	
32790000	466.188668	1	1.421824649013	0.000176074788	0.699090147612	1.327432731681	30	14	
32800000	479.935513	1	1.473844330095	0.000142803153	0.587122953863	1.461349879764	31	15	
32810000	480.743051	1	1.457582453892	0.000194518833	0.430906164351	1.010075811463	41	9	
32820000	491.894853	1	1.424626189905	0.000145187188	0.569868393519	1.094080020503	45	13	
32830000	478.764293	1	1.392147249577	0.000176381481	0.549458490002	0.924875082222	37	16	
32840000	485.676560	1	1.402162504706	0.000162080973	0.600342496777	1.155950377595	31	15	
32850000	485.568837	1	1.393202791843	0.000157520182	0.694849528465	0.788033542476	27	14	
32860000	483.201845	1	1.464226468083	0.000194239291	0.466361309011	0.873829497098	29	13	
32870000	478.202817	1	1.442271357242	0.000182372596	0.473871963556	1.252195718810	26	19	
32880000	455.674420	1	1.389286743363	0.000245830135	0.479502453346	0.768509918937	21	16	
32890000	469.791247	1	1.437094519464	0.000232624426	0.468198703958	0.893798134926	30	12	
32900000	480.114319	1	1.453016049123	0.000179809476	0.575958210064	0.524630726312	33	11	
32910000	482.635314	1	1.482177786942	0.000165709131	0.511787199204	0.686704659862	27	11	
32920000	474.094186	1	1.466356434283	0.000206643357	0.427478446821	0.635521998347	30	12	
32930000	478.298922	1	1.415526715653	0.000201747532	0.493605580028	0.832975845483	24	19	
32940000	477.310269	1	1.420376353059	0.000133072153	0.467051702240	1.162510433914	34	20	
32950000	476.004304	1	1.422804415442	0.000164897124	0.494533505611	1.122301752027	30	17	
32960000	467.575406	1	1.485244454893	0.000223488150	0.354812499855	0.820869968326	26	14	
32970000	481.498752	1	1.434095033990	0.000227594873	0.614023138575	0.698500403727	40	15	
32980000	481.276463	1	1.440159228616	0.000154750408	0.389737305669	0.838306313838	45	15	
32990000	479.832293	1	1.388622641530	0.000150521432	0.489981590637	0.915326171248	45	14	
33000000	476.056957	1	1.433952419603	0.000177703821	0.540413998697	0.976119872093	41	16	
33010000	482.964867	1	1.401355893667	0.000153917089	0.558934781339	1.102447481396	34	19	
33020000	490.109108	1	1.443765028668	0.000273075841	0.309973709908	0.595081656286	36	19	
33030000	484.106146	1	1.440619970019	0.000153243597	0.725916377452	1.173733669299	41	12	
33040000	479.543308	1	1.459127360172	0.000133324129	0.958016018757	1.132539950634	36	19	
33050000	480.450011	1	1.433174117812	0.000200503206	0.521075715106	0.705731281008	39	18	
33060000	478.979681	1	1.459325989871	0.000199291247	0.620734044514	0.816824497079	33	13	
33070000	478.023869	1	1.472931769008	0.000141464917	0.699138882485	1.041070511028	38	14	
33080000	472.083205	1	1.465929774656	0.000164504213	0.526700387998	0.865908839576	26	13	
33090000	474.120724	1	1.407076523674	0.000195752575	0.629885204992	0.718284993649	26	19	
33100000	487.538673	1	1.440602504300	0.000169596747	0.698189848286	0.863323131317	38	18	
33110000	480.310519	1	1.411684686795	0.000224772340	0.426184929347	0.905180403602	34	9	
33120000	478.219467	1	1.416985673024	0.000170397097	0.835792653994	0.806315374263	35	12	
33130000	470.728214	1	1.377875353252	0.000242619715	0.474481315826	0.794939231637	29	15	
33140000	476.894223	1	1.380773430737	0.000217571223	0.834421020769	0.838700274508	19	14	
33150000	469.979869	1	1.514757773259	0.000200596748	0.684148848597	1.335562146192	22	10	
33160000	461.744597	1	1.427612060136	0.000188568740	0.548774240337	0.990628250640	31	10	
33170000	489.423191	1	1.406675030004	0.000148186889	0.788966314463	1.040160502463	32	19	
33180000	466.616530	1	1.375639037390	0.000197685779	0.675250783195	1.320472876902	25	8	
33190000	481.604960	1	1.422069808622	0.000125389695	0.862712113292	1.450387072854	25	18	
33200000	475.104835	1	1.391838866642	0.000205480603	0.574674966416	0.893472186661	24	12	
33210000	477.170021	1	1.463658278522	0.000165120588	0.818868977665	1.171066524038	34	16	
33220000	476.410186	1	1.460604777273	0.000169703804	0.663742770864	1.410737545394	33	14	
33230000	458.079129	1	1.498754770085	0.000207049078	0.726500414492	1.108357169536	26	15	
33240000	483.672419	1	1.448994051745	0.000184797941	0.492283334344	0.847564297235	35	9	
33250000	479.853311	1	1.443307521980	0.000133639705	0.837750746327	1.409187110361	35	17	
33260000	467.677038	1	1.381420369574	0.000158492868	0.591650441398	1.163252296867	37	14	
33270000	477.737348	1	1.336993728867	0.000215890367	0.480724652320	0.519428437102	33	15	
33280000	479.498592	1	1.478863807641	0.000146398475	0.625985559041	0.808311719158	23	18	
33290000	489.962394	1	1.428812000369	0.000160908284	0.625355475619	0.847336026873	30	18	
33300000	481.385875	1	1.481153584901	0.000192797509	0.386599841190	0.626348935393	27	17	
33310000	473.708036	1	1.432838374622	0.000215808383	0.658949434069	0.699043375514	32	13	
33320000	491.176519	1	1.421732166172	0.000174077485	0.593976769970	0.586552055586	38	21	
33330000	470.259453	1	1.319050981668	0.000217367384	0.765939742285	0.814336411282	25	15	
33340000	461.075130	1	1.402702767810	0.000252805628	0.655617034494	0.770810639274	34	14	
33350000	469.965927	1	1.465417462630	0.000264162597	0.482433489593	0.478074004932	24	14	
33360000	485.096725	1	1.436722828605	0.000188861736	0.569667486549	0.658252406072	35	11	
33370000	479.249747	1	1.422419590509	0.000192859738	0.886021920260	0.922088528479	29	11	
33380000	482.380949	1	1.440273477435	0.000218781887	0.556863479816	0.737521594023	34	17	
33390000	480.364829	1	1.312192983400	0.000224028281	0.427042251155	0.773834431014	36	14	
33400000	488.799835	1	1.420875170837	0.000352070029	0.307022810466	0.319684603865	33	19	
33410000	483.733086	1	1.476045104256	0.000419886616	0.248704413657	0.600275909783	30	17	
33420000	471.938160	1	1.413842602462	0.000317310885	0.569491699986	0.745907391540	26	14	
33430000	468.950329	1	1.432266846513	0.000255082755	0.515510406796	0.658630352183	46	9	
33440000	482.960404	1	1.412086027130	0.000191909075	0.552185036558	0.799118105746	33	14	
33450000	464.958671	1	1.302191309151	0.000145808123	0.809167554416	1.277247570039	33	15	
33460000	471.763897	1	1.396883825753	0.000158332714	0.872328696472	1.104186061128	26	17	
33470000	475.839841	1	1.422414853471	0.000152896660	0.703197544971	1.410776292723	36	10	
33480000	484.919749	1	1.417890343777	0.000225400082	0.412469180892	0.599635296596	31	14	
33490000	478.846058	1	1.438727491660	0.000186270267	0.479050154580	1.153616946691	30	18	
33500000	478.725621	1	1.481119419398	0.000197744550	0.429826505048	0.921440020845	26	17	
33510000	473.860170	1	1.390663311230	0.000174117930	0.386084750996	0.973863766237	45	10	
33520000	478.913297	1	1.440863628851	0.000216321595	0.446736551019	0.863732093561	35	15	
33530000	467.196024	1	1.437814634123	0.000182145985	0.533681239274	1.014877910758	43	24	
33540000	459.436708	1	1.441380549015	0.000233932640	0.847168550442	1.025944112938	35	18	
33550000	480.617965	1	1.353229156397	0.000169242138	0.679464423738	1.013847576273	28	15	
33560000	476.903236	1	1.379695951780	0.000135086335	1.029753937861	1.315761652236	27	16	
33570000	486.524913	1	1.462589372899	0.000160543768	0.560195398546	1.070018587822	45	12	
33580000	471.127140	1	1.405895579510	0.000248514479	0.448101305535	0.592085550933	30	12	
33590000	468.254386	1	1.385084441322	0.000160564247	0.968707679850	1.103379428974	36	11	
33600000	474.837494	1	1.417580966841	0.000173001196	0.558726352551	1.186624293817	31	11	
33610000	475.098061	1	1.432775685319	0.000216542285	0.750038262834	0.602386651067	33	15	
33620000	481.999440	1	1.504089148693	0.000275425911	0.347574107631	0.512475540080	31	14	
33630000	494.850095	1	1.394535146285	0.000151776731	0.739163947858	1.266676382596	30	14	
33640000	479.103795	1	1.412931437210	0.000162491328	0.772516131321	1.120782856765	41	13	
33650000	489.946185	1	1.388963388177	0.000204912410	0.478763964732	0.952659243850	39	15	
33660000	476.194185	1	1.358604852303	0.000179567705	0.504621853771	1.014522633414	36	11	
33670000	482.160547	1	1.418928698577	0.000176906063	0.744157882458	0.924008158838	24	25	
33680000	471.899199	1	1.445713329194	0.000243843980	0.345153076383	0.741559974723	32	14	
33690000	476.605984	1	1.436696303452	0.000164767611	0.717034652059	1.013001964030	30	21	
33700000	481.647445	1	1.445596490849	0.000190637438	0.720367581054	0.834347472921	32	15	
33710000	480.569445	1	1.488953906019	0.000182622542	1.380619461732	1.041735850434	36	16	
33720000	482.128531	1	1.403168426370	0.000221597349	0.610577730502	0.845834074959	30	19	
33730000	469.808963	1	1.399413118424	0.000227874106	0.518527511537	0.804108875102	29	16	
33740000	480.588582	1	1.430204530666	0.000197705782	0.525841373767	0.589749944929	22	19	
33750000	475.144681	1	1.418974907331	0.000154417813	0.658550442426	0.989134271380	42	16	
33760000	467.573343	1	1.470219198851	0.000119333470	0.929781306682	1.228110449879	32	22	
33770000	463.632356	1	1.486035680446	0.000233456367	0.555956277625	0.810165041937	25	16	
33780000	482.413293	1	1.422093822004	0.000159002688	0.583288118355	0.738454964042	30	18	
33790000	472.074812	1	1.427780113784	0.000170283036	0.582339903577	0.952771285341	25	15	
33800000	478.068112	1	1.458788169986	0.000161388882	0.480315410322	0.875088453263	23	15	
33810000	476.765325	1	1.458249117083	0.000114362674	0.715249099620	1.075675258807	32	16	
33820000	490.607710	1	1.378667495660	0.000172969302	0.600963297267	0.647222829144	34	16	
33830000	475.516779	1	1.474410788999	0.000153704927	0.474156727822	0.761842101381	36	17	
33840000	476.685416	1	1.396520732717	0.000151773709	0.458618654847	0.948204649411	31	19	
33850000	465.756784	1	1.387823531609	0.000169515670	0.660750899631	0.674552616733	30	17	
33860000	484.749729	1	1.418939531954	0.000166547302	0.645018005229	0.871919958541	32	11	
33870000	476.225918	1	1.474538489958	0.000139044726	0.598892973732	0.887958999936	44	12	
33880000	468.553257	1	1.414192645431	0.000191654447	0.468442676746	0.920148613347	36	14	
33890000	466.544195	1	1.400701702960	0.000150885307	0.755232223882	1.035991805520	36	15	
33900000	482.423976	1	1.419192137882	0.000168896286	0.780448823169	0.744283399978	28	16	
33910000	475.061746	1	1.400174354880	0.000217095041	0.501611813298	0.817888024370	39	20	
33920000	480.147964	1	1.437319636292	0.000182261675	0.682069816099	1.027378464953	35	14	
33930000	474.498103	1	1.413348147230	0.000196883591	0.413967658077	1.123295416795	27	13	
33940000	476.831730	1	1.433199044031	0.000189658400	0.733225102223	0.866613692290	25	18	
33950000	468.134328	1	1.397992363665	0.000180547062	0.837498997510	0.804788962759	34	9	
33960000	469.839272	1	1.471150524409	0.000188348008	0.470665094303	0.923518945771	33	12	
33970000	468.798504	1	1.324781681627	0.000256494496	0.318168386397	0.643408769666	29	13	
33980000	492.851088	1	1.393310178194	0.000181062873	0.446962658326	0.599083765252	46	12	
33990000	476.517142	1	1.330944820688	0.000199567021	0.485358232237	0.759556083785	36	13	
34000000	490.557250	1	1.462373619032	0.000162494121	0.518294674850	0.787865580814	25	14	
34010000	480.425510	1	1.436133262353	0.000155441962	0.595074568898	1.103513394057	31	14	
34020000	473.368400	1	1.434181142551	0.000180071601	0.736704884985	1.072693200430	19	14	
34030000	480.453668	1	1.403392328441	0.000212289258	0.456469798669	0.577257998871	38	16	
34040000	473.443320	1	1.437846029828	0.000195700258	0.556687360490	1.034372612335	49	14	
34050000	482.741593	1	1.400738236862	0.000195640930	0.608456511850	0.630739799338	37	16	
34060000	479.613049	1	1.425120935455	0.000177488126	0.866893442283	1.235968025496	37	16	
34070000	490.197650	1	1.404943986299	0.000182991984	0.588472541355	0.927684761866	28	16	
34080000	477.848261	1	1.407478156774	0.000182191010	0.639173654830	1.186331048900	33	18	
34090000	482.663101	1	1.412848882509	0.000175805359	0.697503728835	0.781142811723	45	12	
34100000	475.457930	1	1.317016297736	0.000262253651	0.601252127515	0.574276141955	30	7	
34110000	474.838933	1	1.397527947164	0.000169380952	0.719884256014	0.992548346568	33	21	
34120000	468.588561	1	1.443680573332	0.000212469006	0.440155223809	0.831417676721	36	11	
34130000	475.817341	1	1.385871640142	0.000202172288	0.620465991287	0.991073966194	28	21	
34140000	476.123796	1	1.467043517754	0.000199073574	0.493660097040	0.835634576814	26	17	
34150000	474.445565	1	1.467123605752	0.000173963408	0.799846190783	0.566817873874	30	13	
34160000	462.300545	1	1.431763717771	0.000152063745	0.709839441125	1.341526307513	31	16	
34170000	477.513823	1	1.443185728416	0.000155709478	0.694742040419	1.086167741773	33	12	
34180000	474.007118	1	1.335923569667	0.000207992081	0.610521310758	0.771685523596	39	14	
34190000	467.390743	1	1.445416162307	0.000196673402	0.418557092051	0.733999236703	38	20	
34200000	482.493532	1	1.369283057549	0.000165962135	0.448189245266	0.741837069598	26	14	
34210000	478.185312	1	1.490183587621	0.000273138423	0.453920729433	1.037701469073	30	17	
34220000	480.364119	1	1.383527934896	0.000155906197	0.967677638823	0.740275913233	34	10	
34230000	471.864365	1	1.374542889577	0.000206322911	0.478567617644	0.741070448389	33	13	
34240000	471.926910	1	1.336358215722	0.000172594949	0.723052093942	1.132011713414	25	15	
34250000	474.088725	1	1.448410065123	0.000207576625	0.423578152685	0.953893552002	40	13	
34260000	470.661545	1	1.443122859861	0.000197741810	0.490799379383	1.102576972936	24	17	
34270000	480.691475	1	1.393946381681	0.000191269409	0.555129266479	0.794972812255	28	14	
34280000	475.001480	1	1.489904005797	0.000188803613	0.502852207151	0.552855154319	33	17	
34290000	477.194136	1	1.437207169838	0.000215161737	0.504830001530	0.861227321892	37	13	
34300000	471.712416	1	1.469181897007	0.000212733880	0.500187153468	1.123928401448	36	17	
34310000	484.498771	1	1.367757245404	0.000169584863	0.463928820438	0.766070900347	44	19	
34320000	487.094642	1	1.385015858850	0.000159727468	0.531121172903	1.101021149605	35	14	
34330000	464.954988	1	1.443977500041	0.000190016392	0.491394206501	1.199482188721	44	13	
34340000	470.478344	1	1.439660953785	0.000191223774	0.361544468990	0.802785833731	38	20	
34350000	480.062803	1	1.396324200431	0.000229912074	0.516166586063	0.738264483549	38	19	
34360000	468.039483	1	1.493585703577	0.000226676219	0.756041907659	0.806732359425	32	9	
34370000	494.264163	1	1.438059308163	0.000222195411	0.334157080131	0.548984385909	37	10	
34380000	481.024759	1	1.381137454187	0.000180142364	0.496755783986	0.945755302550	31	12	
34390000	470.496674	1	1.390229239943	0.000189955088	0.457666314964	1.133329467716	26	13	
34400000	472.226912	1	1.415498025628	0.000235526245	0.487978466445	0.685523693267	34	7	
34410000	467.382744	1	1.462975121859	0.000239613108	0.434178913565	0.629568104880	30	14	
34420000	490.716667	1	1.412159089722	0.000222778948	0.528695122230	0.754525779022	30	12	
34430000	484.879984	1	1.428960347001	0.000194276997	0.531892919816	0.937446677151	38	13	
34440000	484.452644	1	1.379729045654	0.000175450221	0.459688151460	0.718194868354	36	18	
34450000	494.637394	1	1.458323469056	0.000165905736	0.597621779129	0.710754015882	39	14	
34460000	492.838246	1	1.392776201115	0.000172973739	0.570400792241	0.924193514533	44	11	
34470000	478.381178	1	1.462456900707	0.000137247613	1.086983594525	1.163646202981	31	16	
34480000	484.545580	1	1.414807406438	0.000168608524	0.454661300486	0.602672020301	31	14	
34490000	473.282054	1	1.443432479534	0.000180862803	0.738468759066	0.995567460107	30	18	
34500000	475.631904	1	1.401785734179	0.000185793129	0.579286889843	1.032394205596	24	14	
34510000	476.647640	1	1.411823243233	0.000209862359	0.606754583899	0.829252261174	36	12	
34520000	486.806898	1	1.432748007326	0.000132958519	0.784498876750	1.028288961043	43	18	
34530000	485.834254	1	1.437469498580	0.000159204335	0.524524796067	0.980403287858	33	22	
34540000	485.011871	1	1.435138500638	0.000180192856	0.327891445091	0.761288552161	39	18	
34550000	466.675711	1	1.445387959096	0.000194261954	0.422757294090	1.199175673332	30	13	
34560000	468.800552	1	1.354632669422	0.000172311557	0.764284111561	1.101541978763	30	17	
34570000	480.339893	1	1.469284986528	0.000150206015	1.033415166414	1.154965079635	37	18	
34580000	473.771790	1	1.515956765771	0.000185416041	0.663890668072	1.150954292766	30	21	
34590000	481.456940	1	1.434786596067	0.000173933906	0.446353720268	0.937780862855	31	13	
34600000	481.450783	1	1.403561544127	0.000232976124	0.378810330071	0.468255590460	27	16	
34610000	470.572033	1	1.459233912649	0.000166462056	0.586451425066	1.210920417367	30	14	
34620000	463.177702	1	1.458355454167	0.000196387986	0.413003358190	1.032054125381	35	15	
34630000	483.812009	1	1.421134406424	0.000159493973	0.653984225776	0.721641641223	43	20	
34640000	484.259016	1	1.449356210273	0.000167765881	0.515442199072	0.913252904958	38	12	
34650000	485.978688	1	1.396675067884	0.000143569812	0.589345547924	1.071799699772	27	14	
34660000	483.445038	1	1.402734851610	0.000145450996	0.457482696394	0.662200124684	27	21	
34670000	475.328856	1	1.355297450830	0.000159794017	0.597943949899	1.055618290255	28	12	
34680000	468.886673	1	1.460402520872	0.000169598195	0.566607537121	0.958564350761	40	13	
34690000	488.567473	1	1.451513749758	0.000166065616	0.610347279198	0.733426740578	27	11	
34700000	474.361675	1	1.355174021743	0.000211936587	0.280390566794	0.642744815189	33	12	
34710000	483.508703	1	1.377822030185	0.000181855999	0.515388410096	0.760638838311	32	12	
34720000	478.193214	1	1.454591515084	0.000250856454	0.430840418059	0.520072123307	27	12	
34730000	478.368027	1	1.443876572714	0.000144691417	0.466458688931	0.982113856058	35	18	
34740000	459.929671	1	1.444881430205	0.000200978824	0.504417090308	0.823776703725	29	15	
34750000	473.536428	1	1.418854697611	0.000242383092	0.594994310789	0.621121987945	23	13	
34760000	464.938327	1	1.399451118870	0.000225694139	0.536608385784	0.762856724498	29	11	
34770000	480.441176	1	1.398241261858	0.000145205217	0.927610082139	1.019073800008	35	18	
34780000	469.917537	1	1.386228968883	0.000187551984	0.713418521707	0.707434957673	42	13	
34790000	477.926065	1	1.450265605222	0.000203075779	0.557535360146	0.988832732233	26	15	
34800000	479.257325	1	1.469284684419	0.000114825698	0.747773446959	1.666809691542	29	14	
34810000	473.973132	1	1.422287829033	0.000224524429	0.601753150515	1.160411344344	35	8	
34820000	480.732372	1	1.402952967997	0.000167793619	0.730228070896	0.766506571085	29	12	
34830000	487.022679	1	1.426312634059	0.000175581992	0.656203140338	0.719476492556	30	12	
34840000	479.994297	1	1.519774234573	0.000180497072	0.690061195786	0.806551780078	33	15	
34850000	472.314848	1	1.411033192867	0.000150080345	0.654086621093	1.033061881745	42	15	
34860000	476.025171	1	1.423328452829	0.000235559159	0.444374826443	0.736861960413	29	8	
34870000	485.154056	1	1.454031499304	0.000127372333	0.571614541281	1.071522361951	39	16	
34880000	488.886665	1	1.416486031936	0.000160693332	0.614722473275	0.821696145715	34	14	
34890000	485.219404	1	1.425116268039	0.000215516103	0.290715606508	0.592602607870	32	20	
34900000	481.991549	1	1.440969499962	0.000189918272	0.362244317096	0.703715713059	40	14	
34910000	482.583748	1	1.478328636063	0.000128207628	0.744993404153	1.367399764247	26	15	
34920000	481.552399	1	1.413428386322	0.000192089559	0.483978694839	0.866685841247	33	15	
34930000	481.039582	1	1.436807998126	0.000156775474	0.819276690029	0.933900294063	32	15	
34940000	472.247303	1	1.354148004165	0.000202900084	0.583996738642	0.784315262772	37	16	
34950000	476.843796	1	1.430127955021	0.000168123557	0.568441933355	0.696666881342	40	9	
34960000	475.848163	1	1.362674902273	0.000199302013	0.469067456263	0.775998211506	37	12	
34970000	468.297425	1	1.470622220432	0.000142547535	0.888478788611	0.922854821314	34	14	
34980000	478.087203	1	1.504472465893	0.000220862481	0.626065725047	1.008822247919	30	17	
34990000	476.224829	1	1.436870861437	0.000188452417	0.674769947441	0.672608032797	35	15	
35000000	474.118364	1	1.375866829049	0.000215406487	0.821346499849	0.859608830626	29	12	
35010000	480.313929	1	1.389792838314	0.000172834856	0.454730255822	0.766226554764	37	16	
35020000	469.767025	1	1.395053095264	0.000190956453	0.560311029242	1.182182318235	33	13	
35030000	478.768620	1	1.414714072698	0.000200664024	0.681427399957	0.967793048344	23	12	
35040000	488.077662	1	1.483035585851	0.000157547322	0.584335763673	0.688605275702	35	18	
35050000	467.324034	1	1.428074677426	0.000282532751	0.332561097279	0.592774023756	31	13	
35060000	481.821459	1	1.430373143284	0.000181742484	0.515179297134	0.803242876456	34	16	
35070000	476.797482	1	1.371129206260	0.000212438503	0.545451363366	0.636115117375	29	18	
35080000	480.058332	1	1.383765103006	0.000155297538	0.765575367989	0.849940035005	38	17	
35090000	472.323252	1	1.431807142907	0.000131457344	0.664436741062	1.466751419572	36	19	
35100000	464.738683	1	1.420462330152	0.000236792614	0.807044107965	0.769050351836	31	13	
35110000	495.450240	1	1.452623562734	0.000175614547	0.552335569649	0.649833608823	24	18	
35120000	478.174643	1	1.351002278186	0.000186933868	0.454333106238	0.848102475423	23	21	
35130000	465.186804	1	1.416868940488	0.000195448050	0.925318510381	1.085006687930	25	12	
35140000	463.045851	1	1.395394932045	0.000241235631	0.741531640424	0.832339060189	33	8	
35150000	462.563595	1	1.408138683677	0.000202403106	0.504807224837	0.596063487947	27	12	
35160000	464.276266	1	1.359379511969	0.000181824649	0.546039926869	0.541876324969	34	16	
35170000	468.397793	1	1.407910600469	0.000162847874	0.708336739313	0.889070710419	36	16	
35180000	480.521211	1	1.394858372061	0.000175095114	0.608081895766	0.931735598717	35	14	
35190000	475.549054	1	1.374639667668	0.000236132106	0.426836193284	0.774339182565	39	10	
35200000	477.603301	1	1.411672083551	0.000156499254	0.533932501506	0.811854981046	35	16	
35210000	467.279382	1	1.412758499224	0.000201553231	0.411752938736	0.784285506797	31	8	
35220000	481.404207	1	1.390325702665	0.000164456776	0.596843806247	0.740728416704	30	16	
35230000	476.564080	1	1.406225050144	0.000193320318	0.643510928809	0.883219841737	19	17	
35240000	480.554419	1	1.520922574482	0.000218804637	0.374044160976	0.820388271117	26	17	
35250000	486.268588	1	1.358984877296	0.000199620295	0.388215282965	0.557671851264	28	16	
35260000	481.443450	1	1.371531489262	0.000154296466	0.590211691823	0.848834287419	33	18	
35270000	468.694579	1	1.465854340780	0.000178447642	0.492364890050	0.832266847741	28	14	
35280000	481.043389	1	1.377405113936	0.000169447012	0.399215886514	0.721138237132	25	16	
35290000	477.360758	1	1.366670037187	0.000207337693	0.534607736797	0.736530684590	24	10	
35300000	471.246072	1	1.506152164226	0.000140694259	0.754115298888	1.945999526881	36	18	
35310000	465.281676	1	1.359326255416	0.000215378462	0.370293552719	0.799158030370	30	14	
35320000	485.399647	1	1.367133657408	0.000201351382	0.607164997715	0.828142926268	25	9	
35330000	468.509706	1	1.382897207472	0.000229066245	0.552798987900	0.752978659444	21	21	
35340000	471.616362	1	1.441479966008	0.000259180317	0.428606900656	0.768024714910	27	16	
35350000	457.191849	1	1.313478237168	0.000164687135	0.481129882159	1.218511984398	23	22	
35360000	482.444627	1	1.447000098104	0.000158255037	0.645718585775	1.077690898595	27	17	
35370000	478.769322	1	1.391367197221	0.000219410100	0.311305060158	0.832907582751	34	13	
35380000	481.306915	1	1.515378769720	0.000186970271	0.537629581885	0.831269962187	30	14	
35390000	474.150466	1	1.459181561554	0.000135832893	0.721113422541	1.116002787119	37	14	
35400000	473.451384	1	1.420852864802	0.000204130647	0.417345635705	0.906468385177	29	10	
35410000	471.302330	1	1.411491998406	0.000174797965	0.393791435296	0.764977533110	33	18	
35420000	476.825858	1	1.407827038434	0.000181169602	0.492771291218	1.110108697465	41	13	
35430000	473.321699	1	1.415198918168	0.000154638226	0.618746717561	0.810308229280	37	11	
35440000	478.750426	1	1.407485646889	0.000271374953	0.360165338866	0.475203140247	28	12	
35450000	468.487965	1	1.386462346464	0.000238394278	0.376231156704	0.643265521297	31	16	
35460000	471.214492	1	1.464839041664	0.000193494455	0.839681389936	0.814209480283	28	9	
35470000	471.368393	1	1.353533949576	0.000177283933	0.745753926189	1.175341816675	29	12	
35480000	464.860803	1	1.309001099917	0.000202153522	0.543688712892	1.223062967402	38	14	
35490000	484.370692	1	1.462325961327	0.000191743408	0.692904032804	0.913256348485	34	13	
35500000	485.500159	1	1.419611879962	0.000213757787	0.420697099140	0.717560834206	36	10	
35510000	491.404924	1	1.459815092265	0.000138904416	0.701563216511	1.249271100563	38	15	
35520000	482.772397	1	1.465443233306	0.000172172900	0.509667141938	0.863640263916	33	18	
35530000	480.400788	1	1.466695832069	0.000202483039	0.745680615329	1.194360468648	29	10	
35540000	482.270704	1	1.435467856082	0.000198025963	0.447596920585	0.629667059955	24	15	
35550000	483.746623	1	1.421550738280	0.000200778628	0.687638426840	0.601738342173	35	7	
35560000	480.966730	1	1.399690182243	0.000185220366	0.550672202571	1.277818850675	34	14	
35570000	470.316150	1	1.456656809700	0.000169302985	0.698168421447	0.979892490553	36	22	
35580000	479.538123	1	1.415203478806	0.000186753966	0.543180832068	0.753325744774	34	12	
35590000	469.403092	1	1.392234259443	0.000137400722	0.870593398764	1.254580660078	31	14	
35600000	469.371259	1	1.452149317536	0.000177887529	0.792885694680	0.843410179074	41	16	
35610000	462.991261	1	1.447088748724	0.000197570970	0.969373381399	1.303059474323	25	14	
35620000	478.657750	1	1.478960739452	0.000236023633	0.458001581191	0.729693053605	24	16	
35630000	479.809252	1	1.413385532099	0.000220064942	0.370136377771	0.659620342771	34	13	
35640000	482.714426	1	1.461384739549	0.000179849833	0.683518218021	0.493036449181	37	14	
35650000	461.845326	1	1.436606180522	0.000174945099	0.773850774502	0.956071508954	30	17	
35660000	487.052949	1	1.395771650550	0.000150230710	0.579257853584	0.938301580598	36	14	
35670000	473.044044	1	1.394672659143	0.000129174657	1.256891140732	1.363852443960	39	14	
35680000	482.913285	1	1.460950609658	0.000139199075	0.920584769288	1.144847228227	38	16	
35690000	478.818667	1	1.355764683175	0.000187479177	0.580698689384	1.373687324756	30	8	
35700000	481.654161	1	1.403327857047	0.000159150868	0.747538565699	1.096961402863	32	8	
35710000	477.268535	1	1.399917500251	0.000188371995	0.472484939576	0.801585710035	25	12	
35720000	485.569731	1	1.364479334869	0.000174973025	0.589877406034	0.802545068504	40	11	
35730000	487.389233	1	1.457305971574	0.000166384737	0.855307432860	1.260813513857	42	12	
35740000	489.560146	1	1.413631611118	0.000182804191	0.545189812633	0.812775183109	35	13	
35750000	487.307443	1	1.450800342588	0.000165277968	0.550159052347	1.061926148003	23	13	
35760000	473.683381	1	1.405127288632	0.000206603382	0.561782287127	0.742019880492	30	13	
35770000	481.736603	1	1.447956020935	0.000145208420	0.516851159912	0.739592452210	37	18	
35780000	475.915256	1	1.490277847632	0.000122654303	0.853799665725	1.497271147711	35	16	
35790000	473.054638	1	1.483093900806	0.000212109690	0.495454481893	0.586702440373	46	19	
35800000	476.539727	1	1.457367419194	0.000174144605	0.571783194746	0.815837955968	42	14	
35810000	483.180280	1	1.359561713874	0.000180931242	0.607120185559	0.814109516770	35	12	
35820000	478.649007	1	1.402321523661	0.000211813887	0.645496352983	0.711044745356	37	17	
35830000	475.764296	1	1.391186960899	0.000193304656	0.437485000870	0.549021145687	36	9	
35840000	485.257654	1	1.390435863997	0.000159036302	0.682075798481	1.006595513507	34	15	
35850000	471.154974	1	1.386744645437	0.000171854676	0.664413102775	1.292446876066	29	14	
35860000	491.410828	1	1.423992197021	0.000197038173	0.476517740112	0.660096689141	44	12	
35870000	488.560156	1	1.450646516611	0.000196617610	0.626853869810	0.736247775116	30	16	
35880000	477.458117	1	1.384798569369	0.000186468705	0.616999366160	0.782719977314	35	14	
35890000	478.559045	1	1.446099298206	0.000168833440	0.683803424406	1.075147634237	36	11	
35900000	470.913199	1	1.384458976349	0.000221921367	0.465834401194	0.956378818357	23	13	
35910000	479.745132	1	1.442132258366	0.000157631228	0.624382873706	1.119915821030	25	21	
35920000	469.003699	1	1.391251520701	0.000263383319	0.427385932806	0.877087013398	32	11	
35930000	470.384368	1	1.400399685997	0.000174228133	0.556168983681	0.935536647805	36	14	
35940000	472.801451	1	1.405092945944	0.000209345484	0.509333185225	0.966687660893	23	19	
35950000	479.370522	1	1.472547773924	0.000205306118	0.489208029948	0.629424062807	35	16	
35960000	483.040754	1	1.421350496126	0.000145432949	0.942662284529	1.172714167275	37	14	
35970000	470.725065	1	1.406979307294	0.000215977072	0.430051587391	0.762430277759	28	11	
35980000	475.532439	1	1.324873799561	0.000169909656	0.739907750101	0.952931007672	30	16	
35990000	470.833926	1	1.426675934774	0.000188731261	0.660488275748	0.762304024818	29	17	
36000000	477.486692	1	1.404953355358	0.000147954220	0.512998680905	0.894466858689	27	17	
36010000	478.407568	1	1.438539624835	0.000181635507	0.461817570919	0.896439459708	26	11	
36020000	479.016294	1	1.512951033504	0.000187613814	0.556554918760	0.817492536237	25	9	
36030000	469.119250	1	1.395234835236	0.000181614767	0.761408125395	1.140459968631	30	12	
36040000	477.331175	1	1.401626138477	0.000157645333	0.621088131140	1.081222589551	20	20	
36050000	492.838540	1	1.427881441753	0.000161519079	0.495406020669	0.450985987738	31	18	
36060000	473.277478	1	1.447726469641	0.000226360352	0.454851290781	0.904693228305	32	21	
36070000	471.445049	1	1.412242047963	0.000189719747	0.515443049960	0.849356520891	29	13	
36080000	482.437078	1	1.442865839779	0.000203767808	0.488837595775	0.899740938943	27	13	
36090000	472.826899	1	1.416843978756	0.000224896875	0.385286546420	0.698391954985	38	19	
36100000	480.780663	1	1.430777691853	0.000167386480	0.602641597412	1.020654407655	36	16	
36110000	453.058192	1	1.440616489871	0.000294336152	0.550217855278	0.518639152041	30	15	
36120000	461.811147	1	1.453819319651	0.000204525795	0.578669313637	0.892965668732	33	15	
36130000	457.422502	1	1.423670890413	0.000237151612	0.592604674100	0.907197513589	29	15	
36140000	475.000945	1	1.407403236619	0.000173453826	0.507675853971	1.304108343537	40	15	
36150000	468.203718	1	1.417118671193	0.000185604846	0.634397784362	0.937010544873	32	13	
36160000	480.479645	1	1.363392346949	0.000175707029	0.381119985995	0.999330754877	39	17	
36170000	481.144669	1	1.450107474464	0.000213362204	0.517852119396	0.786119602218	29	17	
36180000	477.397924	1	1.325545062186	0.000147654785	0.782481245841	1.031462685183	32	12	
36190000	477.350706	1	1.405382880531	0.000216443058	0.343338088530	0.605269434140	30	13	
36200000	473.581702	1	1.393271790244	0.000174151178	0.639516321527	0.861198139830	35	17	
36210000	464.871761	1	1.469046287145	0.000157784718	1.175649451868	1.690567289611	33	11	
36220000	480.018817	1	1.454063303221	0.000202079173	0.559222762953	1.065277583296	34	13	
36230000	472.665178	1	1.438474790142	0.000198831692	0.590510877329	0.776598234978	28	14	
36240000	480.896702	1	1.409839779471	0.000147631613	0.788419275843	1.055649385345	32	20	
36250000	473.621822	1	1.420072547881	0.000156888097	0.917317685113	1.338405043027	29	10	
36260000	503.767902	1	1.443952529743	0.000144527896	0.485350762254	0.757408871857	43	19	
36270000	468.273227	1	1.373524446999	0.000154313079	0.703592825754	0.893656851247	35	19	
36280000	470.955454	1	1.403048745229	0.000180622120	0.459407734865	1.427619070544	29	14	
36290000	471.824026	1	1.414048158877	0.000233716105	0.460992407520	0.943445114113	22	15	
36300000	475.374856	1	1.431444446738	0.000197338604	0.676938652122	0.825276085663	29	14	
36310000	473.724668	1	1.373820782995	0.000179814554	0.677203066485	0.979790103785	23	14	
36320000	465.494982	1	1.450825311092	0.000214554508	0.618060260901	1.020131258229	30	8	
36330000	475.483439	1	1.313119991394	0.000158941132	0.723342469639	1.338562667695	40	18	
36340000	473.339260	1	1.384601276726	0.000162107086	0.641298596026	1.194201838956	34	22	
36350000	487.815041	1	1.364905069151	0.000146461642	0.766388739322	0.666582758732	37	22	
36360000	467.467751	1	1.461969917545	0.000199672701	0.510180381647	0.844557775100	28	11	
36370000	484.030179	1	1.427525468002	0.000176876889	0.557496725864	0.791189906956	27	16	
36380000	486.694147	1	1.443803948254	0.000139097387	0.832082414285	1.191659822102	27	17	
36390000	471.892910	1	1.398625439811	0.000225830164	0.610117700534	0.557723662972	36	11	
36400000	487.399091	1	1.439693491383	0.000203295904	0.663805092809	0.787943188397	29	11	
36410000	479.521436	1	1.503891889079	0.000194285029	0.510811625244	0.996930017511	30	11	
36420000	469.468511	1	1.450957115818	0.000173435131	0.768080707881	1.582545879281	35	11	
36430000	482.817845	1	1.475705646365	0.000200755309	0.671573722378	0.967088147304	41	9	
36440000	473.189054	1	1.475726700492	0.000198583853	0.689928637787	0.765077159052	31	16	
36450000	475.549315	1	1.403992756655	0.000232766156	0.440360025812	0.837592785794	23	9	
36460000	478.765982	1	1.427884768337	0.000200628810	0.554837287439	0.778760727456	30	13	
36470000	474.327640	1	1.501359138401	0.000158451048	0.629858653772	0.998136932978	36	23	
36480000	481.375884	1	1.427921329593	0.000161144596	0.695328088697	1.319649186517	34	14	
36490000	481.656185	1	1.437753009608	0.000196705339	0.617441916505	0.679103395539	28	13	
36500000	481.509244	1	1.430248024397	0.000203571421	0.514271786953	0.797216353052	36	10	
36510000	475.264572	1	1.361510573686	0.000210503405	0.497914715157	0.891426129894	33	10	
36520000	471.483471	1	1.492315717751	0.000209653653	0.769651504970	0.828841307777	29	12	
36530000	477.028835	1	1.417412933760	0.000271295544	0.362915082533	0.799240372787	29	10	
36540000	468.201133	1	1.396378789054	0.000233951760	0.368821513356	0.909935058629	36	8	
36550000	475.627180	1	1.416828947758	0.000160172608	0.592665567798	0.862460287079	38	15	
36560000	478.758354	1	1.496126915150	0.000151172711	0.590260706620	0.993856753809	32	19	
36570000	477.279219	1	1.357357616130	0.000196443979	0.596258025183	0.795851026163	31	17	
36580000	479.367721	1	1.389437377218	0.000186341893	0.460479439231	0.663502967212	27	19	
36590000	482.002937	1	1.366848941726	0.000169836087	0.336451114391	0.763162351183	42	18	
36600000	476.165408	1	1.433894399709	0.000125993381	0.505591821745	0.942627604887	32	16	
36610000	471.050423	1	1.372228044285	0.000210706559	0.491530280198	0.856928966266	31	11	
36620000	486.587930	1	1.444059365404	0.000143532471	0.348218746955	0.839559249042	36	15	
36630000	480.596272	1	1.333204863357	0.000120650084	0.419503384979	1.095777365596	39	16	
36640000	481.245666	1	1.407567352305	0.000133186461	0.331737898967	0.692256562774	31	15	
36650000	478.705090	1	1.440061411222	0.000147207110	0.512585097637	0.866920468376	26	13	
36660000	465.253838	1	1.448824723267	0.000119701996	0.593246445955	1.317343599174	36	18	
36670000	462.920952	1	1.414038330699	0.000182805108	0.378980549905	0.849074768807	19	15	
36680000	488.106305	1	1.364415105962	0.000195469321	0.638235655346	0.674936328588	37	23	
36690000	477.857572	1	1.455837172849	0.000161974016	0.554986455847	1.123472607888	31	12	
36700000	479.443912	1	1.392291497090	0.000198390256	0.495502280056	0.939767828433	35	16	
36710000	485.727042	1	1.421872553702	0.000170393836	0.649261574401	1.033469689182	36	10	
36720000	471.511296	1	1.465867220695	0.000204462659	0.648556412882	1.451322945046	35	11	
36730000	486.267866	1	1.399569012206	0.000189495733	0.672823240161	0.881782816000	35	11	
36740000	488.513250	1	1.391157361643	0.000166206026	0.641754436832	0.678584125877	38	9	
36750000	486.567558	1	1.380190559725	0.000170360648	0.570566485240	1.009713801598	33	13	
36760000	495.865217	1	1.418732935933	0.000165997929	0.424303487190	0.640499100787	39	20	
36770000	471.740608	1	1.421516734112	0.000132324730	0.440786204107	1.180175160859	40	19	
36780000	488.776217	1	1.419696279693	0.000154935972	0.386700925954	0.865301994497	38	12	
36790000	479.360460	1	1.424690324310	0.000219331522	0.529531765223	0.787985950614	40	14	
36800000	477.967233	1	1.359236534486	0.000162956529	0.508197195878	0.912192030446	35	12	
36810000	482.660439	1	1.435290840526	0.000162892571	0.324272200975	0.905026536688	33	15	
36820000	483.562450	1	1.388707760347	0.000204500174	0.366042604902	0.484127699537	42	14	
36830000	462.765986	1	1.388653114841	0.000194214185	0.372055556461	1.136558819469	32	11	
36840000	481.195326	1	1.395975948602	0.000163323815	0.597275597302	0.775916124830	37	13	
36850000	466.110941	1	1.515717823761	0.000206965479	0.354591177439	1.043500257013	26	16	
36860000	478.021264	1	1.548272248579	0.000170390197	0.405930628323	1.102194349522	34	17	
36870000	467.598800	1	1.350020939985	0.000212006881	0.483410311566	0.590922351109	27	17	
36880000	478.943897	1	1.427895199314	0.000212189475	0.428884027563	0.677811204249	20	16	
36890000	478.207596	1	1.443450959241	0.000156969629	0.391200585923	0.909991875372	21	18	
36900000	477.255187	1	1.381823058601	0.000126779512	0.484481047108	1.175433850367	36	17	
36910000	477.481173	1	1.408525708074	0.000162043150	0.465388599677	1.025790558540	34	12	
36920000	476.673720	1	1.420073999829	0.000144080659	0.654520844061	0.754235545015	34	18	
36930000	480.542930	1	1.454866437429	0.000195255076	0.576649938227	0.744285355556	25	13	
36940000	479.940758	1	1.396913500644	0.000164791772	0.766320056896	0.889503329975	29	12	
36950000	481.551570	1	1.423007244671	0.000229664961	0.462106229044	0.607256138148	32	14	
36960000	479.299488	1	1.455862462194	0.000211531740	0.655237639419	0.655991198228	29	10	
36970000	476.513179	1	1.436556573342	0.000196126911	0.552000772535	0.756014283814	43	16	
36980000	464.972273	1	1.416748807847	0.000189507043	0.494680475280	1.670641264880	32	11	
36990000	467.244605	1	1.356859440193	0.000151698530	0.501566269802	1.401599930230	25	14	
37000000	489.104987	1	1.418534951036	0.000163169925	0.755588006640	1.002538263385	37	15	
37010000	482.829349	1	1.490198391681	0.000136337438	1.152721287800	1.284717249982	35	15	
37020000	485.166263	1	1.435555832546	0.000156569498	0.533404886659	0.978898497908	34	23	
37030000	480.640986	1	1.448516314789	0.000207248930	0.437926433367	0.701146548990	33	12	
37040000	477.349499	1	1.381802208041	0.000184068226	0.473535127469	0.710749552883	44	19	
37050000	477.427524	1	1.481946212458	0.000139988543	0.661333756822	0.927264147890	39	18	
37060000	477.483792	1	1.375045266539	0.000190756053	0.632963924289	0.594151914398	41	14	
37070000	487.336932	1	1.396654182156	0.000131480080	0.608016663591	0.991428051423	31	20	
37080000	481.112658	1	1.433500103140	0.000187982026	0.526619983692	0.769012851550	32	21	
37090000	474.167832	1	1.405867401598	0.000242069659	0.527593083721	0.938490553817	25	15	
37100000	474.342260	1	1.413888820323	0.000178154589	0.746781912503	1.401482588603	40	12	
37110000	474.178626	1	1.410244133451	0.000228929683	0.623742887717	0.560048511598	28	11	
37120000	464.215342	1	1.396781419498	0.000193605658	0.392184511156	0.787901874864	18	13	
37130000	471.149548	1	1.460391985292	0.000225169267	0.596079747435	0.786020595271	21	16	
37140000	481.172524	1	1.392531061827	0.000217648845	0.590622744386	0.614498109380	30	19	
37150000	479.000362	1	1.498192366896	0.000190376041	0.466182180634	1.071048372352	34	13	
37160000	462.544976	1	1.445437260230	0.000179523612	0.729374529401	1.075790836936	38	10	
37170000	484.812250	1	1.407895420747	0.000149149989	1.003153664041	1.226338870502	18	14	
37180000	484.781088	1	1.396873977515	0.000200209147	0.437727759201	0.944659018551	37	10	
37190000	477.263000	1	1.432987031944	0.000212479543	0.894315643123	0.595166602639	34	11	
37200000	465.326920	1	1.510444874199	0.000209498899	0.670750309289	0.837198020078	25	12	
37210000	476.299977	1	1.403663203276	0.000175013963	0.495640920732	0.678395166549	35	15	
37220000	483.799191	1	1.398704974493	0.000192032297	0.351843192436	0.628291611430	33	13	
37230000	478.387265	1	1.479575572085	0.000161434325	0.775762277383	1.326829936805	26	16	
37240000	483.380884	1	1.457441722933	0.000211715619	0.490424339297	0.542989929741	32	17	
37250000	481.537246	1	1.416544662969	0.000151535433	0.805381076861	1.050312736273	43	17	
37260000	486.056336	1	1.428218864407	0.000193487515	0.592134207457	0.897914487924	33	14	
37270000	485.075448	1	1.331207657179	0.000221017958	0.390816280394	0.605671614386	28	12	
37280000	471.514599	1	1.386463318595	0.000216697870	0.573679761243	0.942113535864	37	10	
37290000	477.417737	1	1.355956228165	0.000214543571	0.915743216091	0.621468325154	39	15	
37300000	486.830575	1	1.452388422918	0.000157581915	0.621368245509	0.959361824936	29	18	
37310000	478.751667	1	1.378786755512	0.000200812261	0.654229028952	0.767543537447	29	10	
37320000	487.471137	1	1.397847348033	0.000181607996	0.579261095753	0.984136021928	19	12	
37330000	490.460563	1	1.439936337661	0.000152857370	0.596762372679	0.886932262260	39	19	
37340000	473.005166	1	1.427621185796	0.000184522748	0.813953403598	1.006140989263	31	18	
37350000	477.138894	1	1.456200045779	0.000208767110	0.546143194194	0.417600415005	30	16	
37360000	476.840406	1	1.396787926897	0.000163692084	0.683004108569	1.347847299073	33	14	
37370000	492.620517	1	1.368293567521	0.000272937497	0.339214059954	0.563571055345	29	16	
37380000	482.828455	1	1.478531972336	0.000327958177	0.350206908252	0.797113322143	32	8	
37390000	475.643305	1	1.419238316617	0.000214454541	0.737618134204	0.683283858564	32	12	
37400000	476.279090	1	1.417734118943	0.000176529845	0.558249473318	0.728492563038	34	20	
37410000	492.530620	1	1.408346683681	0.000170324114	0.549726966664	0.603997523087	35	19	
37420000	482.605094	1	1.459290938008	0.000130924583	1.015038022038	1.070294016005	32	11	
37430000	466.679293	1	1.412203414861	0.000208232205	0.509525581589	0.753460656506	27	14	
37440000	485.914002	1	1.394249979643	0.000174419428	0.526654754356	0.770452700696	31	18	
37450000	469.413753	1	1.368028350549	0.000239168978	0.517697316517	0.798136263561	34	11	
37460000	475.928995	1	1.447457156865	0.000290437803	0.373505399221	0.538793975104	37	21	
37470000	472.396844	1	1.353395827682	0.000272597214	0.441858674868	0.450265754549	32	13	
37480000	474.037135	1	1.373092647586	0.000211817484	0.516058928943	0.916196069950	31	10	
37490000	483.075557	1	1.411273269005	0.000199159604	0.456113557539	0.587080842649	31	17	
37500000	474.749731	1	1.370800741763	0.000195140631	0.590704918828	1.258516901902	33	10	
37510000	490.391425	1	1.412379820408	0.000163097622	0.626797201381	0.910947753689	49	12	
37520000	482.207954	1	1.400737283491	0.000163535018	0.912909031330	1.175752335628	37	13	
37530000	478.572286	1	1.367084354519	0.000187106516	0.546442268116	0.595367257154	39	15	
37540000	472.330441	1	1.396619238448	0.000210988251	0.562556438927	0.778261599135	38	11	
37550000	469.856970	1	1.424456131196	0.000289970770	0.440404862783	0.553289236817	25	8	
37560000	483.172091	1	1.465156174292	0.000237099855	0.377860625717	0.539631099319	34	15	
37570000	479.360648	1	1.430151213409	0.000245958774	0.490050866383	0.411347578830	33	14	
37580000	483.954667	1	1.436763851312	0.000216188985	0.595695146447	1.028517910865	21	10	
37590000	472.406041	1	1.496814473853	0.000233652859	0.604417208125	0.704454818390	30	15	
37600000	485.467569	1	1.414525186028	0.000196575773	0.517982565637	0.708888959617	30	15	
37610000	476.097492	1	1.411538301336	0.000130016326	0.905451101803	1.034986067818	32	13	
37620000	474.899083	1	1.460973137213	0.000169212241	0.525217922541	0.786076137919	33	17	
37630000	479.023808	1	1.471888752876	0.000181160395	0.436127903424	1.032304341515	26	13	
37640000	478.606358	1	1.423102616718	0.000220830583	0.452465067681	0.595591075345	37	16	
37650000	476.736007	1	1.406496274084	0.000202018803	0.653164368551	0.741734031190	26	16	
37660000	479.414006	1	1.403880091805	0.000170366631	0.780057171481	0.896649388113	28	12	
37670000	477.924599	1	1.359432178052	0.000170215999	0.556179940901	0.920173084799	30	16	
37680000	472.832211	1	1.421913750921	0.000231430354	0.571362646812	0.625341693856	30	17	
37690000	475.423481	1	1.454419959624	0.000177865675	0.604360818109	0.704259463790	34	15	
37700000	471.138244	1	1.452506006323	0.000146079611	0.477655580770	1.164707167055	27	18	
37710000	466.276043	1	1.406401541096	0.000205902771	0.423852313183	0.519588717190	36	12	
37720000	483.364749	1	1.440811336681	0.000206044100	0.594724157473	0.522147373857	30	17	
37730000	492.618269	1	1.385073651132	0.000264937434	0.468637942365	0.768218588924	37	16	
37740000	472.044454	1	1.479858969729	0.000333919062	0.524621621847	0.751018567543	31	14	
37750000	472.097280	1	1.513266973561	0.000196428036	0.550749451220	0.890591452904	30	16	
37760000	485.156634	1	1.428651582465	0.000183576005	0.449744561551	0.863934581590	31	18	
37770000	485.650031	1	1.384925527548	0.000148544154	0.449694300973	0.902679020644	29	18	
37780000	459.041544	1	1.418736084273	0.000250680946	0.398229427791	0.766465409365	29	14	
37790000	482.778628	1	1.432131296754	0.000168355881	0.527883783802	0.694413232966	18	16	
37800000	472.359152	1	1.452478705244	0.000209016735	0.399795227513	0.770168950798	22	14	
37810000	478.087786	1	1.415274523187	0.000156681658	0.626398100965	0.606912920357	24	15	
37820000	468.322832	1	1.330425571056	0.000214654078	0.408489634136	0.452316119778	32	13	
37830000	490.019110	1	1.415331740181	0.000163874482	0.536973450995	0.950895304110	29	15	
37840000	476.020758	1	1.471855303094	0.000184651174	0.616773540744	0.876368778753	34	18	
37850000	468.738912	1	1.379282289762	0.000162482107	0.615885449552	1.106561599179	44	13	
37860000	474.204332	1	1.403705696946	0.000197761735	0.451285953078	0.803578198887	31	17	
37870000	491.082821	1	1.477491105313	0.000202179729	0.560881756694	0.601667944647	34	14	
37880000	466.962002	1	1.403202572488	0.000223478559	0.419419834681	0.713176897818	30	13	
37890000	474.161409	1	1.477061518955	0.000242350986	0.361030947720	0.783020136461	28	13	
37900000	477.749766	1	1.483041237626	0.000195329877	0.640762591329	1.058637811615	31	18	
37910000	470.555915	1	1.314574692745	0.000145973713	0.811458378698	1.645257854521	37	10	
37920000	483.676863	1	1.339554297031	0.000185316949	0.496261442208	0.827334062061	27	14	
37930000	466.189530	1	1.408922567339	0.000208558950	0.646740818056	0.761287581892	33	14	
37940000	473.511458	1	1.381624697866	0.000156497853	0.639674934023	0.982498215132	30	19	
37950000	469.295325	1	1.477360799577	0.000191802235	0.467744048188	1.113235596688	38	14	
37960000	473.969306	1	1.409123477317	0.000195160927	0.438700582946	0.875153190094	29	16	
37970000	462.568455	1	1.454294653500	0.000192017177	0.483402078218	1.058941681625	34	13	
37980000	472.252131	1	1.436160136271	0.000186062523	0.506886080578	1.195196163923	29	14	
37990000	476.475423	1	1.417800443875	0.000181413350	0.696427787930	0.859118317706	30	11	
38000000	467.013239	1	1.432350058487	0.000188242041	0.808813129365	1.089578269725	32	16	
38010000	462.209373	1	1.451836309062	0.000186494801	0.586066773733	1.137263091875	32	15	
38020000	478.044103	1	1.383359514553	0.000178178870	0.521921411624	0.856628759358	29	11	
38030000	464.844160	1	1.461480638441	0.000220329130	0.639790295377	1.079778783824	36	12	
38040000	474.704397	1	1.474517851061	0.000188021987	0.686360957895	1.155021289470	32	11	
38050000	480.259270	1	1.478478607960	0.000184369580	0.652314721117	0.761725236330	31	19	
38060000	475.627726	1	1.380148660862	0.000127973641	1.015346882613	1.602175515885	33	18	
38070000	482.232435	1	1.395868324752	0.000165105270	0.700727865906	0.745112584211	32	18	
38080000	476.481653	1	1.439788362777	0.000207421133	0.483950852842	0.762642669430	42	19	
38090000	473.647648	1	1.404998986480	0.000167029270	0.661624577881	1.238958735655	34	15	
38100000	465.361983	1	1.406164365335	0.000210859435	0.489364979729	0.673676277097	22	13	
38110000	469.376500	1	1.389894476569	0.000177575037	0.681153191594	0.753532248642	35	14	
38120000	481.783010	1	1.401658255823	0.000206289929	0.413075932675	0.581337725905	30	11	
38130000	488.035168	1	1.435950711779	0.000183687398	0.441849192002	0.790805728147	30	22	
38140000	488.145945	1	1.418279960796	0.000137056286	0.743619074534	1.403589874958	31	13	
38150000	480.154889	1	1.381559093741	0.000152258004	0.679262701610	1.112554701643	37	12	
38160000	485.060873	1	1.357537476381	0.000137782829	0.490506473903	0.724383302597	34	18	
38170000	484.421555	1	1.444197917265	0.000147270387	0.398136806793	1.086036716846	38	15	
38180000	483.259886	1	1.471896410470	0.000165179888	0.355385140521	1.128425348679	34	20	
38190000	478.671838	1	1.428714665484	0.000152805942	0.499375885870	0.992060870278	25	15	
38200000	475.475541	1	1.480879431426	0.000172807919	0.537038643377	0.770963507692	28	14	
38210000	478.885604	1	1.436892815581	0.000217871722	0.437658114694	0.689658571952	27	17	
38220000	475.197752	1	1.423680782511	0.000196071618	0.243899053936	0.300399380247	25	21	
38230000	478.185795	1	1.412284006463	0.000188939163	0.385728304256	0.606372837463	36	12	
38240000	471.729585	1	1.402514217303	0.000187033211	0.516249270950	0.912752797819	36	15	
38250000	478.831706	1	1.429569432937	0.000190204060	0.306311484067	0.630888195626	39	13	
38260000	487.385571	1	1.423789800906	0.000133427133	0.461343226063	1.282617099169	47	21	
38270000	488.400815	1	1.389547908598	0.000151619925	0.488281743263	0.892003065131	38	18	
38280000	470.339290	1	1.398012184427	0.000189428645	0.437990508338	1.029752949010	30	13	
38290000	480.209620	1	1.413631844250	0.000169988963	0.477657056792	0.886543866913	25	12	
38300000	480.052678	1	1.321495070488	0.000140208962	0.625180437911	1.327361500696	27	17	
38310000	487.860520	1	1.366535162265	0.000199226121	0.657480232594	1.048196442717	24	9	
38320000	469.039154	1	1.423719346056	0.000203015135	0.522303104112	0.953250702353	27	16	
38330000	468.841885	1	1.419997887761	0.000217229129	0.574814958590	0.700563934947	31	12	
38340000	483.440998	1	1.406802913858	0.000205118454	0.664471279679	0.722218837752	34	8	
38350000	464.979619	1	1.435804229697	0.000230694549	0.498512710190	0.948289702865	19	12	
38360000	492.619734	1	1.354475943059	0.000171878120	0.581227703528	0.860839275372	29	15	
38370000	480.774274	1	1.439334593486	0.000176699749	0.551736598598	0.724686082370	34	9	
38380000	477.737494	1	1.391929201217	0.000172463806	0.492095858026	0.619051803797	33	19	
38390000	490.996988	1	1.418199371476	0.000227756272	0.630651171329	0.604723380259	27	8	
38400000	490.050847	1	1.428211239296	0.000155342939	0.823442866074	0.964628914273	35	15	
38410000	486.285139	1	1.424053950472	0.000143073603	0.748287166107	1.098641268175	34	10	
38420000	462.495401	1	1.448456798871	0.000222194046	0.518472233135	1.120065321779	35	12	
38430000	475.910983	1	1.409163866030	0.000232821593	0.567397271795	0.788656359094	29	16	
38440000	468.077716	1	1.459257493340	0.000204349784	0.595249852553	1.016143444892	28	14	
38450000	477.971517	1	1.390803426208	0.000174585323	0.596549923665	0.696276960944	36	18	
38460000	487.454856	1	1.363354818335	0.000167522033	0.516211230783	1.170151206331	33	13	
38470000	489.350325	1	1.391777088692	0.000174579612	0.548668389122	0.941580535262	40	13	
38480000	487.200644	1	1.397889876480	0.000361131501	0.306967892243	0.345734468390	30	17	
38490000	489.813586	1	1.420106555115	0.000244760196	0.312086682203	0.627271366977	27	14	
38500000	476.652547	1	1.427110635590	0.000186981473	0.639640871766	1.066792518789	27	14	
38510000	485.985354	1	1.394478818792	0.000135496061	0.893983098787	1.156696448555	34	17	
38520000	485.679069	1	1.439090584769	0.000171216598	0.482354605019	0.845324516343	43	14	
38530000	475.848054	1	1.454825421563	0.000175377965	0.530968806421	0.689100497698	30	19	
38540000	482.171171	1	1.389479276072	0.000186524865	0.641313104863	1.074982736845	35	17	
38550000	467.587722	1	1.458512225515	0.000220012491	0.623820566181	0.878554210068	25	13	
38560000	469.575592	1	1.470133973050	0.000197969583	0.856356653388	1.265820342848	29	11	
38570000	465.987660	1	1.500598351474	0.000155949447	0.826435148337	1.230159339008	36	11	
38580000	473.676828	1	1.448464160343	0.000174187204	0.637967310184	1.167589715491	31	10	
38590000	491.945212	1	1.424858315290	0.000188514045	0.651046807385	0.883277684682	32	10	
38600000	482.797328	1	1.402337863886	0.000133792491	0.783132653672	1.184500584292	35	15	
38610000	479.828490	1	1.441580805688	0.000205698634	0.633478045227	0.844172275310	23	12	
38620000	484.361945	1	1.394690502969	0.000177554184	0.790827285028	0.983797578847	33	12	
38630000	482.794646	1	1.448560390888	0.000261377860	0.451755047330	0.433950271629	24	21	
38640000	478.378437	1	1.458751404693	0.000219309993	0.597027958036	0.583824803723	29	18	
38650000	480.694204	1	1.423209053708	0.000178979600	0.747654536992	0.713590533611	25	15	
38660000	489.036008	1	1.449428540945	0.000152108223	0.566292609156	0.749347166271	31	18	
38670000	476.127019	1	1.421878308487	0.000222225042	0.301939517603	0.608907184511	34	13	
38680000	470.965138	1	1.382791563487	0.000218662909	0.589324612671	0.422035882893	35	12	
38690000	469.312167	1	1.419363783920	0.000218357009	0.404017188739	0.765908995457	28	13	
38700000	474.536756	1	1.471112520405	0.000195989170	0.512088752641	0.658769575248	27	16	
38710000	470.820068	1	1.358970587102	0.000216697176	0.347548760088	0.627625139911	26	15	
38720000	491.144986	1	1.449640197192	0.000174252996	0.492410717010	0.622829660384	28	15	
38730000	481.547923	1	1.335001339091	0.000138143332	0.823727561092	1.274943006539	42	15	
38740000	481.396842	1	1.466886784150	0.000152816414	0.800925701348	0.790633861867	37	11	
38750000	486.144426	1	1.332419593694	0.000179605435	0.579323941230	0.904650742175	43	11	
38760000	479.077664	1	1.371139942915	0.000169036373	0.887968350798	0.837981356706	30	17	
38770000	489.157426	1	1.434434648349	0.000194348540	0.572018853107	0.589937195429	39	11	
38780000	473.402388	1	1.388312317225	0.000243319180	0.523466718643	0.910667135202	29	12	
38790000	472.847112	1	1.414375779927	0.000149544572	0.566100277395	0.765473336690	43	17	
38800000	481.206499	1	1.365676591910	0.000186022420	0.566523120833	0.858244132561	25	15	
38810000	480.174868	1	1.439863545938	0.000150566703	0.563062071414	0.770363716564	37	8	
38820000	486.992526	1	1.412088891876	0.000167365389	0.610521759925	1.064481339166	31	16	
38830000	472.017715	1	1.399755829750	0.000208313470	0.573525378491	0.705649139797	29	14	
38840000	474.985894	1	1.420369587429	0.000192217905	0.654551136246	0.726551717158	25	14	
38850000	470.445587	1	1.506198345331	0.000257162836	0.465439695026	1.060403582002	43	12	
38860000	483.221821	1	1.440941885975	0.000239592634	0.433461183372	0.601961540134	34	12	
38870000	477.618024	1	1.448844817517	0.000176328690	0.673811712285	0.949976416385	34	14	
38880000	465.740665	1	1.365510083373	0.000211734226	0.569259937134	0.776757415458	37	12	
38890000	484.107426	1	1.456320736720	0.000177389472	0.595577740539	0.775253763401	29	18	
38900000	469.596145	1	1.379878745823	0.000138932947	1.095045432142	1.661720854328	32	15	
38910000	477.163289	1	1.381872861408	0.000223435496	0.410634706850	0.675626267537	33	12	
38920000	472.555018	1	1.323679785664	0.000238137329	0.481397172888	0.812593373110	20	12	
38930000	465.168515	1	1.455303917766	0.000300609080	0.557263372492	0.637614531653	22	11	
38940000	474.760953	1	1.375561180633	0.000185054349	0.542437802471	1.173954994357	31	14	
38950000	473.916303	1	1.477011028156	0.000232065373	0.415369685725	0.686268629339	29	16	
38960000	485.207434	1	1.385026690053	0.000247127156	0.331529228848	0.443519307963	39	20	
38970000	472.223157	1	1.441924175675	0.000167718894	0.899905950358	1.005926173789	28	21	
38980000	474.136810	1	1.391080947835	0.000164214663	0.602257433837	0.934517076923	35	18	
38990000	474.272650	1	1.562561445804	0.000191999187	0.596015764767	0.971987702742	31	13	
39000000	480.903654	1	1.394803303101	0.000175465513	0.936024772147	0.876240614468	33	14	
39010000	479.818440	1	1.442572589411	0.000190359336	0.672348719723	0.772832844041	30	11	
39020000	477.876733	1	1.493485896403	0.000217527035	0.471441124708	0.937692786556	30	9	
39030000	474.252992	1	1.497584068168	0.000184948761	0.495559417156	0.816023314790	34	16	
39040000	476.763065	1	1.390180894074	0.000151995808	0.513598314598	1.339012671323	32	15	
39050000	482.740092	1	1.400131122791	0.000203170686	0.423623611614	0.965521562977	37	18	
39060000	475.157263	1	1.383251666214	0.000175930242	0.674067818477	0.949635598825	36	11	
39070000	476.640742	1	1.416816540792	0.000210842172	0.639940012547	0.999738262684	28	10	
39080000	479.846649	1	1.371019319787	0.000195408274	0.673949653253	0.691152164018	43	11	
39090000	481.807345	1	1.431324881377	0.000166576563	0.460802799429	0.651306160337	41	18	
39100000	474.433554	1	1.405404215504	0.000211942160	0.547489741124	0.735497388156	31	12	
39110000	468.339592	1	1.439493405545	0.000240061287	0.450397438457	0.847493899192	33	10	
39120000	478.885474	1	1.389059002376	0.000233259282	0.547425975213	0.489455640076	26	11	
39130000	465.385297	1	1.416441214952	0.000197487096	0.528207914421	0.562181679288	26	18	
39140000	488.652685	1	1.422937923552	0.000158985660	0.824439106041	0.919447275309	40	18	
39150000	488.684212	1	1.365348659415	0.000179299664	0.398043143324	0.723279124068	44	15	
39160000	479.945112	1	1.464696266761	0.000230722892	0.406509697540	0.473727284035	32	13	
39170000	468.083079	1	1.401358374709	0.000212977664	0.464442944582	0.635737336556	23	8	
39180000	469.888826	1	1.479009962106	0.000206888380	0.553010005642	0.838016475376	28	21	
39190000	473.480388	1	1.391367868768	0.000251767721	0.499556608331	0.535143030618	28	14	
39200000	479.301698	1	1.378274152312	0.000204629682	0.620325947603	0.801268857270	27	9	
39210000	486.038448	1	1.393619330252	0.000178430760	0.567831514104	1.071784809874	39	11	
39220000	463.874021	1	1.425272472872	0.000215243518	0.567934210728	0.683781962804	39	16	
39230000	497.447718	1	1.363102147060	0.000148588005	0.546850575191	0.808199156179	29	19	
39240000	467.977041	1	1.435355570524	0.000215505625	0.436881448607	0.919373681842	35	17	
39250000	465.494022	1	1.392638451646	0.000199479656	0.654325320807	0.726737522129	33	14	
39260000	469.263196	1	1.440902894319	0.000157268732	0.744932746650	1.342952135059	33	10	
39270000	488.604779	1	1.370700026968	0.000241180745	0.502299144222	0.616691607839	36	13	
39280000	480.097075	1	1.387772115339	0.000167574783	0.695447936565	1.157469965479	27	11	
39290000	475.348741	1	1.391970057286	0.000196214179	0.578294615133	0.889496491057	35	12	
39300000	478.722818	1	1.385931830327	0.000135954870	0.730029796147	1.069418513123	34	12	
39310000	479.074607	1	1.434274293473	0.000156071833	0.853293295474	1.156690476482	36	15	
39320000	480.593598	1	1.401500776801	0.000205437286	0.988483642722	0.937302378833	37	8	
39330000	472.476631	1	1.431481129507	0.000196270577	1.276023470280	0.675135097218	29	10	
39340000	474.723006	1	1.430553918044	0.000320756557	0.318558243644	0.520616553142	32	14	
39350000	467.290405	1	1.408132131700	0.000207628751	0.527610906048	1.053783367851	37	13	
39360000	475.349857	1	1.377918942802	0.000156406848	0.849869301810	0.800985804278	34	25	
39370000	472.029470	1	1.332867643610	0.000216268584	0.467845676752	1.245179161742	29	18	
39380000	469.095857	1	1.451805244812	0.000171415406	0.862425552546	1.068367581500	35	15	
39390000	472.697879	1	1.396233957027	0.000186076843	0.744299132027	1.132519694600	31	14	
39400000	480.952998	1	1.439777847881	0.000247845140	0.295104592661	0.528688347306	28	15	
39410000	480.249692	1	1.543344412080	0.000207853703	0.325100036480	0.709608667904	34	10	
39420000	484.338854	1	1.409326621472	0.000194361753	0.435000893025	0.825599449717	40	13	
39430000	482.939148	1	1.446285034275	0.000177011053	0.512257040594	1.087683552548	40	10	
39440000	471.192496	1	1.440575898616	0.000167799238	0.999821296570	1.216337034903	26	13	
39450000	473.312617	1	1.375537336319	0.000210809067	0.454675462985	0.570989019109	28	17	
39460000	475.268040	1	1.452419940330	0.000164131066	0.674433363985	0.943775374812	27	12	
39470000	484.426977	1	1.394597993613	0.000146899304	0.594815207165	0.946151554076	27	17	
39480000	478.023317	1	1.428084547715	0.000240860480	0.376188996234	0.606470310075	27	14	
39490000	478.382337	1	1.372686240531	0.000155678266	0.692982111041	1.001898551554	29	16	
39500000	472.159601	1	1.409634076714	0.000158265713	0.989686611314	1.215544605861	36	15	
39510000	472.390141	1	1.409953843231	0.000216198508	0.564710507055	0.843648714320	31	13	
39520000	473.047730	1	1.365462391658	0.000198598005	0.585936188732	1.066837280942	33	12	
39530000	470.249847	1	1.452171256919	0.000224569646	0.682670625693	0.983093180030	34	12	
39540000	486.964479	1	1.399607418379	0.000148565430	0.776939051161	0.937106153306	38	14	
39550000	484.648319	1	1.425218514761	0.000164253251	0.571118217411	1.181747217407	26	14	
39560000	470.930691	1	1.490255232438	0.000189598051	0.688681445766	1.211379933242	32	13	
39570000	473.614115	1	1.438420729848	0.000260082749	0.479501592620	0.790206197472	17	9	
39580000	482.433488	1	1.344862562852	0.000187332324	0.740950807806	1.145032803087	29	13	
39590000	478.821679	1	1.427493538916	0.000209549562	0.480880700925	0.850389619263	30	14	
39600000	473.135735	1	1.463283073596	0.000167354049	0.655097411480	1.195915715109	36	16	
39610000	489.061703	1	1.443954522018	0.000170220000	0.809886128382	1.138257333155	35	14	
39620000	484.385922	1	1.359580728560	0.000192168544	0.651547141738	1.042750048532	31	11	
39630000	473.533986	1	1.459822121983	0.000233263683	0.511356132083	0.666887634909	33	15	
39640000	486.802045	1	1.393747145037	0.000137072761	0.799292094460	0.665780627887	32	21	
39650000	478.492987	1	1.503444647423	0.000170124106	1.007965121198	0.869492466386	38	14	
39660000	488.967756	1	1.481874667097	0.000192704991	0.507423359110	1.159423931832	34	16	
39670000	468.026916	1	1.381082874459	0.000211893852	0.401621966454	0.726400068697	23	19	
39680000	484.536903	1	1.387872340538	0.000179420309	0.592959626884	1.002340345854	24	15	
39690000	483.368054	1	1.468825698623	0.000234213902	0.433862297873	0.748493369024	24	11	
39700000	464.768277	1	1.448528790316	0.000224797468	0.514177330794	0.802606030198	26	15	
39710000	485.684938	1	1.437453559728	0.000187330016	0.769155550975	0.964290469794	30	13	
39720000	480.926602	1	1.411517694492	0.000165281719	0.552679789613	0.978479469765	36	11	
39730000	472.700030	1	1.382428271969	0.000136983808	0.764656946890	1.518324753250	34	13	
39740000	485.412401	1	1.468862502630	0.000188648224	0.575471953091	0.910315735587	27	15	
39750000	474.186171	1	1.495418822189	0.000220784835	0.447594072720	0.779320518784	24	21	
39760000	486.004708	1	1.419384482980	0.000215572680	0.512514194114	0.638929708071	22	20	
39770000	494.019584	1	1.388719231000	0.000203817762	0.422499850198	0.524296160169	27	17	
39780000	486.067977	1	1.437982390790	0.000206603978	0.491917443700	0.679126375928	21	13	
39790000	475.005012	1	1.450089862649	0.000201410466	0.607886691571	0.681217885708	40	17	
39800000	474.703808	1	1.373338488338	0.000154884039	0.983599448728	1.242951617343	33	13	
39810000	468.752961	1	1.466481232259	0.000183856303	0.678830182326	0.566525248792	28	16	
39820000	477.087179	1	1.416260286619	0.000169399068	0.565877660883	0.531850432569	35	20	
39830000	465.348370	1	1.390889781251	0.000199899184	0.576123637871	0.850525737495	31	16	
39840000	470.230786	1	1.455303931587	0.000175436028	0.557009201086	0.814940389595	29	20	
39850000	470.270135	1	1.509826578588	0.000172575979	0.536229038852	1.162702025611	20	17	
39860000	464.950163	1	1.401244656322	0.000167611921	0.499817918801	1.054364679430	37	12	
39870000	488.571397	1	1.417833443381	0.000118638642	0.658786256116	0.975859667452	28	19	
39880000	476.114619	1	1.356484836424	0.000192836092	0.529936479827	0.869531032085	30	16	
39890000	478.468747	1	1.412387443112	0.000190153588	0.775680834487	0.901402129102	35	16	
39900000	472.807226	1	1.422598098172	0.000250655103	0.364027400451	0.388112453206	21	12	
39910000	474.791817	1	1.386098986005	0.000199672949	0.493574864181	0.564404267422	26	16	
39920000	476.533843	1	1.511869518329	0.000231656685	0.358333954532	0.587041670626	21	19	
39930000	474.648869	1	1.425013900969	0.000212229528	0.632468341777	0.687048013031	28	8	
39940000	478.140017	1	1.427364755507	0.000131904754	1.338384206508	1.843102401198	34	11	
39950000	498.701053	1	1.404237337155	0.000168061288	0.646348892745	0.891093401808	33	14	
39960000	475.026778	1	1.413623871137	0.000193642532	0.620656318322	0.874540140871	33	17	
39970000	481.732164	1	1.419704914381	0.000157335690	0.887586409121	1.181230692337	37	18	
39980000	476.279312	1	1.456217364360	0.000233608667	0.435969033684	0.729764611781	30	7	
39990000	469.305284	1	1.369451443326	0.000280951390	0.388282170588	0.684904868130	31	13	
40000000	480.475464	1	1.488339348714	0.000166229942	0.729568725509	1.042712016036	34	11	
40010000	474.297916	1	1.381687197416	0.000220261232	0.525417587436	0.663435938950	35	13	
40020000	479.304447	1	1.416373438086	0.000200656828	0.468590371173	1.044952083968	38	14	
40030000	482.338393	1	1.443681776088	0.000187584720	0.487213455317	0.917689783235	39	22	
40040000	484.363375	1	1.449349309279	0.000189014851	0.574862598312	1.120416707473	33	16	
40050000	470.223928	1	1.438272906995	0.000283363516	0.363170460027	0.738519215127	33	13	
40060000	477.441836	1	1.526708335396	0.000276962518	0.347805938937	0.816436443934	28	15	
40070000	481.879042	1	1.441327332255	0.000162935271	0.706381210502	1.024885431111	31	15	
40080000	481.291857	1	1.342356102263	0.000211496787	0.548027271764	0.736495021851	34	13	
40090000	478.669771	1	1.487768719768	0.000213993472	0.434566396738	0.628427691392	26	17	
40100000	470.679417	1	1.440608255916	0.000186241794	0.512576666631	0.625090239995	29	23	
40110000	474.820915	1	1.398697448310	0.000158211324	0.684375297053	1.214524030477	35	14	
40120000	472.636956	1	1.424836297198	0.000225870823	0.459670741965	0.763978900854	43	15	
40130000	482.361767	1	1.415108470634	0.000163194183	0.557045487358	0.900519365104	33	14	
40140000	473.880659	1	1.485701475148	0.000176001179	0.609575558073	0.753452344248	33	17	
40150000	476.489563	1	1.423344103317	0.000252873012	0.667080889518	0.726015737669	23	13	
40160000	488.439803	1	1.389351307829	0.000163123602	0.598731299153	0.679824662705	28	16	
40170000	488.875233	1	1.454774120724	0.000173585779	0.607813846112	0.804854646982	40	11	
40180000	479.549572	1	1.443295768386	0.000222228930	0.624833198125	0.735996486222	37	12	
40190000	480.695133	1	1.440945907974	0.000181380765	0.477425986127	0.936317903036	34	14	
40200000	474.932578	1	1.437004591145	0.000195563414	0.721967219606	0.866552799822	34	15	
40210000	476.954837	1	1.426801745906	0.000198095259	0.709128946165	0.759886458965	32	19	
40220000	481.614493	1	1.419739061433	0.000212706097	0.533889642859	0.762622051790	32	17	
40230000	478.428297	1	1.395169004434	0.000185653756	0.559889325331	0.890980301065	39	15	
40240000	477.161769	1	1.417031089505	0.000142808643	1.023976949643	1.256651654522	47	15	
40250000	474.577114	1	1.445869684519	0.000295739241	0.314031578873	0.691615146295	30	10	
40260000	477.507950	1	1.430889666659	0.000228150128	0.535635393222	0.638283784001	29	15	
40270000	487.234759	1	1.367944550145	0.000222359621	0.387621582053	0.576916382933	34	15	
40280000	485.291187	1	1.399973771185	0.000186518740	0.690309498576	1.171157797987	28	12	
40290000	479.808767	1	1.415737910108	0.000129334860	0.836779595633	1.105342551357	37	14	
40300000	479.616359	1	1.441128368392	0.000220329115	0.535465395770	0.767567677963	33	14	
40310000	467.266546	1	1.484819561237	0.000201206616	0.539865019326	0.768965494297	23	13	
40320000	476.089711	1	1.422415178062	0.000205121302	0.451024067416	0.960466598090	40	16	
40330000	478.147496	1	1.426859689368	0.000212888010	0.550509575470	0.578663346534	41	13	
40340000	483.836876	1	1.425945688477	0.000180930139	0.386901498923	0.817988962938	32	13	
40350000	485.192065	1	1.401345057733	0.000220943230	0.472378059540	0.775298348715	28	14	
40360000	471.312443	1	1.398377147253	0.000216137212	0.635965960780	0.652150366661	27	21	
40370000	475.122320	1	1.470450142121	0.000184057453	0.583750538791	0.601478738883	27	20	
40380000	470.074585	1	1.354415666003	0.000170813503	0.906020346072	1.078847080692	34	12	
40390000	473.769853	1	1.318050875987	0.000207495681	0.623070906436	1.086577604141	35	11	
40400000	468.029247	1	1.412619904798	0.000186392228	0.449074643113	0.845307858574	35	8	
40410000	467.781847	1	1.491127186910	0.000290014018	0.319066247174	0.770667975742	36	9	
40420000	472.322894	1	1.454922067204	0.000242720801	0.426848374522	0.760705251672	33	8	
40430000	479.248089	1	1.501932773183	0.000159700169	0.554362938104	0.857861747520	29	13	
40440000	479.408430	1	1.381625038466	0.000207683772	0.418462337434	0.626935224973	36	14	
40450000	472.876491	1	1.466238747494	0.000201580107	0.544918404658	0.970903938281	33	12	
40460000	474.231607	1	1.345106421847	0.000272550056	0.341213488711	0.386693145519	24	10	
40470000	475.798948	1	1.434807628599	0.000161861979	0.554254473949	1.179014347361	37	13	
40480000	478.231175	1	1.444597234029	0.000186434327	0.494803950517	0.774823874770	29	12	
40490000	468.452784	1	1.350595090269	0.000228087108	0.465828172242	0.640797095858	20	15	
40500000	475.426428	1	1.381899769941	0.000194065888	0.515173970506	0.595725433751	39	12	
40510000	483.856574	1	1.382662919490	0.000153116900	0.599259267503	0.671412882551	31	15	
40520000	481.177421	1	1.439674700414	0.000174355302	0.498370788008	1.266701109220	45	12	
40530000	470.313571	1	1.416640810009	0.000171226008	0.758251903807	1.054476710866	26	12	
40540000	476.787034	1	1.413630692804	0.000219479368	0.467762017519	0.987136002100	37	9	
40550000	477.146367	1	1.375488706346	0.000171226273	0.428046310084	0.845857459958	25	12	
40560000	483.069849	1	1.408888599768	0.000178301085	0.761064037445	0.981171252613	26	10	
40570000	481.220043	1	1.458063971662	0.000203622290	0.477838748678	0.951415101074	25	19	
40580000	478.832652	1	1.496153457172	0.000249685885	0.525747917203	0.784542601468	29	20	
40590000	474.564134	1	1.419944079219	0.000317366192	0.280277441034	0.383794793547	25	17	
40600000	478.993442	1	1.411380605912	0.000222050003	0.391217502842	0.768509543179	30	14	
40610000	485.868355	1	1.420493805568	0.000220188548	0.447299027949	0.675066466676	26	12	
40620000	489.171339	1	1.372288093455	0.000125716664	0.888184070958	1.078875521370	32	13	
40630000	486.555714	1	1.413849682118	0.000157441076	0.562704515115	0.783060117677	29	19	
40640000	480.917111	1	1.435423544232	0.000185442456	0.697506572658	0.922739925728	30	12	
40650000	469.681077	1	1.429268012498	0.000216750634	0.507488915384	1.046534440718	26	12	
40660000	478.128611	1	1.406375294149	0.000167971480	0.422234018222	0.924565084111	27	18	
40670000	483.921178	1	1.374871625994	0.000203280421	0.669884094950	0.769846113803	36	15	
40680000	475.077319	1	1.517732971163	0.000204475073	0.429277610222	1.646789480944	23	23	
40690000	485.120732	1	1.419505253409	0.000187220010	0.582114173449	1.163172099341	22	17	
40700000	477.803563	1	1.448969428197	0.000239635269	0.644624352210	1.151217607807	26	17	
40710000	467.407755	1	1.364946654606	0.000214788290	0.536743946277	0.831791747645	30	16	
40720000	475.160247	1	1.427630016421	0.000247471450	0.662730285898	0.579539745253	31	15	
40730000	476.899182	1	1.363566765803	0.000183870870	0.691485572231	0.593047448906	32	18	
40740000	494.431939	1	1.394870871672	0.000147793598	0.525078971072	0.720737667692	34	11	
40750000	476.045602	1	1.397750539427	0.000216982982	0.247680136087	0.782149731235	33	13	
40760000	482.828230	1	1.449415383621	0.000145569659	0.574945985410	0.603275855433	35	14	
40770000	475.032807	1	1.399124490675	0.000147309820	0.498443586509	0.949026588853	28	22	
40780000	479.153421	1	1.419402087583	0.000166390908	0.602443088058	0.884963587086	32	15	
40790000	476.916778	1	1.468301720357	0.000146777096	0.809370941625	0.986238124009	37	11	
40800000	475.040187	1	1.479973873491	0.000147245770	0.582481682479	1.073142639170	30	18	
40810000	478.541320	1	1.367214000465	0.000161737459	0.557839778149	1.052281993383	36	12	
40820000	480.837707	1	1.417684997876	0.000176540017	0.624417819958	0.987079295724	39	14	
40830000	475.742653	1	1.421024626345	0.000209926976	0.450216477387	0.747087300831	33	7	
40840000	480.453478	1	1.409437740349	0.000230441774	0.541519946158	0.684901351421	40	8	
40850000	476.478946	1	1.398343521603	0.000225138151	0.480974789572	0.799385252565	35	7	
40860000	485.811710	1	1.355002664587	0.000226403622	0.381666290796	0.773815333826	31	15	
40870000	478.521529	1	1.460310913122	0.000166077192	0.423403454273	0.736930058491	33	16	
40880000	466.359866	1	1.392010851743	0.000191813870	0.486160330758	0.786939581460	37	15	
40890000	481.370229	1	1.393804669441	0.000155810839	0.695970574958	1.509304174550	32	13	
40900000	472.881601	1	1.430079803814	0.000194778262	0.611335934287	0.923110627079	19	12	
40910000	479.447575	1	1.426211714757	0.000226005044	0.454994969810	0.505116091002	26	14	
40920000	487.257631	1	1.361525163661	0.000217746377	0.557458876041	0.611258331766	28	11	
40930000	472.902018	1	1.421597769851	0.000170277442	0.669777984408	1.191705691689	38	11	
40940000	472.749333	1	1.452061388388	0.000114483468	0.742649819442	1.249657554333	28	12	
40950000	470.563123	1	1.512128458674	0.000137508134	0.785273804279	1.743088562654	35	20	
40960000	476.392364	1	1.350625973726	0.000247929662	0.252671456757	0.577070846041	26	18	
40970000	487.463691	1	1.507993470022	0.000249746962	0.514549151977	0.559351365580	25	10	
40980000	474.340428	1	1.399889262387	0.000135769184	0.458165194481	0.784778839245	28	14	
40990000	468.174125	1	1.460876203303	0.000142850401	0.703949872243	1.011483577103	30	12	
41000000	475.431514	1	1.397191568922	0.000172489063	0.609152096865	0.786883792878	32	14	
41010000	477.945992	1	1.496317646489	0.000221246719	0.366535706001	0.557612528845	37	15	
41020000	485.461871	1	1.418232435905	0.000178211722	0.625670351388	0.715154546068	37	14	
41030000	470.313161	1	1.482289497652	0.000219609220	0.412228790060	0.987856447082	28	12	
41040000	486.727628	1	1.337199471081	0.000171467136	0.714645686804	0.803214500130	22	20	
41050000	482.596451	1	1.399657352794	0.000224601693	0.469934935378	0.605346579780	28	16	
41060000	482.092549	1	1.386003486841	0.000186734752	0.578591953675	0.727716630829	31	11	
41070000	481.929249	1	1.423487565635	0.000196720575	0.568137008524	0.779674167237	35	7	
41080000	495.032147	1	1.478774790523	0.000153256840	0.781537592501	1.062200422097	35	14	
41090000	466.002533	1	1.464608735761	0.000176234007	0.618164458788	1.306837767618	24	17	
41100000	479.756831	1	1.382021245783	0.000171513937	0.584031740098	0.902316113884	41	18	
41110000	482.217654	1	1.384666425620	0.000150176365	0.510320525052	1.337384013341	26	13	
41120000	476.929452	1	1.410548622860	0.000177586786	0.692187728475	1.035789823696	30	10	
41130000	470.990365	1	1.454766602183	0.000218416283	0.451276004937	0.811762802983	41	9	
41140000	471.498948	1	1.453116838602	0.000194833319	0.408601403630	1.089112872645	26	17	
41150000	470.158338	1	1.406517550344	0.000134919149	1.086492999830	1.307858583526	28	11	
41160000	477.105902	1	1.432058696092	0.000153533774	1.181162480404	1.209069361635	24	10	
41170000	476.005202	1	1.466943412551	0.000187480096	0.799054558229	0.843300423732	30	14	
41180000	470.399266	1	1.413714784378	0.000159846200	1.013492466920	1.041925616417	38	18	
41190000	475.049086	1	1.445658193083	0.000142118701	0.787423189797	1.700679629584	38	13	
41200000	494.181152	1	1.476957748312	0.000161196345	0.855553013892	0.869052746621	32	14	
41210000	475.871286	1	1.408739872237	0.000172258715	0.696148947881	0.837305599556	33	12	
41220000	483.672564	1	1.432152197069	0.000153828270	0.768521762885	0.888102652726	39	11	
41230000	476.454787	1	1.400237342796	0.000207673050	0.534097885262	0.727748517215	33	13	
41240000	479.203700	1	1.439188159281	0.000194716500	0.676312707857	0.582678851062	36	18	
41250000	475.091671	1	1.400595569939	0.000183869639	0.597271793583	0.986171684924	29	9	
41260000	475.327685	1	1.381997668545	0.000136755234	0.666254693374	1.827869825723	38	11	
41270000	466.835293	1	1.415454383351	0.000227735878	0.574080425235	0.789738639910	36	16	
41280000	487.612384	1	1.377136682274	0.000236861934	0.554626383378	0.636047416583	36	12	
41290000	483.315655	1	1.382557427760	0.000164251258	0.517071577391	1.029884855196	28	15	
41300000	465.085586	1	1.436105988679	0.000199770298	0.738779324335	0.890669793532	25	9	
41310000	469.066002	1	1.500427834015	0.000169391983	0.785433507591	1.025925768568	30	17	
41320000	480.787574	1	1.447695621799	0.000144296915	0.839633330060	0.637734071318	39	21	
41330000	479.459913	1	1.451018164340	0.000172086428	0.596351947718	0.923685833912	35	20	
41340000	474.070664	1	1.394861399529	0.000154879779	0.510825566500	0.898898986710	26	13	
41350000	469.952830	1	1.437028275816	0.000231674983	0.374541239104	0.660860477738	27	12	
41360000	477.002233	1	1.445401279753	0.000187571072	0.624059318007	0.686018655542	28	12	
41370000	467.461492	1	1.425398534884	0.000169920885	0.548710511304	1.039296923105	46	23	
41380000	468.169245	1	1.400656056623	0.000189253089	0.722866537250	0.940905560154	41	15	
41390000	484.198586	1	1.426430380010	0.000148784400	0.673216376295	0.949365996538	29	18	
41400000	472.046216	1	1.436371236203	0.000222928241	0.507387907056	0.824947457837	34	11	
41410000	470.045933	1	1.535366625269	0.000178624463	0.586969712771	1.445232136890	24	11	
41420000	480.022217	1	1.426233174284	0.000200171238	0.687825362597	0.861422922504	26	12	
41430000	482.224005	1	1.489480210227	0.000241651861	0.555726983311	0.646222978473	28	16	
41440000	479.091723	1	1.409745847035	0.000180150863	0.628638881605	1.014954810272	34	15	
41450000	480.710217	1	1.437004835845	0.000185482773	0.481059215601	1.007961023138	36	15	
41460000	487.127473	1	1.429256472291	0.000137223461	0.805327848969	1.116474526808	35	15	
41470000	481.615086	1	1.371621612733	0.000274378382	0.370982110513	0.494660765019	30	13	
41480000	476.261106	1	1.503504300550	0.000256556799	0.362269595824	0.656596967809	25	13	
41490000	484.726138	1	1.384121883746	0.000179905821	0.707430378431	0.723726037324	33	11	
41500000	476.093939	1	1.405721673453	0.000198143876	0.716925258779	0.951358310721	28	11	
41510000	490.041931	1	1.450124728236	0.000177465540	0.671650371704	0.924631418562	29	12	
41520000	480.775174	1	1.387295977756	0.000205959473	0.507380575131	0.776013656212	39	14	
41530000	481.475070	1	1.527115107136	0.000145471973	0.752267534071	1.385423648272	35	24	
41540000	482.558339	1	1.410295064461	0.000156802642	1.192010422549	0.861240996793	40	18	
41550000	465.600472	1	1.421664707305	0.000309196920	0.520418994071	0.531550993756	35	10	
41560000	474.422258	1	1.338762180880	0.000179281476	0.585052133939	0.956034075036	27	16	
41570000	459.227071	1	1.451286216885	0.000247143338	0.377841656547	0.787614726017	24	17	
41580000	467.710133	1	1.449430329686	0.000239887108	0.359117585522	0.531523306727	27	14	
41590000	463.259622	1	1.427985025004	0.000179840176	0.530587257886	0.790152979266	40	14	
41600000	485.817202	1	1.409243484338	0.000206309576	0.554402214777	0.650625062709	30	16	
41610000	473.717000	1	1.473918942961	0.000205027486	0.509486367587	0.753214579435	35	9	
41620000	491.559805	1	1.415485383557	0.000185958495	0.592668564888	0.979968544774	28	14	
41630000	480.981639	1	1.458152945695	0.000159266290	0.568977064834	0.801025858735	39	20	
41640000	472.312596	1	1.366075081865	0.000205106671	0.527131133954	1.038733788982	35	13	
41650000	475.821336	1	1.401037422552	0.000153641788	0.609973887451	0.717271335579	36	22	
41660000	478.162852	1	1.414601530811	0.000188044657	0.586559960198	0.733733863203	31	15	
41670000	469.371420	1	1.438011123001	0.000153586548	0.647138885113	0.812264653587	34	12	
41680000	472.859449	1	1.318876602007	0.000224552291	0.385951525981	0.616197337831	31	20	
41690000	485.149952	1	1.401128611708	0.000161514205	0.685273881405	0.619837410617	34	22	
41700000	479.495138	1	1.522353875164	0.000189607647	0.558989821460	0.899393115441	31	17	
41710000	475.249501	1	1.409312343943	0.000188942539	0.598895705839	1.005699496364	31	16	
41720000	489.024331	1	1.399119018163	0.000210417191	0.512188243378	0.743184158193	31	11	
41730000	488.548752	1	1.399607625264	0.000228370126	0.354262162308	0.425338076184	28	14	
41740000	475.671530	1	1.361855472537	0.000181365129	0.553072740916	0.589034363364	23	17	
41750000	471.898009	1	1.422870168300	0.000206186376	0.497596552134	0.726046133871	27	20	
41760000	487.162932	1	1.382786660194	0.000196506900	0.421270830851	0.865139920997	26	21	
41770000	479.911916	1	1.360023441565	0.000220315945	0.425949004115	0.680527437524	36	13	
41780000	481.241616	1	1.459971400474	0.000198470177	0.585873145417	0.787351740573	33	16	
41790000	479.561365	1	1.419843939065	0.000194970361	1.259219259377	1.566155173323	39	15	
41800000	475.954550	1	1.438245442092	0.000210221269	0.675628063846	0.978932813646	31	20	
41810000	476.719259	1	1.458042342022	0.000227074670	0.941543383730	1.152018612456	34	17	
41820000	477.372404	1	1.332677863171	0.000167831712	0.590591150863	1.467807795525	32	11	
41830000	494.047357	1	1.430163287470	0.000134761544	0.966106396545	1.384064782442	40	12	
41840000	476.434405	1	1.431096628511	0.000193030872	0.595714032101	1.077527425089	30	14	
41850000	474.852827	1	1.438055024469	0.000143314175	0.839014379711	1.338767102059	23	15	
41860000	483.603307	1	1.398094690510	0.000170114060	0.590812083893	0.892988117380	36	16	
41870000	486.002096	1	1.458088103191	0.000150778520	0.664497674175	0.890196924517	28	17	
41880000	472.791908	1	1.440546260873	0.000229303523	0.434518975051	0.581431339745	28	14	
41890000	486.291799	1	1.480779015664	0.000185467571	0.425780339229	0.745955225106	28	16	
41900000	481.841214	1	1.427698484342	0.000192991851	0.384802014872	0.666546400216	24	14	
41910000	477.659109	1	1.411522338696	0.000190041109	0.527218275157	0.852479438397	23	12	
41920000	488.194010	1	1.385453398029	0.000186667746	0.770185915727	0.721314041744	31	7	
41930000	488.793798	1	1.394478192018	0.000191196525	0.492770894686	0.837495461382	37	14	
41940000	464.163876	1	1.334021908093	0.000176801336	0.606965022782	0.716553488056	31	15	
41950000	479.338245	1	1.420801798235	0.000163517459	0.447719413113	0.757454450279	34	15	
41960000	474.669169	1	1.448430155587	0.000218328254	0.672260157476	0.798343224389	31	16	
41970000	476.654316	1	1.362737561533	0.000184852044	0.629512099450	0.932006594162	27	16	
41980000	481.093667	1	1.422570531717	0.000188843397	0.747286381486	1.047401526251	33	15	
41990000	479.785170	1	1.376930909443	0.000152864366	0.753999289963	0.930824660565	25	13	
42000000	465.279462	1	1.458279076160	0.000189317217	0.465566808484	0.953424281527	29	13	
42010000	484.799880	1	1.367122555445	0.000178582089	0.509412019280	0.675958798892	29	19	
42020000	472.670021	1	1.441221500863	0.000183596411	0.572705079064	1.159862834821	21	12	
42030000	480.030522	1	1.440488555192	0.000204434804	0.387594527776	0.702256573164	31	15	
42040000	476.975159	1	1.458945660739	0.000224970212	0.411495779590	0.677785178267	30	11	
42050000	474.781401	1	1.421086747134	0.000256030765	0.407006130568	0.676124905168	36	18	
42060000	467.906597	1	1.363047893116	0.000234613735	0.466916478550	0.638525709746	31	24	
42070000	471.842594	1	1.370635329098	0.000155627221	0.842187143920	1.213054473466	31	10	
42080000	474.656285	1	1.374866529414	0.000243419195	0.549315915689	0.647535817417	35	11	
42090000	488.458476	1	1.425541617555	0.000184723404	0.589571943330	0.873800850930	32	20	
42100000	480.198062	1	1.387503827163	0.000219400206	0.484023401591	0.975153513380	29	19	
42110000	485.149152	1	1.400901714244	0.000155603644	0.863774245629	0.961688271081	41	16	
42120000	477.539874	1	1.394032058008	0.000179125021	0.679509185393	1.074619333889	33	15	
42130000	474.632692	1	1.418309183096	0.000204144821	0.689763013254	0.767594581225	34	16	
42140000	469.138478	1	1.394471224447	0.000227806411	0.490705025955	0.728624460848	29	9	
42150000	464.577770	1	1.469579253851	0.000174545071	0.499398282858	1.160019124896	37	23	
42160000	490.415950	1	1.435553946132	0.000146549187	1.055585734973	0.763155266134	33	21	
42170000	482.045705	1	1.395949693499	0.000216078006	0.460787520654	1.001850989967	39	17	
42180000	480.148208	1	1.413755012925	0.000161654122	0.735021232159	1.090877717706	35	12	
42190000	479.211555	1	1.417113284775	0.000187552068	0.532015004764	0.746629075761	27	18	
42200000	472.106289	1	1.462060985158	0.000219501630	0.481703937222	0.999518828380	29	16	
42210000	468.663338	1	1.417244659079	0.000213415668	0.417331848928	0.955937401760	33	14	
42220000	474.233732	1	1.431661164388	0.000236782066	0.501730544969	0.722932141226	25	12	
42230000	482.676159	1	1.392887022595	0.000223280140	0.490733530344	0.635272969615	34	13	
42240000	474.491847	1	1.382873045976	0.000174065577	0.507803035306	1.201646072001	34	15	
42250000	477.008868	1	1.446865020645	0.000208683668	0.414316622117	0.574816639420	32	19	
42260000	485.759677	1	1.429379572481	0.000188616967	0.724497022298	0.921739764842	24	17	
42270000	470.193466	1	1.402723390354	0.000254735532	0.201319979561	0.539368963856	20	14	
42280000	472.952875	1	1.424842212660	0.000239694573	0.387890311499	0.599846325706	32	12	
42290000	479.294434	1	1.527297810059	0.000198589906	0.512932684495	0.733871613429	33	13	
42300000	484.361750	1	1.400383283080	0.000188035437	0.536611590029	0.732112720150	24	15	
42310000	475.568536	1	1.392214573175	0.000172788450	0.618530223960	0.793445507371	28	15	
42320000	467.804295	1	1.387467223468	0.000164358291	0.488783674129	0.994345150181	29	17	
42330000	484.212974	1	1.433574178248	0.000119758614	0.563219915575	1.277990387850	32	16	
42340000	462.667358	1	1.377414652932	0.000209324727	0.746269713315	0.893266713414	30	12	
42350000	472.244034	1	1.450075254679	0.000179979910	0.480661997285	0.795812572943	32	19	
42360000	466.316398	1	1.433922209693	0.000259442494	0.319048894102	0.501181646005	24	14	
42370000	483.164184	1	1.368073942524	0.000141790998	0.512956174442	0.927935640856	41	16	
42380000	476.436979	1	1.492821839323	0.000137453134	0.613809429190	1.005327846457	42	14	
42390000	465.739605	1	1.399936074999	0.000208256135	0.251823088160	0.458610146312	36	16	
42400000	478.932015	1	1.399254329898	0.000151186287	0.499402896584	0.739984608256	47	11	
42410000	485.435196	1	1.468597229097	0.000163494306	0.429335021131	0.890593109031	40	12	
42420000	482.607732	1	1.464496309889	0.000169227510	0.784303972560	1.107188819284	40	10	
42430000	487.053853	1	1.461886070258	0.000150746139	0.693691876535	0.990691285355	38	12	
42440000	470.841740	1	1.468347903413	0.000229240765	0.366984637179	0.790385223949	29	16	
42450000	485.925651	1	1.395667863371	0.000147291852	0.587846619346	0.699520387805	47	12	
42460000	473.058691	1	1.410623667348	0.000236685090	0.314836270110	0.774284861279	25	13	
42470000	469.828312	1	1.454706771177	0.000220942113	0.472483244037	0.620513771515	27	8	
42480000	484.612271	1	1.459957623532	0.000195393017	0.526451760813	0.885327792257	47	18	
42490000	475.431832	1	1.362189205229	0.000186434509	0.359477044949	0.873908632791	34	12	
42500000	475.105079	1	1.439947565020	0.000174579817	0.462177945350	0.630147321703	27	11	
42510000	467.257105	1	1.441787122271	0.000184058479	0.443092721919	0.640815612463	26	17	
42520000	489.895485	1	1.424109566845	0.000182142031	0.292274592472	0.660995306129	39	11	
42530000	475.118703	1	1.436844605118	0.000162584837	0.570695610017	0.783556321227	30	13	
42540000	483.880951	1	1.415466575079	0.000127780684	0.556736126096	0.829517347563	43	18	
42550000	484.063451	1	1.434169685845	0.000181891206	0.625738405154	0.784453125416	33	13	
42560000	478.816628	1	1.393235751711	0.000210497120	0.622027448782	0.698259597737	38	13	
42570000	490.656501	1	1.406008256595	0.000234351587	0.522577172248	0.503215598261	37	12	
42580000	485.529538	1	1.450702705471	0.000206469960	0.765058011080	0.861496491101	36	12	
42590000	476.178633	1	1.385571868703	0.000188833698	0.665219896726	0.592370079317	36	11	
42600000	468.946450	1	1.358048917013	0.000245752016	0.764114592944	0.508024195902	30	14	
42610000	468.655322	1	1.428080640295	0.000250163615	0.458270679710	0.736819304116	32	12	
42620000	483.884299	1	1.478817472667	0.000177121149	0.467360658977	0.942541838544	37	11	
42630000	486.849742	1	1.420937601855	0.000209190924	0.439446250719	0.705412504919	36	19	
42640000	484.145642	1	1.408232489791	0.000210303949	0.362804811273	0.714202637458	32	16	
42650000	489.235947	1	1.422955488726	0.000149808168	0.891959871134	1.413717497030	28	19	
42660000	476.491978	1	1.341597775301	0.000208201684	0.833894346574	1.112351368599	30	10	
42670000	478.883259	1	1.345955196877	0.000163105757	1.032643881411	0.845482675023	35	15	
42680000	493.098827	1	1.421516732265	0.000146906799	0.596486455991	0.802602998492	42	20	
42690000	477.294431	1	1.438313307462	0.000212402292	0.575144194803	0.400538976439	36	15	
42700000	474.900001	1	1.408433473464	0.000182978986	0.445814308257	0.775024416089	32	15	
42710000	477.297450	1	1.413646129494	0.000168890658	0.774311980855	1.099004247286	32	15	
42720000	495.508889	1	1.450331037613	0.000220716062	0.445951198348	0.557858340386	32	13	
42730000	482.897099	1	1.446541533589	0.000240791275	0.409267787945	0.645106098307	26	14	
42740000	477.600113	1	1.422118536193	0.000126723838	0.768015289524	1.271699697059	25	17	
42750000	477.522768	1	1.393078476746	0.000162635204	0.704351798677	1.085429280256	28	18	
42760000	480.343546	1	1.332896625031	0.000174724581	0.670232513499	0.977903742953	33	20	
42770000	469.563073	1	1.481522926532	0.000203004352	0.625647137439	0.951012221215	27	15	
42780000	479.310820	1	1.399176600869	0.000150309523	0.761843432698	1.013280810605	34	13	
42790000	467.984315	1	1.466446850354	0.000186314423	0.697298444388	1.154839747793	23	10	
42800000	484.576859	1	1.424344921019	0.000188959656	0.432038444747	1.022550320049	19	11	
42810000	486.563778	1	1.444297072910	0.000160803182	0.825033519709	1.062668670657	35	15	
42820000	478.498902	1	1.380593820143	0.000187536508	0.538725975946	1.082398750672	34	9	
42830000	479.698660	1	1.475020428992	0.000213129178	0.610678979589	0.663426389116	33	9	
42840000	475.857068	1	1.467134659479	0.000181193780	0.597143935842	0.966166613575	27	9	
42850000	479.672952	1	1.429156917018	0.000180029780	0.634025463468	0.896169876604	29	17	
42860000	478.850315	1	1.439843617659	0.000191400961	0.548784452811	1.112442813280	34	18	
42870000	480.258036	1	1.466573248448	0.000170676355	0.518328018332	0.772308221962	32	16	
42880000	479.925258	1	1.432824841712	0.000160519171	1.154403834410	0.730013700187	38	17	
42890000	469.962587	1	1.443390130206	0.000227446314	0.504169613400	0.798191150872	38	16	
42900000	468.379842	1	1.346909318916	0.000204312064	0.656658361264	1.367586877955	36	11	
42910000	485.997818	1	1.349571683805	0.000190967143	0.456197627743	0.872856443110	33	18	
42920000	476.339626	1	1.416184273687	0.000167175534	0.416782435838	0.717032657329	34	15	
42930000	463.327612	1	1.499063301037	0.000143868200	0.927260702454	1.411784036623	34	18	
42940000	476.812235	1	1.431471574512	0.000181451288	0.553428625964	0.869027644241	27	16	
42950000	478.913951	1	1.412152551375	0.000137771976	0.717663547791	1.480761310356	35	14	
42960000	474.331965	1	1.363227546293	0.000185409293	0.482677123576	1.126192672661	31	14	
42970000	477.281754	1	1.383923180324	0.000205503217	0.382904446875	1.047975730731	32	13	
42980000	480.495746	1	1.378592719506	0.000186312450	0.351896958677	0.819535120514	27	16	
42990000	473.382947	1	1.396209129179	0.000174472551	0.717568322346	1.019874954005	28	5	
43000000	479.984916	1	1.383195006768	0.000181529174	0.508189876266	0.614862486172	33	16	
43010000	477.803310	1	1.421216888704	0.000219409471	0.387880544968	0.714134375758	41	11	
43020000	476.143807	1	1.360634108044	0.000227504426	0.656578663262	0.786579882280	33	15	
43030000	485.062232	1	1.405543316939	0.000166947521	0.773912990578	0.771505569819	31	19	
43040000	486.066805	1	1.408177648002	0.000124402200	0.840612690480	1.457313402690	29	15	
43050000	476.692722	1	1.428655881387	0.000196329487	0.839179432634	0.761335392151	27	15	
43060000	479.303939	1	1.381068905359	0.000195865812	0.421823880080	0.840457268884	37	12	
43070000	484.369088	1	1.395384129373	0.000132090174	0.892507238528	0.985934704077	37	18	
43080000	472.545148	1	1.398615269025	0.000183344268	0.576325468775	0.888405869844	39	16	
43090000	475.228905	1	1.472514523722	0.000186389965	0.683596429208	0.992277461032	31	16	
43100000	462.615342	1	1.498635449356	0.000202166643	0.497019601095	0.702285380926	25	10	
43110000	462.565546	1	1.407599151567	0.000173040635	0.775277904128	1.113039917300	27	12	
43120000	457.917378	1	1.312339411978	0.000222575693	0.653502272810	0.744793368140	22	11	
43130000	475.566302	1	1.399459477820	0.000159083006	0.713657744533	1.302955402416	33	14	
43140000	463.375304	1	1.373014651903	0.000292632541	0.711027961195	0.543417048820	23	13	
43150000	487.493797	1	1.398089717974	0.000168494553	0.762001755900	1.240350194596	38	12	
43160000	483.853375	1	1.430399850281	0.000280413653	0.335928503905	0.553389790759	33	17	
43170000	484.360946	1	1.367726529359	0.000352965949	0.278870500993	0.566939357576	38	13	
43180000	491.270236	1	1.380306961328	0.000353933752	0.412717915232	0.398635175409	32	13	
43190000	471.983565	1	1.387397893969	0.000436844348	0.282529937736	0.505999922164	29	13	
43200000	486.038260	1	1.453529582479	0.000264679878	0.439936687585	0.582228948539	36	15	
43210000	486.314980	1	1.395148323992	0.000270119591	0.452568781091	0.605545392331	30	14	
43220000	462.029544	1	1.403256365850	0.000160855713	0.819465822639	1.069562680353	28	15	
43230000	472.675882	1	1.399471617999	0.000179007777	0.569893281308	0.883769756356	34	16	
43240000	479.840988	1	1.466398904692	0.000174868007	0.642178983697	1.053780120685	32	11	
43250000	487.778580	1	1.390521214650	0.000151227874	0.801632282349	0.625439241223	45	17	
43260000	477.062609	1	1.383900317324	0.000202805201	0.486286665211	0.840507972481	38	15	
43270000	486.426140	1	1.393445777411	0.000189888213	0.705512212363	1.287270418917	34	12	
43280000	467.712934	1	1.406528251774	0.000161227694	0.883974719965	1.070080622820	36	18	
43290000	488.895142	1	1.469979920992	0.000193557223	0.483249161696	1.006532624578	29	12	
43300000	490.076804	1	1.413189038516	0.000164104834	0.530443179937	0.852783866410	27	14	
43310000	489.109803	1	1.452675296677	0.000226575558	0.327901997997	0.731727190288	30	11	
43320000	478.878145	1	1.366260030766	0.000203589816	0.708308135972	0.771344898849	31	14	
43330000	487.313746	1	1.440228564176	0.000117332809	1.006160420358	1.412400852493	38	14	
43340000	476.464057	1	1.424244721083	0.000255600605	0.360837413851	0.769979685263	36	12	
43350000	470.223609	1	1.494569624414	0.000233725403	0.533989208787	0.583549799972	35	5	
43360000	478.214170	1	1.474836753876	0.000232506988	0.561284570636	0.708804968612	34	12	
43370000	472.949366	1	1.381789384632	0.000211690316	0.687052780808	0.496798933839	37	10	
43380000	473.673741	1	1.452406393814	0.000214179395	0.541649751009	0.614000914485	40	13	
43390000	479.961557	1	1.445262630889	0.000180635323	0.406324958332	0.739358648341	35	10	
43400000	496.754260	1	1.402336219898	0.000165513984	0.387757560672	0.761095646516	33	12	
43410000	476.563150	1	1.347613841477	0.000153510821	0.451596882286	0.669560660198	34	13	
43420000	482.426695	1	1.435409315199	0.000142679985	0.388795542583	1.114804023431	30	14	
43430000	476.124394	1	1.400609221899	0.000161602057	0.560561075660	0.679368023935	30	14	
43440000	483.161329	1	1.382621919901	0.000156673350	0.509343921995	1.064454232912	30	19	
43450000	459.918306	1	1.428126253273	0.000197060443	0.383299947517	0.626358526209	27	14	
43460000	460.230728	1	1.374355027116	0.000205873746	0.448832712210	1.159240492819	30	12	
43470000	473.417698	1	1.397451076023	0.000231121646	0.609496853048	0.967516729300	33	10	
43480000	467.847355	1	1.384334108978	0.000178319109	0.678860849431	0.786136672234	25	20	
43490000	481.757521	1	1.433272744040	0.000154118446	0.872341044644	0.916682450816	36	15	
43500000	470.526381	1	1.370056149722	0.000203237842	0.415215780675	1.028702732424	34	17	
43510000	473.819224	1	1.372643258292	0.000197930558	0.521653546436	0.633064775847	31	17	
43520000	472.794250	1	1.472876338290	0.000203955412	0.425613814969	1.032838600656	32	13	
43530000	484.225464	1	1.381442432841	0.000178082248	0.465344018943	0.491334997890	33	22	
43540000	476.804789	1	1.417534017775	0.000214218550	0.423433288089	0.789902277478	36	15	
43550000	483.706315	1	1.416072404620	0.000197770945	0.409193228320	0.620293023516	28	17	
43560000	477.923916	1	1.387086338072	0.000176063605	0.625702593599	0.979085266515	36	15	
43570000	466.466164	1	1.423180994981	0.000191922882	0.565933221319	0.874580812716	33	13	
43580000	477.910383	1	1.499339106100	0.000190973589	0.604396906582	0.905075171178	35	9	
43590000	490.576504	1	1.449528386763	0.000162580519	0.881553602821	0.887409633356	39	10	
43600000	492.107321	1	1.444417053057	0.000239024461	0.514273676376	0.671411700508	30	10	
43610000	467.291309	1	1.422203165625	0.000159264967	0.788535352748	1.332877693941	37	17	
43620000	472.118049	1	1.451350806199	0.000203585826	0.626153964130	0.846346453712	39	6	
43630000	469.487561	1	1.389660486805	0.000197973509	0.523795399936	1.238370233873	38	11	
43640000	476.401736	1	1.408167009682	0.000249980955	0.386703493208	0.591037627108	35	14	
43650000	474.717433	1	1.442968704969	0.000199617463	0.820549403009	0.785642531225	31	8	
43660000	481.266659	1	1.359087431180	0.000251566253	0.436325162436	0.678706141659	29	9	
43670000	481.049976	1	1.410097997104	0.000172294937	0.714360061749	0.840966801042	31	19	
43680000	474.112999	1	1.426875481952	0.000187894921	0.725962392252	1.003383119553	27	16	
43690000	485.523598	1	1.436238507240	0.000141731157	0.943491226396	0.822199255741	29	23	
43700000	475.718156	1	1.450854124537	0.000172207182	0.653818336567	0.548522129378	36	18	
43710000	471.631831	1	1.369709841650	0.000155447062	0.834226156213	1.236598901456	35	12	
43720000	461.583496	1	1.360647458421	0.000161729124	0.646777091816	1.003894949178	31	15	
43730000	466.843050	1	1.424497119445	0.000228604635	0.577289342004	0.929200920429	33	9	
43740000	481.825219	1	1.392524776919	0.000158280208	0.643613065932	0.838038574113	39	21	
43750000	475.338561	1	1.369410588983	0.000167420981	0.747939680948	1.121585068344	33	14	
43760000	469.115658	1	1.349509690800	0.000217239920	0.363101015703	0.853489049680	24	11	
43770000	487.327501	1	1.373351491291	0.000197011307	0.399102627455	0.766071260347	45	12	
43780000	479.777612	1	1.460577264700	0.000159751594	0.527113117266	1.283086528637	24	11	
43790000	477.856619	1	1.409365539423	0.000154119595	0.727467340835	1.173544009120	25	11	
43800000	466.347417	1	1.479893264379	0.000202448622	0.778629603983	0.898405204067	32	11	
43810000	475.611103	1	1.397827548344	0.000149190052	0.688240779768	0.955907398624	31	19	
43820000	464.948559	1	1.449404251764	0.000225685413	0.448420296582	0.753278162363	35	11	
43830000	473.352959	1	1.477146531465	0.000140512749	0.781279078399	1.350731991956	23	17	
43840000	468.583998	1	1.434731124324	0.000225856859	0.647426135821	0.927488767432	30	10	
43850000	472.558859	1	1.428912110370	0.000209656048	0.371462207394	0.941696296791	28	10	
43860000	480.209112	1	1.459806937186	0.000172720800	0.747902317486	0.938888653927	21	9	
43870000	476.888696	1	1.511903789536	0.000228795017	0.617428264033	0.614197460688	26	15	
43880000	480.519367	1	1.444115879781	0.000181207982	0.744213638691	0.952175705589	42	10	
43890000	455.306374	1	1.367182911465	0.000233722450	0.565164304062	0.683612310714	33	19	
43900000	477.305225	1	1.398643790525	0.000233720764	0.453810009574	0.761791637038	28	19	
43910000	480.630043	1	1.421508430254	0.000191344472	0.425500343320	0.619002538962	31	13	
43920000	476.118815	1	1.429434017442	0.000210309442	0.390549788575	1.056515851541	33	12	
43930000	466.995127	1	1.383590944234	0.000180457999	0.384035947204	1.008477698526	29	10	
43940000	482.877631	1	1.451721660122	0.000149224911	0.673525109137	0.971437623087	24	15	
43950000	483.415740	1	1.419573420612	0.000186496035	0.365951071775	0.946176173307	29	13	
43960000	476.573273	1	1.420356240598	0.000141839678	0.549541604730	0.790704895579	33	22	
43970000	487.359739	1	1.414250213089	0.000131408337	0.635319198533	1.206555546531	34	22	
43980000	485.557077	1	1.412856179498	0.000181381487	0.622237941906	0.836884490020	33	10	
43990000	477.875913	1	1.412678117608	0.000172208525	0.472149002236	0.807991149356	32	17	
44000000	483.743984	1	1.426805340190	0.000184355101	0.559775982109	0.610862017468	21	13	
44010000	468.761776	1	1.450388804414	0.000176972135	0.689673689622	0.774693418764	21	20	
44020000	490.636132	1	1.407416103959	0.000124945433	0.810530702418	1.300197631934	29	18	
44030000	473.005181	1	1.396154043725	0.000212168154	0.729504582931	0.843043554533	22	8	
44040000	471.112582	1	1.445203084668	0.000187588570	0.636249102583	0.949709866787	27	17	
44050000	476.466417	1	1.445940472286	0.000158030059	0.668080254445	1.315304204314	35	14	
44060000	480.129932	1	1.506399215678	0.000201125361	0.694654870046	1.065112049041	38	10	
44070000	475.721385	1	1.379374247365	0.000179565766	0.485679583082	1.219877344625	30	13	
44080000	481.196920	1	1.457873425485	0.000168534197	0.392157031167	1.167866420044	33	13	
44090000	484.526170	1	1.450479094649	0.000149946092	0.571588592250	0.643205516637	35	16	
44100000	463.060541	1	1.468071530183	0.000163035260	0.420942392258	0.723076376286	24	12	
44110000	470.419881	1	1.426729172254	0.000174764822	0.519865589841	0.633668855088	40	10	
44120000	472.173212	1	1.489742725483	0.000174283445	0.475517331352	0.814171461820	40	11	
44130000	479.011209	1	1.414829358613	0.000182239923	0.630805793643	0.949357532527	39	13	
44140000	469.156370	1	1.394425703836	0.000180349152	0.616434857144	0.880570897105	35	12	
44150000	477.522607	1	1.435999901245	0.000177390881	0.678281184908	0.726379883989	37	18	
44160000	472.194783	1	1.438178649586	0.000142190559	0.849717733007	1.218864850289	28	18	
44170000	481.274095	1	1.420010359380	0.000190684763	0.646677533411	1.063523860170	33	9	
44180000	481.783109	1	1.427302570853	0.000189277765	0.656821327512	0.878239664616	39	14	
44190000	474.984337	1	1.435649235477	0.000176175839	0.494354690801	0.798972095166	36	19	
44200000	487.073515	1	1.336030973234	0.000251847921	0.295648952610	0.547409011899	47	22	
44210000	486.327494	1	1.378083947596	0.000145138153	0.717514016345	0.786914426296	25	20	
44220000	469.197580	1	1.456237745591	0.000167062124	0.817876800790	1.167891525628	31	18	
44230000	468.223887	1	1.435962074440	0.000152271894	0.766965497727	1.211995593211	25	17	
44240000	476.141496	1	1.410894779359	0.000161545138	0.850105669408	0.900567128600	28	13	
44250000	485.355775	1	1.394560631297	0.000150612444	0.503697290801	0.951980296278	26	15	
44260000	486.902168	1	1.405389448125	0.000132529146	0.509280957112	0.793232447856	24	20	
44270000	492.577361	1	1.366047514184	0.000133018651	0.663616774163	0.970344639411	30	18	
44280000	475.270650	1	1.390882579959	0.000215455369	0.303039379959	0.670741636977	36	13	
44290000	476.021076	1	1.534873683909	0.000147398842	0.701259789409	1.210006729363	29	11	
44300000	481.960121	1	1.402019194753	0.000192993447	0.643183610233	0.773687652631	35	11	
44310000	488.036861	1	1.393462744082	0.000185182984	0.863868944558	1.016249891088	29	14	
44320000	481.957612	1	1.392139459073	0.000160947849	0.590944152137	1.161212268188	30	13	
44330000	470.696509	1	1.443428388101	0.000256556017	0.459824149776	0.822081969544	36	12	
44340000	472.095801	1	1.399677960142	0.000189510777	0.844204251092	0.860087335431	35	16	
44350000	468.273813	1	1.287837150992	0.000210104674	0.322122680947	0.895223580075	35	8	
44360000	488.760220	1	1.457675111488	0.000220325673	0.255546707184	0.848620400821	24	9	
44370000	493.850849	1	1.395954913318	0.000143985022	0.716673466527	1.543904875733	33	15	
44380000	480.534963	1	1.436365595992	0.000193950991	0.433022337323	0.567361434915	39	21	
44390000	468.164305	1	1.333480143239	0.000155951970	0.371256994270	1.209355614392	27	15	
44400000	473.489493	1	1.401032733981	0.000191288786	0.648601498453	0.926648727721	28	10	
44410000	481.530153	1	1.475740546041	0.000167501917	0.509451086187	0.963283571109	37	12	
44420000	471.264018	1	1.415356969982	0.000159627080	0.533214162099	1.180217226655	25	16	
44430000	481.237524	1	1.427791281232	0.000202492192	0.463139826038	0.550471377985	23	13	
44440000	493.915569	1	1.468762003144	0.000134698096	0.592718747317	0.844052249727	43	14	
44450000	468.966145	1	1.439566393153	0.000165796606	0.513937023481	1.231835664733	39	7	
44460000	491.858467	1	1.419636485441	0.000189045209	0.340798834583	0.664025482896	37	14	
44470000	483.711537	1	1.439153032745	0.000169402513	0.521716891411	0.862604132235	37	15	
44480000	481.306929	1	1.480264870216	0.000148428060	0.607186992167	1.053981002656	34	16	
44490000	484.794718	1	1.472869927903	0.000131333808	0.674004348196	1.095456368183	38	18	
44500000	472.929487	1	1.329635863266	0.000184418348	0.598649219312	1.386387500266	39	14	
44510000	477.460068	1	1.460786686522	0.000270058504	0.346763212731	0.628847400174	31	17	
44520000	473.896522	1	1.389169919448	0.000220880290	0.512486051565	0.972922567731	33	18	
44530000	481.896483	1	1.433134620553	0.000228310498	0.564981449179	0.781857378472	24	15	
44540000	483.140033	1	1.411576707295	0.000132731609	0.698388597539	1.163275611950	29	19	
44550000	492.228550	1	1.446315958583	0.000144133814	0.636093017537	0.982250244257	43	18	
44560000	476.296481	1	1.393293277274	0.000155503240	0.712482846925	0.719149413839	35	10	
44570000	476.471586	1	1.384186638123	0.000164202175	0.396331654146	0.706924445814	30	15	
44580000	468.629184	1	1.433959864939	0.000246980613	0.399372055712	0.441414002025	34	12	
44590000	485.738740	1	1.406525074580	0.000161692015	0.625246641012	0.649157439762	37	13	
44600000	487.305694	1	1.461107294258	0.000164547892	0.335585967490	0.848085751160	34	20	
44610000	481.923166	1	1.376066007090	0.000228608143	0.393460492350	0.561923432448	29	13	
44620000	489.689951	1	1.375214825547	0.000135417448	0.756985801669	1.435249615249	40	14	
44630000	481.447313	1	1.452555366843	0.000175308849	0.452792586215	0.744571517948	32	22	
44640000	474.455930	1	1.389728167542	0.000256517050	0.399921278851	0.687965440563	32	16	
44650000	476.719123	1	1.439872569149	0.000152978088	0.671432196538	1.630536097050	34	21	
44660000	479.790428	1	1.375933424061	0.000169743593	0.644411021296	1.238966884660	38	17	
44670000	479.225679	1	1.397528487255	0.000163184346	0.688479633406	0.982253409971	34	11	
44680000	485.005041	1	1.451093417629	0.000207875622	0.303352699169	0.646697128094	41	17	
44690000	484.049862	1	1.450171607505	0.000163249253	0.598506886304	0.831347083490	35	14	
44700000	473.010761	1	1.355389795952	0.000170049441	0.458511653018	1.109335079158	27	17	
44710000	483.465223	1	1.403673213303	0.000179412738	0.513817572545	0.716021164223	36	10	
44720000	484.200858	1	1.453801339756	0.000182055155	0.626467662593	1.141366783594	29	17	
44730000	483.704429	1	1.440069670050	0.000181355336	0.688868997766	0.758642261368	34	13	
44740000	468.049792	1	1.378854349857	0.000135134424	0.666236801615	1.191317905167	34	20	
44750000	468.347082	1	1.408217436892	0.000168790224	0.594158349939	0.960772734737	31	10	
44760000	485.721478	1	1.392244608227	0.000181316079	0.601411277520	0.793999251798	34	15	
44770000	490.053681	1	1.455063555311	0.000148363623	0.593354882445	1.091738865624	34	17	
44780000	491.860811	1	1.415697242986	0.000178939294	0.649441862220	0.723576334640	35	17	
44790000	497.121830	1	1.437076728257	0.000153463074	0.687279823359	0.835159337541	34	17	
44800000	465.976321	1	1.422782362442	0.000257858925	0.322238580302	0.528828425973	35	10	
44810000	471.287217	1	1.438489505222	0.000211967366	0.536312705206	1.364243346335	34	13	
44820000	461.087783	1	1.395493165276	0.000204726269	0.691387273907	0.597375404820	29	18	
44830000	484.038741	1	1.411439218115	0.000178079255	0.843989312972	0.855954069531	28	17	
44840000	478.719823	1	1.380925853713	0.000235953958	0.476357280904	0.541632430784	33	16	
44850000	483.378129	1	1.412559919056	0.000193067872	0.689331947812	0.563719720070	40	14	
44860000	469.175742	1	1.434027690129	0.000173401934	1.280786802221	1.219048813491	42	17	
44870000	481.059549	1	1.385228610192	0.000221946131	0.373734640354	0.638675013745	33	18	
44880000	476.540758	1	1.368573852043	0.000183259946	0.494932711144	1.068287334376	33	13	
44890000	459.747105	1	1.417771451585	0.000169423063	0.834343349460	1.082367512979	29	11	
44900000	482.643062	1	1.377598393673	0.000136758064	0.983519018771	1.152369328384	29	14	
44910000	486.464746	1	1.411526692451	0.000245811830	0.467181210843	0.794138574294	28	16	
44920000	470.935584	1	1.384635454231	0.000165591692	0.677911086771	0.958365057818	35	13	
44930000	484.078183	1	1.362568700112	0.000194841165	0.539080373660	0.996026829295	37	17	
44940000	464.488798	1	1.301345081700	0.000209013523	0.432813182301	0.871247221633	33	14	
44950000	470.777718	1	1.467583058745	0.000164692303	0.612468052594	1.026589968938	28	13	
44960000	473.036792	1	1.432353370217	0.000155081918	0.577873915015	1.110938952911	27	15	
44970000	473.253689	1	1.392103260231	0.000176220233	0.421396372170	0.929125305489	25	16	
44980000	477.851299	1	1.424888954280	0.000217123363	0.335781789935	0.573392593708	33	13	
44990000	480.097778	1	1.444039806388	0.000179819108	0.403550027967	0.654805505532	37	11	
45000000	482.522314	1	1.450530549578	0.000211541657	0.438665700540	0.688601464727	31	10	
45010000	472.407235	1	1.418907035592	0.000189558283	0.395033977498	0.798963059310	33	17	
45020000	480.584996	1	1.421524319431	0.000167032159	0.690676706450	1.214892552355	40	11	
45030000	495.716712	1	1.422923407394	0.000195994008	0.349486997824	0.548675644779	33	16	
45040000	485.453856	1	1.416869049785	0.000171666750	0.503785344437	0.898937987441	33	11	
45050000	475.160591	1	1.442060959233	0.000124332836	0.915071364568	1.367012747409	40	12	
45060000	480.136313	1	1.438732992329	0.000178806781	0.826345663447	0.889622743935	32	16	
45070000	464.655846	1	1.379167836365	0.000185469375	0.728609437187	1.268004210601	31	17	
45080000	470.391059	1	1.410747491239	0.000176560991	0.615390506993	1.017999486588	33	12	
45090000	477.763102	1	1.416342769401	0.000183382903	0.889213908659	0.962996386656	34	16	
45100000	472.247491	1	1.433364780499	0.000197675313	0.560667590639	0.644903433679	27	14	
45110000	471.023269	1	1.374868829388	0.000175744896	0.913627925375	0.914225630688	31	12	
45120000	472.430668	1	1.432067262548	0.000179716920	0.564990529604	0.700702829231	37	13	
45130000	480.089839	1	1.402845249927	0.000201287250	0.506657521789	0.897264599447	33	9	
45140000	466.191537	1	1.429418531731	0.000175642419	0.790529211834	0.898974678995	32	14	
45150000	470.250779	1	1.373322933210	0.000225252745	0.352809273624	0.538543026352	28	14	
45160000	490.151765	1	1.422073291211	0.000145005163	0.515870449224	1.016940585286	31	20	
45170000	478.838014	1	1.431847253126	0.000162229600	0.494058842508	0.694657188979	36	18	
45180000	490.668627	1	1.391131165325	0.000167090887	0.423563793193	0.768673732233	33	16	
45190000	464.832490	1	1.421283865771	0.000233621188	0.453485260781	0.524823038380	35	21	
45200000	475.159138	1	1.430361090917	0.000277063508	0.581553646334	0.733738172850	30	13	
45210000	478.278853	1	1.479665159030	0.000367642349	0.609040553867	0.846818880238	38	9	
45220000	481.032966	1	1.410909483440	0.000295353513	0.525657173521	0.465823146302	30	17	
45230000	484.632241	1	1.427706821085	0.000185171766	0.872528513812	0.776226606924	29	16	
45240000	476.189611	1	1.353564922755	0.000200963198	0.639078305367	0.995395895888	25	13	
45250000	477.772545	1	1.359632811911	0.000226094190	0.511150981081	0.697013987242	27	10	
45260000	478.791369	1	1.359998003277	0.000197747603	0.461582982101	0.754929244203	40	14	
45270000	479.303019	1	1.464450476051	0.000228008912	0.467958798101	0.576825959737	31	13	
45280000	491.778388	1	1.435283175281	0.000173895277	0.608980185344	0.743078944549	23	16	
45290000	470.939541	1	1.404872623940	0.000195178246	0.597970787397	1.085228052294	31	7	
45300000	476.246864	1	1.350714128756	0.000233564584	0.586321946355	0.809161041062	28	9	
45310000	478.580270	1	1.513374834201	0.000203370683	0.560714526466	0.822784280219	34	18	
45320000	468.883982	1	1.401899974711	0.000145300478	1.057948241391	0.959871579292	31	14	
45330000	465.699188	1	1.405794035736	0.000192475020	0.874388588578	1.222987761975	32	14	
45340000	484.659827	1	1.456597525244	0.000183650420	1.023998631895	1.309102564577	34	17	
45350000	463.978844	1	1.444226546343	0.000155001624	0.956762735579	1.181633443798	38	11	
45360000	483.622744	1	1.398907679139	0.000135413448	0.925812281213	1.094800471485	32	22	
45370000	473.632456	1	1.377565456183	0.000218108983	0.681226464418	1.059572370246	29	10	
45380000	473.965374	1	1.469463342128	0.000173267589	0.574235654210	1.024208960969	22	12	
45390000	492.862346	1	1.389071587192	0.000161945190	0.786018373018	1.084287548058	30	14	
45400000	491.369385	1	1.427938128694	0.000171969788	0.609485442896	0.869554870027	28	10	
45410000	488.976619	1	1.395050976493	0.000192810750	0.504621643980	0.832717512958	31	15	
45420000	463.604690	1	1.417289655117	0.000218337858	0.661157921211	1.172542178119	31	11	
45430000	495.257857	1	1.453851721522	0.000145817903	0.536422315162	0.864803592773	44	16	
45440000	475.014255	1	1.368412163077	0.000180960867	0.717171890573	0.668946389693	30	11	
45450000	473.390904	1	1.354469506539	0.000191196700	0.568387023363	0.766135315231	27	15	
45460000	465.725811	1	1.387912999588	0.000202201852	0.589292388808	0.509861030219	34	13	
45470000	483.851606	1	1.396911228183	0.000161206329	0.478997372331	0.749208009625	33	14	
45480000	481.143057	1	1.402990384021	0.000165604414	0.365117642688	0.525092453217	39	21	
45490000	470.514494	1	1.389369294720	0.000193240885	0.400049600358	0.934168859034	33	9	
45500000	480.582209	1	1.439000959515	0.000158479308	0.430200687161	0.808375599411	29	13	
45510000	488.746923	1	1.410948729148	0.000174721367	0.425252305024	0.409662511379	33	14	
45520000	477.013803	1	1.394680534544	0.000154980116	0.526971379287	0.948651445947	35	17	
45530000	492.689817	1	1.410627343681	0.000137697987	0.519827865622	1.042133778685	36	13	
45540000	476.807239	1	1.427659288623	0.000184736659	0.337095173289	0.818782856917	44	15	
45550000	470.307868	1	1.342117364392	0.000137674272	0.816061935225	1.462551849532	35	13	
45560000	477.578809	1	1.425039610022	0.000175866589	0.554761099568	0.823049252200	33	14	
45570000	467.802856	1	1.418486625196	0.000164144472	0.539678306077	1.327345786031	24	15	
45580000	481.646234	1	1.403834887974	0.000199442399	0.623051834762	1.107237525927	36	15	
45590000	489.564575	1	1.420625586352	0.000145507202	0.857393739737	1.158814716289	33	14	
45600000	489.640489	1	1.412696695383	0.000198279629	0.654319650630	1.013479532867	37	13	
45610000	465.974043	1	1.375979265419	0.000223714580	0.716972220413	0.597207107303	34	18	
45620000	492.391673	1	1.421248987524	0.000157534375	0.618347307010	0.973061447094	34	16	
45630000	468.010238	1	1.386595488956	0.000161949342	0.783537901497	1.840611442804	25	18	
45640000	454.107486	1	1.425246238455	0.000308183881	0.617759070362	0.588992147757	28	12	
45650000	468.204453	1	1.377808265363	0.000185676070	0.787575367193	1.086978941244	21	13	
45660000	467.903390	1	1.433720809248	0.000215935313	0.845075681574	0.970786939552	30	15	
45670000	483.614528	1	1.440102542434	0.000206539209	0.423868979240	0.939061828332	35	13	
45680000	470.009435	1	1.481522316767	0.000143796231	0.836505675657	1.565358221424	30	20	
45690000	475.070570	1	1.350836970532	0.000179151860	0.610910386236	0.927067312275	33	11	
45700000	461.586558	1	1.452198818382	0.000165595703	0.550441368606	1.432878960366	31	9	
45710000	480.909042	1	1.363448064114	0.000159958947	0.695241236356	0.742602629622	35	18	
45720000	474.442268	1	1.394022928149	0.000205343147	0.661857334675	1.140725961533	26	18	
45730000	465.315911	1	1.472072342616	0.000183807146	0.366139437802	0.684548809913	24	19	
45740000	477.068951	1	1.383993511839	0.000224819506	0.395334188870	0.578899091612	29	15	
45750000	472.469390	1	1.463525041645	0.000193952113	0.432094003791	0.780364667221	29	13	
45760000	466.111173	1	1.342637664684	0.000219960600	0.593666375514	1.070561115393	27	11	
45770000	470.301213	1	1.422088143885	0.000206632903	0.577577361698	0.748186608614	31	10	
45780000	476.376806	1	1.445242666626	0.000193120422	0.584804874431	1.055835358548	34	10	
45790000	480.928243	1	1.304672983233	0.000146015735	0.906363271417	0.892379165711	41	13	
45800000	474.398070	1	1.456348472904	0.000125511010	0.663155837906	1.603997876509	33	19	
45810000	477.630005	1	1.414629828748	0.000189998388	0.576231967954	0.830581863404	35	19	
45820000	475.929233	1	1.389387986070	0.000176875606	0.525069542637	1.048956034436	41	12	
45830000	479.435225	1	1.444051544185	0.000204435769	0.622459731577	0.794021428408	27	14	
45840000	480.833931	1	1.483618571117	0.000168708759	0.797304187347	0.607000078031	29	10	
45850000	487.022741	1	1.431661207199	0.000219185473	0.380352645090	0.629060654648	47	10	
45860000	468.205017	1	1.378311271388	0.000187092985	0.783577493963	1.056277628608	34	11	
45870000	466.286022	1	1.473724053158	0.000202916040	0.677017403853	1.263991217737	36	11	
45880000	478.114127	1	1.378499839429	0.000142244839	0.769057705817	0.955162364283	32	12	
45890000	489.626158	1	1.421637678903	0.000169175344	0.473048104597	0.880274928443	40	15	
45900000	478.017201	1	1.394308270679	0.000203657610	0.673790840571	1.042570501898	36	14	
45910000	480.546828	1	1.442328456312	0.000201975537	0.384651612049	0.610191218454	32	15	
45920000	482.376243	1	1.430872012316	0.000141443207	0.783505437451	0.768121544862	38	19	
45930000	484.782297	1	1.409461814140	0.000201238646	0.455787927764	0.850958174855	32	11	
45940000	477.631948	1	1.371533775213	0.000163016340	0.733466640839	0.945275764702	33	14	
45950000	475.322355	1	1.404322150825	0.000151711212	0.921259968028	1.218019422654	22	14	
45960000	471.483600	1	1.439373354983	0.000223720694	0.560939248119	0.840947641613	21	9	
45970000	471.408580	1	1.413085593886	0.000214455797	0.524738763217	0.622781660696	33	14	
45980000	482.887433	1	1.447649414180	0.000183763997	0.584073120504	0.787987372845	31	14	
45990000	472.306270	1	1.423693763106	0.000236884381	0.660063544907	0.570865631842	31	11	
46000000	486.647855	1	1.437198817606	0.000127366528	1.169190210113	1.797112006014	39	12	
46010000	477.411328	1	1.406583591315	0.000202684987	0.737763659725	0.803294494559	31	12	
46020000	477.168896	1	1.405687813648	0.000179364519	0.503745514860	1.137607102134	32	15	
46030000	472.326355	1	1.397998160681	0.000187233101	0.673740674006	0.959599851473	32	14	
46040000	494.395701	1	1.407561630602	0.000203252255	0.432183243976	0.865145671669	42	11	
46050000	479.420556	1	1.422437243467	0.000155190816	0.989464093848	1.052202978491	43	12	
46060000	484.555392	1	1.411483888261	0.000183057601	0.548380389385	0.778271647542	30	8	
46070000	493.768943	1	1.378712406378	0.000182204004	0.584392629768	0.795278614869	39	8	
46080000	484.050067	1	1.420800063494	0.000192079221	0.523924571923	0.730495785493	32	10	
46090000	480.827200	1	1.392386357869	0.000160467172	0.598554242502	1.105491261053	30	15	
46100000	476.363509	1	1.370605238624	0.000198139769	0.614361623434	1.014775383916	24	9	
46110000	472.060478	1	1.466362227672	0.000227574502	0.449300103859	0.791105350582	28	8	
46120000	479.027448	1	1.462672466118	0.000206446756	0.544718820426	0.843371136615	22	13	
46130000	478.536418	1	1.403467362066	0.000219092265	0.583025656456	0.925837653976	26	13	
46140000	483.419432	1	1.431956265797	0.000167886146	0.907359367951	0.862287629636	41	12	
46150000	491.484592	1	1.395593844096	0.000166628993	0.599161692505	0.839569339000	42	13	
46160000	477.838833	1	1.464592737478	0.000210115859	0.464296156410	0.690065669150	29	10	
46170000	481.620912	1	1.481780650898	0.000183236807	0.962872295644	0.744254371689	26	11	
46180000	488.734782	1	1.397594779877	0.000179930329	0.664671630854	0.953526295925	23	12	
46190000	480.220150	1	1.448190332282	0.000238533686	0.370933611022	0.507365307151	35	14	
46200000	478.207728	1	1.409138259876	0.000187899486	0.657118134480	0.784469712408	33	13	
46210000	480.788962	1	1.431282850301	0.000174069927	0.465117167441	0.961905229760	45	16	
46220000	488.443297	1	1.469635733609	0.000284340213	0.335386244553	0.429838432412	38	21	
46230000	470.407806	1	1.393587963911	0.000233883353	0.408773090281	0.641676550111	29	12	
46240000	478.484682	1	1.457626887024	0.000196709302	0.795873294461	0.723482629244	31	16	
46250000	468.589558	1	1.375388202963	0.000147209773	0.734154318140	1.117685960260	39	15	
46260000	472.442089	1	1.430597670497	0.000181979962	0.634799044457	1.041094279522	21	12	
46270000	483.978027	1	1.370189107910	0.000187301833	0.428605151195	0.745680220076	31	13	
46280000	476.973203	1	1.425611016397	0.000144547626	0.667267049730	1.439304847556	28	14	
46290000	492.905350	1	1.403708960652	0.000159385910	0.493379994784	0.909006499315	41	14	
46300000	482.058603	1	1.445424491352	0.000185783323	0.379279705808	0.750278249500	29	17	
46310000	482.777892	1	1.392773385111	0.000174222477	0.428801636457	0.656346262112	25	15	
46320000	481.539963	1	1.365685716850	0.000158868332	0.569577705552	0.932320599466	29	11	
46330000	482.305019	1	1.372119905103	0.000176072752	0.314726430743	0.572351864052	31	15	
46340000	470.249216	1	1.402306249658	0.000208978756	0.303307875451	0.775787550484	26	13	
46350000	465.388434	1	1.403442164609	0.000176010654	0.588586736680	0.711604924366	27	12	
46360000	482.378615	1	1.443738482215	0.000176861585	0.386755084518	0.784803350118	34	11	
46370000	464.305170	1	1.420033556563	0.000195121756	0.371704321000	0.784324749588	39	13	
46380000	487.812943	1	1.330249281862	0.000191785479	0.363640604032	1.045619267963	29	18	
46390000	467.551303	1	1.355552448272	0.000174705990	0.666612665306	0.826375630502	28	14	
46400000	479.009484	1	1.462477843301	0.000171528315	0.484443364743	0.935580155671	33	16	
46410000	481.057725	1	1.417125642514	0.000164927162	0.555066980062	0.905920032472	39	18	
46420000	485.657448	1	1.390525395841	0.000171104497	0.572720982301	1.075870994755	30	15	
46430000	479.424823	1	1.448053072603	0.000182546310	0.452195940258	0.821881590379	32	16	
46440000	487.221540	1	1.379853366001	0.000218676086	0.392151519710	0.583850507842	34	14	
46450000	470.071181	1	1.443690827109	0.000160326674	0.584319701888	0.810973557119	31	16	
46460000	481.962142	1	1.437654804179	0.000253497572	0.395582250122	0.457571094836	35	12	
46470000	481.341936	1	1.407835683825	0.000182276509	0.582334595476	0.987830502330	24	16	
46480000	467.016768	1	1.359719953760	0.000206175016	0.619747651106	0.861181520891	32	11	
46490000	483.814335	1	1.408269875621	0.000149040588	0.848304549102	1.130789602549	39	12	
46500000	477.778416	1	1.459274936199	0.000225886383	0.449999753111	0.821498076842	27	13	
46510000	472.259439	1	1.447929093711	0.000155231529	0.898000712736	1.070008953616	34	13	
46520000	483.476048	1	1.391749909788	0.000154871276	0.643295708002	1.334692605952	46	14	
46530000	478.391447	1	1.416133077304	0.000185942287	0.637406024104	0.967632222470	25	9	
46540000	476.054040	1	1.430531718464	0.000197655229	0.709880909973	0.983718429609	38	12	
46550000	476.769151	1	1.412777188308	0.000226697324	0.616635565289	0.565445827157	26	15	
46560000	492.327595	1	1.438211218890	0.000173660855	0.649530473219	1.215469812748	31	21	
46570000	478.072857	1	1.423493501114	0.000250645923	0.350302529277	0.673665038089	29	11	
46580000	473.678734	1	1.430058799405	0.000161281671	0.680069092730	0.940751186771	33	15	
46590000	483.768271	1	1.451251452487	0.000168672325	0.546753719612	0.898332356733	47	17	
46600000	467.598307	1	1.448415152487	0.000162224460	0.776622218448	0.984270949057	34	11	
46610000	468.688276	1	1.402962588666	0.000191975584	0.640068160036	1.225631565575	31	7	
46620000	479.168460	1	1.514300951127	0.000203422686	0.364642190668	0.620041351127	30	13	
46630000	485.122427	1	1.435006571420	0.000169021719	0.449084637988	0.580875062829	32	19	
46640000	485.595498	1	1.442582449864	0.000205369940	0.460357332823	0.570656328933	41	18	
46650000	481.218238	1	1.393426397799	0.000217474630	0.527348419627	0.852076198316	20	14	
46660000	474.715568	1	1.400586469578	0.000250614967	0.387037494927	0.661996227763	33	14	
46670000	489.004767	1	1.426415244385	0.000202564439	0.495542357968	0.619314918174	32	18	
46680000	481.920674	1	1.402193095574	0.000194833735	0.743630171423	0.606101071807	32	11	
46690000	475.438288	1	1.362086722021	0.000178168631	0.557500437017	0.652164750102	37	16	
46700000	483.897788	1	1.442655383885	0.000195203838	0.594630228575	0.540934218344	34	16	
46710000	473.051965	1	1.462010980821	0.000176268592	0.923490616347	0.747945886236	37	13	
46720000	492.610469	1	1.410939641747	0.000170303506	0.544704740651	1.033561017589	33	21	
46730000	478.128440	1	1.373405091422	0.000183152807	0.690877061213	0.830700360159	35	18	
46740000	470.481822	1	1.409070161654	0.000170179233	1.101963599978	1.121365579927	47	19	
46750000	481.800981	1	1.402077984399	0.000165572517	0.529366631828	1.090768544927	35	22	
46760000	470.044426	1	1.386666056773	0.000175228762	0.785422005005	0.983788471004	32	11	
46770000	470.296008	1	1.433734132363	0.000147880571	0.940312932308	0.993507933188	35	14	
46780000	468.385522	1	1.418882629629	0.000237547752	0.332034424698	0.598657425489	35	14	
46790000	467.343683	1	1.355627063412	0.000189579384	0.682137232753	0.766733823353	29	15	
46800000	492.965477	1	1.439452163256	0.000176357542	0.627021679353	1.041148309891	32	13	
46810000	480.114053	1	1.382525551943	0.000253658417	0.414778214914	0.597276679515	43	8	
46820000	482.391117	1	1.413577598320	0.000159002111	0.766735607010	1.154715782701	44	12	
46830000	471.236497	1	1.404201585685	0.000196989258	0.420704240332	0.540378943265	39	15	
46840000	485.022158	1	1.405160114789	0.000207378618	0.424952255417	0.702998014497	30	15	
46850000	484.973732	1	1.407258676415	0.000157163112	0.524910000239	0.710912906004	24	14	
46860000	486.003558	1	1.458076898759	0.000166009463	0.583239659286	0.803100459765	33	13	
46870000	479.572116	1	1.415736201409	0.000211430190	0.379713506308	0.598778396797	27	15	
46880000	476.971724	1	1.421126973316	0.000187461477	0.471666583651	0.673211776121	38	16	
46890000	475.279478	1	1.434580158162	0.000218567512	0.462134371201	0.576488151931	23	18	
46900000	483.278177	1	1.409063844948	0.000208183263	0.368777772755	0.779071835618	31	11	
46910000	483.828672	1	1.424231805015	0.000193050565	0.548376822904	0.615043356211	31	14	
46920000	460.129549	1	1.357112287600	0.000225907445	0.599226216466	1.097924451304	44	13	
46930000	476.824649	1	1.431158935733	0.000200633790	0.383528371875	0.974869164159	32	14	
46940000	483.356041	1	1.469100111225	0.000211654042	0.419282542977	0.578260314776	32	14	
46950000	486.922445	1	1.429913007117	0.000185608574	0.556268525512	0.852266590196	33	9	
46960000	478.279190	1	1.432702608793	0.000177999012	0.483263733165	0.949236501035	30	14	
46970000	490.550267	1	1.434388071481	0.000192358358	0.487328912643	0.547487543117	34	15	
46980000	478.889483	1	1.455105618169	0.000191831575	0.688694113145	0.976984187550	30	9	
46990000	486.144192	1	1.408476197200	0.000193053119	0.473019197689	0.933322349396	38	13	
47000000	476.724972	1	1.479011167595	0.000161152072	0.927542531111	0.886012330669	37	15	
47010000	483.210483	1	1.368849567464	0.000181704233	0.556940589725	1.272167923106	28	13	
47020000	486.590443	1	1.448201810067	0.000217766014	0.589494588200	0.507811151053	28	14	
47030000	476.672767	1	1.344416926663	0.000191977221	0.511972104352	1.106073749864	21	18	
47040000	481.692103	1	1.432128262231	0.000202118084	0.560107795892	0.914884835567	27	14	
47050000	474.285815	1	1.460352357581	0.000238727939	0.588884658501	0.954738280614	31	12	
47060000	484.161116	1	1.498536694363	0.000156093877	0.691759712515	1.090620563111	29	12	
47070000	486.941456	1	1.409635723511	0.000200617238	0.590549768920	1.106801252049	37	14	
47080000	489.928620	1	1.419484320414	0.000200372690	0.642540360920	0.815910976971	29	14	
47090000	468.824912	1	1.364618404013	0.000225365956	0.360243468992	0.770607014673	26	12	
47100000	495.312391	1	1.418863474387	0.000184860371	0.694772721988	0.749436673687	26	12	
47110000	482.794491	1	1.452055477564	0.000184484030	0.580862885770	0.731460754593	35	14	
47120000	473.200413	1	1.412834729522	0.000188828515	0.592820683523	0.744919336783	31	14	
47130000	470.135474	1	1.456917835532	0.000205880822	0.607341173702	0.773600991986	33	14	
47140000	478.082122	1	1.407311579931	0.000240727583	0.401036775002	0.798427295471	30	12	
47150000	485.988329	1	1.392830093637	0.000181322107	0.684814645326	0.849644707734	28	11	
47160000	474.409568	1	1.441889458320	0.000159977442	0.454417852323	0.908046265361	31	15	
47170000	473.438252	1	1.348884949124	0.000195439328	0.565023123377	0.806313942855	31	16	
47180000	477.774213	1	1.390037507915	0.000220544681	0.589112491842	0.823387827156	26	8	
47190000	492.304918	1	1.387204724524	0.000122580731	0.757633704827	0.941929636404	36	13	
47200000	476.712803	1	1.417617892553	0.000193119765	0.784109652101	1.310674137872	30	17	
47210000	479.287424	1	1.464971262589	0.000151330651	0.857340380738	1.223146029197	36	14	
47220000	482.007536	1	1.428461460564	0.000185601669	0.703643864391	0.889068304914	33	14	
47230000	473.274455	1	1.452866895255	0.000199289916	0.661099971118	0.605705040326	27	13	
47240000	471.019765	1	1.472701498329	0.000213699478	0.549828946500	0.839671965635	35	9	
47250000	482.139228	1	1.444110361147	0.000178938884	0.599157026331	0.719620034650	39	17	
47260000	476.657563	1	1.326141334080	0.000236034401	0.369080130816	0.681241659535	29	15	
47270000	472.498362	1	1.371505866055	0.000213852402	0.587086217523	0.739140855680	29	14	
47280000	458.461034	1	1.477621682134	0.000195485960	0.725898745753	1.350258634176	32	12	
47290000	479.089399	1	1.388672661219	0.000185252497	0.627515199361	0.981777940382	30	13	
47300000	489.126327	1	1.389100890235	0.000134949001	0.754013152031	1.166274050169	37	21	
47310000	470.384644	1	1.418666795350	0.000150721403	0.769603494732	1.220281758483	41	22	
47320000	481.286927	1	1.441544319396	0.000189254064	0.777805128925	0.863912743025	41	15	
47330000	473.231853	1	1.428731705556	0.000172205768	1.300764671191	1.124623663900	31	15	
47340000	487.934694	1	1.404815568608	0.000211090461	0.535241280763	0.886976318000	31	21	
47350000	471.722517	1	1.412833083069	0.000222063438	0.619725741537	0.986070117072	27	14	
47360000	480.253397	1	1.470484225000	0.000211431024	0.736427171507	0.859339343480	34	13	
47370000	469.393442	1	1.480173339544	0.000183006429	0.516684063051	0.963611601185	38	16	
47380000	472.014141	1	1.397189492184	0.000233575593	0.357562446333	0.946014831323	30	11	
47390000	487.168400	1	1.411366594053	0.000178149045	0.584203685742	0.763834250224	27	14	
47400000	465.670025	1	1.379756355765	0.000242379355	0.456895875932	0.442133929309	30	17	
47410000	482.803555	1	1.411847656605	0.000173612771	0.774458776210	1.210006642557	24	13	
47420000	478.729067	1	1.402486124239	0.000177012777	0.810247224553	0.850437186464	24	9	
47430000	481.828612	1	1.360008917022	0.000129178986	0.757038364722	1.582486181293	29	15	
47440000	458.146757	1	1.459554405487	0.000186640222	0.635367393954	1.143858038813	39	12	
47450000	493.568764	1	1.413112334094	0.000201623949	0.644419318980	0.801821463943	29	14	
47460000	489.991313	1	1.384200049624	0.000217155596	0.381360247126	0.762123796093	31	10	
47470000	475.585080	1	1.443067052298	0.000188160641	0.696205972669	1.239823595501	26	16	
47480000	479.024680	1	1.444072543680	0.000186691940	0.629490518915	0.752054333269	32	15	
47490000	471.444992	1	1.413021405548	0.000157580628	0.952666475357	1.092740780430	34	18	
47500000	493.088169	1	1.308778326510	0.000220154081	0.538068822567	0.659122495383	37	11	
47510000	482.700904	1	1.366916134990	0.000192108397	0.667012539486	1.066056517778	26	15	
47520000	474.952234	1	1.500404486198	0.000176371804	0.557442814240	0.676663497920	24	16	
47530000	471.342265	1	1.405819558213	0.000177442963	0.541281146159	0.679087403860	35	17	
47540000	472.675061	1	1.432070895696	0.000234238356	0.439637193588	0.770542147213	28	11	
47550000	467.443105	1	1.363202596126	0.000140778253	0.549909596784	1.229556773898	23	17	
47560000	472.248213	1	1.424762443617	0.000148859138	0.500892036985	1.212998715892	28	15	
47570000	472.340339	1	1.442202666771	0.000172512222	0.511082320109	1.307231835279	44	13	
47580000	484.909463	1	1.472398735705	0.000191913342	0.481942771190	0.660512453118	36	12	
47590000	486.691501	1	1.419931385759	0.000170236276	0.697159845268	0.657611915978	32	15	
47600000	472.987647	1	1.376995103273	0.000251953689	0.613848301083	0.722406959322	31	15	
47610000	472.562761	1	1.466261545964	0.000213747060	0.491321393718	0.980549683917	22	17	
47620000	476.616494	1	1.398365888729	0.000210622031	0.423736946986	0.880765454681	28	16	
47630000	472.523988	1	1.445090041200	0.000187407096	0.636726479397	0.993893399152	25	14	
47640000	483.370862	1	1.410109472485	0.000195474997	0.534814054725	0.717915389403	23	17	
47650000	484.056530	1	1.477572118603	0.000167804786	0.618762533159	0.909144748702	22	13	
47660000	476.408994	1	1.385961323294	0.000165685105	0.712584598611	0.850454410339	29	13	
47670000	485.610208	1	1.405424576115	0.000191364752	0.371464414006	0.800694938522	43	7	
47680000	472.761975	1	1.381130694602	0.000168396852	0.654019969327	1.185679339045	25	13	
47690000	474.493459	1	1.422272485513	0.000213537219	0.568339356656	0.541334133506	19	17	
47700000	483.621079	1	1.426786639208	0.000169430326	0.758606683311	1.206085905234	28	14	
47710000	464.404421	1	1.423594601336	0.000293561413	0.521074224896	0.629544268604	23	12	
47720000	483.420997	1	1.403185301728	0.000184578284	0.640052756844	0.962016154350	42	10	
47730000	474.498329	1	1.416092708457	0.000177497117	0.521146240592	0.628388204788	31	17	
47740000	475.241527	1	1.478603493853	0.000187391828	0.878882781558	0.827513909411	29	12	
47750000	480.075570	1	1.422469125545	0.000194015370	0.836606868396	0.794049492595	39	11	
47760000	465.093110	1	1.424110789596	0.000181608777	0.669270856956	1.026069204705	29	7	
47770000	485.442523	1	1.461424391446	0.000149611621	0.821279558868	1.085358507005	41	14	
47780000	471.311717	1	1.445268927543	0.000199746753	0.727390450132	0.782571604108	37	10	
47790000	480.420718	1	1.446595655326	0.000156874804	0.809022147055	1.125986932401	30	14	
47800000	488.009629	1	1.456111665004	0.000189264011	0.568103514329	0.694522999144	33	22	
47810000	493.379236	1	1.425422905149	0.000174460983	0.715313714074	0.805643729646	30	14	
47820000	477.567758	1	1.454640424171	0.000191564058	0.479526230682	0.836513030188	38	17	
47830000	484.434468	1	1.407129804262	0.000161240441	0.669913837032	1.071369478058	34	14	
47840000	473.392042	1	1.420961493107	0.000193030758	0.510451548912	0.555971197127	38	17	
47850000	476.625829	1	1.491213639250	0.000206129866	0.733593997032	0.791366708469	24	14	
47860000	479.714966	1	1.366124894118	0.000159271375	0.657321213803	0.967697968535	26	14	
47870000	473.564536	1	1.410615027045	0.000203715731	0.448591737574	1.057571688693	25	14	
47880000	473.132913	1	1.489337233751	0.000274634783	0.372567603983	0.618464799913	33	15	
47890000	469.470650	1	1.445086659542	0.000191268280	0.650125624969	0.778985061265	27	13	
47900000	478.233968	1	1.417445841457	0.000207291970	0.531975157460	0.751624462815	26	15	
47910000	464.701133	1	1.454464429061	0.000190173714	0.507554650471	0.929559340691	33	14	
47920000	468.326645	1	1.442397176626	0.000199713708	0.713273587673	0.673606135263	42	16	
47930000	480.658010	1	1.430519218597	0.000188110725	0.632782260988	0.588736984126	31	13	
47940000	484.362665	1	1.379139665309	0.000168494040	0.691655522586	0.669983637064	35	13	
47950000	459.029544	1	1.454059204153	0.000196919433	0.950040774135	0.537293751637	36	14	
47960000	476.095170	1	1.368481744433	0.000176472016	0.674132373728	1.005663599114	39	16	
47970000	471.119507	1	1.358847324933	0.000164002870	0.622072318215	1.249285660704	38	16	
47980000	484.640670	1	1.446651953510	0.000145328185	0.605029700972	1.137509053862	27	22	
47990000	479.491970	1	1.426484957169	0.000207623274	0.356862429272	0.624517884522	34	14	
48000000	474.462972	1	1.376998944933	0.000192886796	0.667473618274	0.669553768208	34	12	
48010000	487.896100	1	1.395409723438	0.000274415202	0.433409519138	0.517010373243	36	10	
48020000	478.283602	1	1.399504429071	0.000296058082	0.588276749574	0.714675462611	28	17	
48030000	472.423582	1	1.369679615441	0.000274169740	0.491133426751	0.995097430612	22	14	
48040000	470.007994	1	1.473045869570	0.000239660805	0.668468893832	0.880548306894	29	16	
48050000	488.079928	1	1.374244086300	0.000180091487	0.731616565340	0.931018051104	31	17	
48060000	488.024078	1	1.394960069326	0.000212713859	0.417136376108	0.649435330387	36	14	
48070000	479.752512	1	1.415510074932	0.000148650129	0.593887864502	1.116075773380	33	22	
48080000	470.240549	1	1.347357488914	0.000194838643	0.932426787327	0.911813367318	27	12	
48090000	479.597958	1	1.473821267484	0.000208042544	0.512942802092	0.778100162987	32	9	
48100000	481.448716	1	1.417971646344	0.000185889468	0.716989031264	1.029211556826	19	18	
48110000	477.247863	1	1.424849177806	0.000200674697	0.506640341139	0.640512929173	33	15	
48120000	472.893983	1	1.464946350091	0.000182064355	0.601077105984	1.076214999391	38	12	
48130000	479.728896	1	1.461105373587	0.000165700026	0.578509431672	1.095302031117	44	18	
48140000	470.641018	1	1.485140629847	0.000185746163	0.402483081069	0.913832071618	34	18	
48150000	472.402854	1	1.433340084938	0.000189423348	0.405831934552	0.662485610483	31	13	
48160000	470.433385	1	1.420473735091	0.000177179465	0.894289297126	0.862718819736	36	8	
48170000	459.233319	1	1.347080614293	0.000261101332	0.637407716885	0.690841156244	32	12	
48180000	466.688258	1	1.373734173090	0.000221350958	0.477622164011	0.592181426543	24	17	
48190000	474.742867	1	1.514421923188	0.000149423366	0.819490252148	1.060558156814	38	19	
48200000	487.703062	1	1.411464744336	0.000199976626	0.566681184369	0.972642234879	36	11	
48210000	477.140769	1	1.411725389546	0.000209515748	0.413451912841	0.836220672668	31	9	
48220000	474.800678	1	1.453955216951	0.000188344525	0.685416050048	0.726505084943	28	14	
48230000	482.769983	1	1.421631417767	0.000148138830	0.973755947130	1.065655329185	29	11	
48240000	468.607335	1	1.351828448928	0.000205749002	0.486232355452	1.187056862129	44	10	
48250000	480.773617	1	1.431925068561	0.000166739039	0.658678672500	0.931894766131	34	14	
48260000	471.259832	1	1.417764128742	0.000211800539	0.618059839438	0.876388728457	20	13	
48270000	482.908266	1	1.419257855056	0.000172324624	0.623048730166	0.723332442975	20	19	
48280000	476.581451	1	1.378923799027	0.000183250557	0.370554836041	1.149729563964	35	11	
48290000	478.791973	1	1.487958332680	0.000230409873	0.290220891954	0.647715771211	36	16	
48300000	481.039462	1	1.414310200957	0.000204753725	0.374486663462	0.756462854056	32	14	
48310000	476.694580	1	1.387735553286	0.000180479876	0.580410517471	0.943712652143	33	11	
48320000	481.784037	1	1.446569177728	0.000153022634	0.626349698691	0.783614077287	42	12	
48330000	486.479560	1	1.419291235965	0.000158201334	0.543695324794	0.681375498966	26	12	
48340000	479.058818	1	1.489922980006	0.000190651317	0.498935931394	0.549688877413	39	10	
48350000	480.429936	1	1.391712094290	0.000141310004	0.633909982851	0.844510173232	42	14	
48360000	492.555537	1	1.396171837752	0.000167417499	0.592594066197	0.686846253364	40	13	
48370000	473.593663	1	1.436470869306	0.000216372021	0.716736439373	0.728574042817	32	8	
48380000	469.142945	1	1.414020042432	0.000273495626	0.551492449783	0.814783252000	30	11	
48390000	481.849528	1	1.416467862176	0.000189047863	0.423616578903	0.777904110575	31	18	
48400000	479.653215	1	1.352745960724	0.000197773758	0.422352098572	0.798318239800	20	12	
48410000	475.564319	1	1.429864288705	0.000249331441	0.283600367250	0.426188828962	27	13	
48420000	489.704711	1	1.433036620640	0.000199099125	0.363644694755	0.642494724467	38	16	
48430000	473.747397	1	1.406075205234	0.000214611934	0.550037405420	0.730179807039	35	13	
48440000	478.833262	1	1.373918229456	0.000154952688	0.877922455081	0.812013828829	35	11	
48450000	490.147300	1	1.367764721491	0.000190600247	0.664656969026	1.032552132453	42	10	
48460000	482.269090	1	1.377285686133	0.000175243378	0.721770565971	0.974414757953	41	11	
48470000	485.722505	1	1.434766091411	0.000157694276	0.523389624804	1.056325210386	37	14	
48480000	472.055017	1	1.471911551191	0.000178557865	0.729893511062	1.270007040112	31	10	
48490000	478.256933	1	1.374739584556	0.000167947012	0.624971374789	0.923491801739	39	18	
48500000	489.224807	1	1.404746548329	0.000180602940	0.488899644011	0.680080541304	44	18	
48510000	471.264323	1	1.386455716665	0.000169783913	0.646514040266	1.516000529489	41	20	
48520000	492.240437	1	1.460764069347	0.000151517193	1.051712162845	0.997181030144	28	12	
48530000	469.728954	1	1.419814932047	0.000171518789	0.746355380342	1.054381374271	32	16	
48540000	467.750093	1	1.431464447921	0.000225912091	0.503087911776	0.608212699411	26	16	
48550000	474.300392	1	1.429826002064	0.000158975257	0.744066795682	1.220080585616	28	20	
48560000	479.265205	1	1.438009803807	0.000171380523	0.703836999736	0.818015185969	41	12	
48570000	477.403379	1	1.474140129216	0.000209075499	0.509613121351	0.878457610718	27	12	
48580000	481.480939	1	1.415589147215	0.000165412258	0.835340153203	0.871717906565	34	11	
48590000	486.993344	1	1.363120262671	0.000145857427	0.952609591612	1.281912200303	40	17	
48600000	472.979079	1	1.481027176125	0.000176961477	0.786065291109	0.631616502108	35	12	
48610000	474.522305	1	1.453717632742	0.000181479795	0.834691937410	1.194893359674	29	12	
48620000	467.898108	1	1.384742879148	0.000179148009	0.647910802824	1.459724628289	30	11	
48630000	468.637570	1	1.447895621730	0.000215897168	0.838967285150	0.869063020651	39	11	
48640000	469.477971	1	1.392369085219	0.000267512463	0.377770559146	0.569263182011	27	20	
48650000	466.206865	1	1.387601530864	0.000177623248	0.589125239436	1.099399062609	22	8	
48660000	483.794720	1	1.500819873816	0.000192957345	0.505128727253	0.720929049907	34	10	
48670000	476.633105	1	1.403059346828	0.000157404901	0.750866874591	0.989540684503	27	13	
48680000	479.308531	1	1.457725672241	0.000175788086	0.387120295938	1.043110641517	28	11	
48690000	481.797623	1	1.371874457902	0.000217507554	0.360159469198	0.851735384343	28	13	
48700000	481.124600	1	1.392431386297	0.000197879705	0.663582969129	0.786952636205	31	15	
48710000	477.322821	1	1.403744503759	0.000208769360	0.471367311052	1.111864920133	31	12	
48720000	462.118585	1	1.442134036588	0.000229949080	0.542162343261	0.945524232825	41	17	
48730000	488.385300	1	1.403203352722	0.000219848225	0.357503382190	0.950532388483	45	9	
48740000	475.566536	1	1.444483889681	0.000135249360	0.704973902979	1.058932415007	37	18	
48750000	473.255924	1	1.391769645376	0.000187977097	0.829012867118	0.800860978682	31	16	
48760000	470.064994	1	1.452504147434	0.000204829259	0.544665062813	1.125130308852	29	12	
48770000	480.579441	1	1.387125027355	0.000179988103	0.546407143037	0.853258481073	37	16	
48780000	470.851221	1	1.440064324495	0.000188732530	0.705611800299	0.959598039695	31	14	
48790000	469.710813	1	1.391110096000	0.000173943917	0.419379860180	0.475334277576	33	18	
48800000	468.828240	1	1.423289403498	0.000143693085	0.401763091382	0.998982734731	37	16	
48810000	475.637893	1	1.466076709474	0.000220288722	0.394851929941	0.786770002935	22	18	
48820000	482.012510	1	1.430645838953	0.000208427444	0.386329759306	0.560863210256	25	15	
48830000	469.336631	1	1.302224623724	0.000221012407	0.363802877096	0.996098819980	26	18	
48840000	474.843378	1	1.491113416629	0.000141958651	0.679677240346	1.722742171379	29	13	
48850000	474.247498	1	1.398861705216	0.000220208452	0.558151735628	1.031787917591	28	8	
48860000	495.704536	1	1.438866682756	0.000130170170	0.639693945510	1.254087507606	33	14	
48870000	482.331261	1	1.387395963492	0.000136783076	0.935119676351	1.154465609504	32	15	
48880000	484.905491	1	1.402311990145	0.000219201136	0.456585534915	0.644452289902	30	13	
48890000	481.769766	1	1.427133600728	0.000199340388	0.380499555976	0.881130180593	35	6	
48900000	477.660150	1	1.330384567629	0.000140517391	1.233898418334	0.884282514807	43	14	
48910000	479.264898	1	1.409695997136	0.000194967498	0.750112732898	1.594199639031	39	9	
48920000	486.363604	1	1.374713536751	0.000211650137	0.508064369507	0.662943816392	29	18	
48930000	482.446401	1	1.331477339623	0.000197942411	0.484701257570	0.821853908248	29	15	
48940000	466.775946	1	1.468195778097	0.000215236091	0.681017586755	0.838429081845	20	11	
48950000	474.292511	1	1.380426925270	0.000187009310	0.642972999932	0.853490279726	24	11	
48960000	488.303790	1	1.426795291467	0.000197299230	0.560390050930	0.895184210143	30	15	
48970000	478.094788	1	1.417353110598	0.000190176643	0.590997339329	0.637722782274	34	16	
48980000	467.301138	1	1.452053870407	0.000164058660	0.861069329004	1.276455718127	36	10	
48990000	483.189500	1	1.401108470936	0.000145893363	0.671013422891	1.024632591941	34	13	
49000000	476.715772	1	1.479464313013	0.000205962803	0.344112087488	0.838801847445	27	20	
49010000	470.046748	1	1.396035203090	0.000211145314	0.597824003833	0.828324785926	40	13	
49020000	494.582498	1	1.367973882287	0.000183772461	0.476264882953	0.828060373629	35	12	
49030000	474.802520	1	1.396191142867	0.000183440328	0.597953154643	1.101527253343	27	7	
49040000	480.596365	1	1.398031247429	0.000200274073	0.650771922240	0.828414458027	37	12	
49050000	477.131603	1	1.368543260546	0.000216996111	0.476887494371	0.791171010457	31	19	
49060000	482.849538	1	1.419032432272	0.000184875024	0.489580455182	0.954298434299	40	18	
49070000	465.510393	1	1.373558381968	0.000152935417	0.725451524788	0.831343640502	29	16	
49080000	481.533832	1	1.486062352339	0.000160239828	0.642529793337	0.696538371245	29	16	
49090000	478.454139	1	1.457851973168	0.000145252556	0.415004706783	1.051675541627	34	18	
49100000	475.034326	1	1.487840197251	0.000188688813	0.629118726726	0.621123893912	36	14	
49110000	480.968065	1	1.438224075774	0.000162100288	0.530204871220	0.838856410982	22	20	
49120000	485.887299	1	1.416239647986	0.000165844582	0.401173424902	0.738002921509	33	13	
49130000	479.516547	1	1.253674407177	0.000229672144	0.534542095681	0.736985888527	37	14	
49140000	475.857897	1	1.404474972450	0.000233538382	0.428417313934	0.531309858052	37	8	
49150000	474.380949	1	1.405375237500	0.000242872437	0.612195753436	0.505484919759	36	15	
49160000	483.908688	1	1.435741648156	0.000154768484	0.597907495725	0.972649395209	41	18	
49170000	464.242033	1	1.416645964737	0.000168860198	0.547650382459	1.195716733553	28	16	
49180000	473.122214	1	1.415085033220	0.000125819015	0.582797754362	1.333424189013	27	16	
49190000	472.972598	1	1.436339124018	0.000258242633	0.538952649881	0.576156665625	24	15	
49200000	486.807851	1	1.432621035521	0.000204979000	0.385182576543	0.759901903376	39	17	
49210000	476.865148	1	1.399889887513	0.000213739107	0.462489562560	0.706851590669	27	12	
49220000	476.305219	1	1.383195388846	0.000159085106	1.275720731194	1.140096888494	28	9	
49230000	488.894520	1	1.428639362387	0.000189532712	0.480291796739	0.723786644032	34	10	
49240000	483.705047	1	1.428438440626	0.000182338986	0.547886136304	0.753930795887	37	20	
49250000	473.816113	1	1.414037390553	0.000155448906	0.754639887840	0.982824174087	36	12	
49260000	458.748686	1	1.390548547265	0.000194766336	0.552342497448	0.850216553152	36	15	
49270000	481.775419	1	1.430748450917	0.000205214187	0.525406002144	0.757648847737	28	15	
49280000	480.636680	1	1.417339293405	0.000193731339	0.667359917820	0.741563496460	33	14	
49290000	495.628451	1	1.399090572476	0.000221664002	0.503030087396	0.534156805642	50	15	
49300000	485.848018	1	1.437024194009	0.000161302276	0.710836726996	0.746329447200	36	13	
49310000	479.869807	1	1.401427599743	0.000150785307	0.827581087742	1.558181017950	39	12	
49320000	485.953184	1	1.373529203914	0.000112376792	0.971234111212	0.900829482225	35	23	
49330000	476.649519	1	1.460596867398	0.000134478056	0.733160503630	1.088784017341	32	12	
49340000	488.491186	1	1.422540383699	0.000177279920	0.622627508715	0.856928097053	32	13	
49350000	489.040016	1	1.416976594176	0.000170587938	0.733935075044	0.920521190899	33	11	
49360000	470.442916	1	1.401541921857	0.000168469166	0.598376382301	0.731306040370	33	19	
49370000	471.149648	1	1.383657710558	0.000235703514	0.346240369871	0.799143303144	31	13	
49380000	483.770542	1	1.490751687860	0.000234830162	0.392615563528	0.452898625705	26	15	
49390000	472.088381	1	1.379991564134	0.000204341987	0.764779236593	1.231491171414	29	8	
49400000	485.686720	1	1.418454161567	0.000163032239	0.763096654706	0.899174474555	37	11	
49410000	492.634958	1	1.416337396165	0.000146286475	0.688656883206	1.040324580409	41	13	
49420000	477.144316	1	1.425395699056	0.000183017118	0.559008928363	0.617715639582	29	21	
49430000	471.657622	1	1.423917645689	0.000205355248	0.487316982133	0.849283056270	28	12	
49440000	464.199231	1	1.499397546881	0.000202528097	0.669746806350	1.194040199417	31	14	
49450000	478.402966	1	1.411016495410	0.000192421004	0.557279334981	0.806380152649	28	10	
49460000	482.525246	1	1.395067230363	0.000179862733	0.935298353119	1.090687975512	27	15	
49470000	480.861220	1	1.429027318460	0.000154165296	0.601327281432	1.278426861937	26	16	
49480000	472.545015	1	1.421078700082	0.000168408739	0.549748001450	1.251232021438	34	9	
49490000	483.216149	1	1.415319780868	0.000142831180	0.365972236256	0.640273244767	34	21	
49500000	470.155671	1	1.361698930011	0.000193071751	0.519253065318	0.957879753392	26	10	
49510000	471.642583	1	1.382941802684	0.000174452576	0.680793126933	1.094880823843	29	17	
49520000	482.513232	1	1.433980600247	0.000210045130	0.439785820881	0.653343953793	26	16	
49530000	487.019234	1	1.444912295119	0.000174493531	0.724408984575	0.782411754286	26	17	
49540000	473.132294	1	1.467694657720	0.000184216621	0.416074298474	0.936404819149	34	17	
49550000	467.214594	1	1.435939742968	0.000197292300	0.414344619259	0.755829350755	34	9	
49560000	474.524558	1	1.416070885354	0.000216769103	0.430784595083	0.723917356139	36	16	
49570000	485.888532	1	1.411253776351	0.000150835455	0.686825295439	0.901525943230	30	21	
49580000	476.006392	1	1.357678398444	0.000181900324	0.664528869302	1.057129239959	29	17	
49590000	482.481829	1	1.418256105707	0.000192848549	0.570224605758	0.674028083445	36	13	
49600000	482.633117	1	1.459339561013	0.000182742441	0.649217993357	0.528458318797	31	16	
49610000	475.131428	1	1.426545881413	0.000177926129	0.332495168406	0.709785106584	40	10	
49620000	487.298733	1	1.391600894097	0.000153947376	0.481888650395	1.197341961345	37	13	
49630000	473.926636	1	1.449538046280	0.000203091312	0.466151162703	0.895353381784	28	14	
49640000	485.849332	1	1.395841074988	0.000160773069	0.507385868538	1.081328407014	25	11	
49650000	488.912414	1	1.429939156678	0.000184972876	0.291479947324	0.588481856154	42	13	
49660000	484.377361	1	1.416725534015	0.000190451707	0.467639064414	0.899949616557	48	11	
49670000	470.823988	1	1.401312052994	0.000210847708	0.459020206584	0.468528296170	28	15	
49680000	477.265724	1	1.341799049391	0.000205408622	0.544195695172	0.703045568162	37	14	
49690000	488.023502	1	1.444146751037	0.000182055679	0.502331289986	0.932909996530	26	14	
49700000	476.568886	1	1.473813099787	0.000326335640	0.290846048574	0.586385756497	30	13	
49710000	482.607393	1	1.465734730970	0.000168987821	0.608070834559	0.833419497877	33	10	
49720000	483.594440	1	1.388221207500	0.000182239007	0.698232370168	1.169248164076	26	16	
49730000	475.538730	1	1.477490439611	0.000182370794	0.757873215936	0.720018693979	31	12	
49740000	473.371828	1	1.330595446767	0.000269594687	0.390054908059	0.560794195102	31	16	
49750000	475.574742	1	1.413086190904	0.000172357801	0.605546614758	1.053586603740	28	11	
49760000	491.245031	1	1.411728660568	0.000147985564	0.637570356597	1.151143250007	34	12	
49770000	471.316605	1	1.392867048783	0.000217373072	0.797510123236	0.641561208810	27	14	
49780000	481.549897	1	1.455229821308	0.000169003068	0.684122293538	0.781790774738	26	12	
49790000	471.561933	1	1.403247224059	0.000206275601	0.687644304538	0.766753414354	48	10	
49800000	477.388330	1	1.439258882652	0.000187759823	0.586107396142	0.894115756779	32	13	
49810000	486.701493	1	1.397832106134	0.000210976582	0.394717565287	0.575832502881	30	18	
49820000	478.620079	1	1.460215402914	0.000182444075	0.480102232969	0.639618036064	38	14	
49830000	471.355808	1	1.461427753875	0.000199800982	0.472741119002	0.461258774411	38	14	
49840000	463.825538	1	1.422757255019	0.000189563630	0.621219137237	1.146210922263	29	12	
49850000	479.641486	1	1.430436575425	0.000172873884	0.639272826711	1.105094101819	28	13	
49860000	479.174480	1	1.452470572042	0.000205313890	0.559151977048	0.801131375662	32	11	
49870000	477.886704	1	1.397115136265	0.000186868229	0.676273769742	0.951183460156	33	9	
49880000	466.220729	1	1.426086728114	0.000219553969	0.549620268639	0.566756398787	33	14	
49890000	480.345489	1	1.356839490790	0.000177346925	0.582307535615	1.109227090064	25	14	
49900000	478.241705	1	1.429728080815	0.000206256666	0.499365301861	0.748623067259	33	14	
49910000	472.829574	1	1.476629585823	0.000176873872	0.700950903048	0.910816190725	28	15	
49920000	484.846518	1	1.377627180430	0.000171567934	0.674191215040	1.010728615344	31	17	
49930000	477.686493	1	1.398574490881	0.000197013619	0.453544134112	1.037550181574	33	21	
49940000	468.711217	1	1.377543140374	0.000172737695	0.821782668995	1.055301288354	33	16	
49950000	479.422631	1	1.420514703134	0.000153620492	0.649965301548	1.080543061612	42	18	
49960000	467.424557	1	1.361140171077	0.000261500669	0.422375335775	0.511806703664	31	9	
49970000	464.777547	1	1.438997117068	0.000155674473	0.736716859297	1.149345077661	33	9	
49980000	470.832471	1	1.394363709068	0.000147608130	0.665283843668	0.658579183284	32	21	
49990000	462.243457	1	1.445720981188	0.000181203062	0.503764016545	0.777487433405	28	16	
50000000	475.409203	1	1.451200751649	0.000203407347	0.365549753767	0.641739810059	31	16	
50010000	481.781543	1	1.409169106388	0.000255066501	0.511467948559	0.598271617743	30	10	
50020000	474.296950	1	1.466854048509	0.000179826738	0.641223197496	0.888979022064	26	13	
50030000	458.967897	1	1.417473704942	0.000173072664	0.563335083309	1.048831535545	30	16	
50040000	490.242492	1	1.462543204360	0.000163998173	0.677641746656	1.141063823542	45	18	
50050000	472.090914	1	1.439754784674	0.000203971733	0.482418207212	0.578026714080	29	14	
50060000	480.705935	1	1.405734660951	0.000164496467	0.468514636397	1.093868143576	34	15	
50070000	478.690999	1	1.398344853054	0.000165913439	0.545500272580	0.995527665098	28	17	
50080000	468.635075	1	1.479701916352	0.000192478357	0.404128243243	0.850816964526	36	14	
50090000	474.324357	1	1.427441028057	0.000163170379	0.605584327073	1.000665502771	30	12	
50100000	466.541043	1	1.351816321789	0.000202927029	0.347498796196	0.786589679022	27	12	
50110000	484.008727	1	1.406803112110	0.000164106357	0.565941218423	1.305043717523	37	15	
50120000	470.724661	1	1.456477215579	0.000195629603	0.681289889272	1.380767365227	22	14	
50130000	478.344607	1	1.392257657348	0.000195678863	0.764985075590	1.080893286629	34	11	
50140000	471.662591	1	1.368623371908	0.000202665827	0.800763654737	1.283119067717	35	11	
50150000	486.058665	1	1.483409421081	0.000197262537	0.558102391156	0.709603076678	28	14	
50160000	474.938269	1	1.429733032511	0.000184323812	0.660932378914	0.883365927655	31	16	
50170000	481.978677	1	1.465594102358	0.000163881360	0.668843005819	1.077343171315	34	17	
50180000	463.536000	1	1.372246793381	0.000235677713	0.452618651390	1.028055142579	36	8	
50190000	480.979565	1	1.434466962505	0.000205681512	0.407113773870	0.742810791228	33	15	
50200000	473.075426	1	1.443313889712	0.000206487368	0.420335232168	0.668320138432	27	21	
50210000	479.087619	1	1.382308211218	0.000210241340	0.346861022399	0.587154376653	39	16	
50220000	472.425167	1	1.449070019044	0.000179096043	0.523746545098	0.751747405617	29	15	
50230000	471.593228	1	1.350386796784	0.000195221313	0.529503575710	0.841834843740	30	13	
50240000	479.365597	1	1.485367375494	0.000152195390	0.757828720202	1.577120383853	27	13	
50250000	470.023954	1	1.448179246613	0.000261130741	0.438619480172	0.600143885035	40	9	
50260000	457.879122	1	1.337524840479	0.000177277786	1.128221438278	0.951188038053	29	11	
50270000	470.317994	1	1.428906567686	0.000296581293	0.526857349679	0.743738747437	32	10	
50280000	478.585873	1	1.495697478548	0.000209922029	0.619872702727	1.015385284581	34	20	
50290000	470.535661	1	1.450723951584	0.000155966226	0.711931030982	1.048940986802	21	13	
50300000	459.622865	1	1.426329435819	0.000179064265	0.838875093093	1.220714205716	31	14	
50310000	468.916145	1	1.438258016385	0.000236751748	0.429571805919	0.714998113582	26	11	
50320000	491.237122	1	1.441570670883	0.000325059889	0.408059427436	0.550303317008	28	17	
50330000	471.373157	1	1.358282070941	0.000237946866	0.651149404667	0.945954760127	27	11	
50340000	483.298649	1	1.386258880999	0.000184892120	0.622047193469	0.888160015455	31	17	
50350000	469.382510	1	1.431280785661	0.000171916098	0.762774213350	0.675729005277	34	19	
50360000	469.504505	1	1.474419563005	0.000192376071	0.648421499132	1.237914891282	31	13	
50370000	478.825363	1	1.476177527410	0.000182281954	0.512411759422	0.774852305038	37	16	
50380000	475.240614	1	1.359174359871	0.000262654104	0.387143093421	0.507713134205	29	17	
50390000	481.815755	1	1.438567637357	0.000170725222	0.567980630391	0.742783182295	38	12	
50400000	480.359862	1	1.470014572155	0.000182582896	0.558732662918	1.098103768412	30	14	
50410000	483.536256	1	1.459723916162	0.000177075878	0.521439355963	0.934191700759	34	11	
50420000	474.168882	1	1.283648263482	0.000257788701	0.486729304970	0.558940289332	40	8	
50430000	480.323069	1	1.365477228685	0.000255269027	0.356196259035	0.888970532702	37	16	
50440000	480.731059	1	1.389645164761	0.000194477500	0.623183151795	0.963455381905	37	16	
50450000	480.819024	1	1.448502221310	0.000188959168	0.639027536759	0.690072570273	37	12	
50460000	472.891864	1	1.406945641695	0.000169381251	0.546831421413	1.152162367087	31	12	
50470000	470.602938	1	1.389922532604	0.000241765636	0.633816197923	0.517411428628	33	11	
50480000	474.582822	1	1.363174927334	0.000163020208	0.806370789794	0.976074153088	31	14	
50490000	473.509421	1	1.388190764880	0.000197829191	0.664081463553	0.950345612604	37	10	
50500000	483.453371	1	1.436820357863	0.000208397097	0.558199016749	0.692180730945	32	12	
50510000	483.654847	1	1.458230535402	0.000204203983	0.566412194989	0.896728403408	36	13	
50520000	485.307951	1	1.422959622462	0.000167421022	0.498057521531	0.810913797830	43	15	
50530000	482.612052	1	1.413876948841	0.000208083641	0.617093911754	0.701255152888	34	10	
50540000	472.555739	1	1.355325324515	0.000182827340	0.647841406552	1.038617244233	42	12	
50550000	485.806180	1	1.471995227360	0.000196953889	0.452884674795	0.616788592655	27	13	
50560000	473.606201	1	1.448806882276	0.000141042719	0.674896796174	1.046419981320	32	13	
50570000	484.706745	1	1.411279976072	0.000115245384	0.739594002793	1.320404560668	36	16	
50580000	460.647068	1	1.467198553966	0.000218977161	0.441839901478	0.817624103952	24	9	
50590000	490.997798	1	1.444685016328	0.000211570579	0.322945310173	0.686186592314	32	20	
50600000	481.899421	1	1.390303116241	0.000227511807	0.419658378321	0.803976331568	31	12	
50610000	489.863625	1	1.416509508079	0.000190019551	0.631117833183	0.709949300188	35	13	
50620000	476.418784	1	1.476793062107	0.000212090462	0.590296845898	0.865590890530	30	9	
50630000	475.286450	1	1.410403484862	0.000155447703	0.539853240406	1.003353373728	34	12	
50640000	481.947317	1	1.383337956290	0.000175145679	0.752930527495	0.867674313952	38	13	
50650000	487.249604	1	1.390030577975	0.000150121835	0.546139550093	1.049286699337	37	20	
50660000	474.723260	1	1.411477739024	0.000202761654	0.659455406699	0.829019545066	28	14	
50670000	458.505882	1	1.417027821081	0.000240092197	0.348870026294	0.659118448026	37	12	
50680000	481.725028	1	1.532654745716	0.000216883504	0.504719915081	0.628223264265	26	12	
50690000	476.570985	1	1.396212792585	0.000274141868	0.430263966070	0.693927152275	25	14	
50700000	484.692010	1	1.422460064911	0.000244488584	0.393323609860	0.542096328165	27	14	
50710000	481.849967	1	1.488568139630	0.000293025927	0.393608274291	0.475582545817	31	19	
50720000	486.925618	1	1.426878369971	0.000244320527	0.325315225483	0.460031789819	34	18	
50730000	473.721343	1	1.395158260155	0.000438579905	0.313726305913	0.522790516765	32	13	
50740000	480.778699	1	1.428184639303	0.000217626360	0.640012230012	0.561593311133	29	6	
50750000	483.135830	1	1.544165017557	0.000219843734	0.653313362374	0.792977403480	29	9	
50760000	472.400291	1	1.461381968249	0.000280985795	0.363606785752	0.822382879065	49	14	
50770000	475.955723	1	1.444714939601	0.000209053567	0.504329750197	0.938631953178	38	18	
50780000	486.641772	1	1.409044786897	0.000162991584	0.498837284805	0.918279583648	29	16	
50790000	483.202893	1	1.363359588162	0.000175323308	0.487213940523	0.684704093011	28	12	
50800000	474.457666	1	1.489782549286	0.000151441905	0.751990394292	0.808544535699	46	15	
50810000	486.592636	1	1.391800039749	0.000151306735	0.413256723744	0.783549391892	34	16	
50820000	478.824688	1	1.450966824733	0.000177166425	0.328989988272	0.899773657162	34	15	
50830000	472.792812	1	1.432685907615	0.000141659049	0.425045458593	1.180613559160	43	17	
50840000	469.883116	1	1.443728642581	0.000138940509	0.387097377951	1.054120801216	43	10	
50850000	473.812208	1	1.420666502370	0.000154053119	0.610158474129	0.917451661348	27	19	
50860000	471.760390	1	1.523262567104	0.000167146786	0.552562443795	0.895049665091	27	19	
50870000	473.093888	1	1.423168764427	0.000190253690	0.715187249833	0.992515435053	28	10	
50880000	469.380908	1	1.365254904806	0.000182132336	0.730455145584	0.903187325664	29	23	
50890000	475.943415	1	1.451201688284	0.000165641726	0.877471271219	0.880178213101	37	14	
50900000	477.533296	1	1.450721391994	0.000181144579	0.772038403881	0.890063667131	28	10	
50910000	482.952951	1	1.394851304746	0.000148834269	0.671679892297	0.967523597529	27	16	
50920000	484.629731	1	1.390702716083	0.000162317321	0.624180775589	0.671971108877	31	15	
50930000	490.118940	1	1.379095000365	0.000152760141	0.751954266341	0.746367192168	36	17	
50940000	475.488324	1	1.407910655346	0.000194695168	0.521434313409	0.729726319864	24	11	
50950000	475.237973	1	1.398896099113	0.000223310792	0.423659436003	0.565692596014	26	14	
50960000	474.316132	1	1.518110611519	0.000193601813	0.680039344606	0.928018606264	29	19	
50970000	467.937445	1	1.461420886678	0.000264157632	0.598716237887	1.141903541337	19	12	
50980000	475.154172	1	1.422429931934	0.000203082171	0.622238188880	0.802254523164	29	15	
50990000	481.887402	1	1.430319459271	0.000145225372	0.806061346777	1.282092667155	29	16	
51000000	473.468869	1	1.426402967119	0.000226762607	0.664753658300	0.996083275317	37	10	
51010000	466.271058	1	1.480571248474	0.000274538724	0.385106515061	0.585979459351	38	13	
51020000	476.789351	1	1.425049783945	0.000143738507	0.878298651699	0.953383348315	36	17	
51030000	472.403026	1	1.525825450176	0.000197231412	0.589148319686	1.118473291616	27	13	
51040000	494.953395	1	1.359714250653	0.000151022228	0.719941919375	1.003480978809	35	20	
51050000	472.241519	1	1.460571932678	0.000208199621	0.584415736387	0.666325894048	40	12	
51060000	485.446056	1	1.449734218799	0.000160592045	0.518854026014	0.714345593331	33	16	
51070000	481.113253	1	1.416535522208	0.000150129507	0.499980317655	1.101004235194	29	16	
51080000	489.280750	1	1.424178923601	0.000138210904	0.553024245192	0.935063879551	34	19	
51090000	487.908405	1	1.448683248610	0.000208963303	0.482902482274	0.824092230673	33	12	
51100000	477.303147	1	1.500236091445	0.000188247488	0.540151022997	0.912297813665	29	8	
51110000	481.782164	1	1.426037468670	0.000204126634	0.396032581360	0.689218412733	31	12	
51120000	482.788821	1	1.448322823525	0.000142777041	0.850965162982	1.103450358112	40	16	
51130000	490.428501	1	1.394369718045	0.000216224549	0.417570326314	0.901881573085	36	17	
51140000	460.113687	1	1.323284972007	0.000263987472	0.321218733937	0.803032680992	34	10	
51150000	490.331621	1	1.375003257297	0.000199965598	0.596297122506	0.735364976432	31	14	
51160000	477.145615	1	1.443201525758	0.000216619134	0.514081113022	0.735234180449	33	14	
51170000	484.043919	1	1.430357128193	0.000198817062	0.684633180758	0.859677255517	33	15	
51180000	478.880829	1	1.388895870454	0.000175921330	0.807187720982	0.920039506312	29	11	
51190000	467.002712	1	1.423309068246	0.000171947495	0.500240039782	0.938369481242	29	17	
51200000	468.270773	1	1.411281995647	0.000353491254	0.222091738388	0.493874833170	41	12	
51210000	478.029041	1	1.410213182304	0.000140178292	0.696838229100	1.318109768468	32	18	
51220000	469.756588	1	1.414118000644	0.000237905288	0.360658144537	0.736765365741	34	17	
51230000	475.681621	1	1.468633641481	0.000144333565	0.615467459178	1.609664637670	39	11	
51240000	476.973238	1	1.424033017243	0.000194966631	0.528810155113	1.335786165105	26	11	
51250000	486.847601	1	1.431696712026	0.000141593205	0.858638715458	1.319473683444	32	17	
51260000	479.026758	1	1.424227080977	0.000172498346	0.615335261353	0.868827300689	36	16	
51270000	479.330761	1	1.413101108114	0.000194685596	0.514410330162	0.810951175785	29	12	
51280000	477.767262	1	1.465906343625	0.000222141455	0.638421400718	0.834303348309	29	13	
51290000	483.224168	1	1.416817778162	0.000161095919	0.798405237258	0.959664834345	28	15	
51300000	482.524173	1	1.444606692078	0.000191059062	0.511222000683	0.827701353438	28	19	
51310000	489.538135	1	1.407891971887	0.000128338305	0.839273006858	0.816659859482	40	23	
51320000	480.795059	1	1.419935357413	0.000132221333	0.597910541461	0.764464975554	39	12	
51330000	483.611215	1	1.425182427210	0.000167043849	0.541290265945	0.891302753595	42	15	
51340000	473.954036	1	1.457878873789	0.000253513384	0.258512377091	0.520379565504	29	15	
51350000	491.805641	1	1.367273510135	0.000144139544	0.585087232937	1.209810971678	36	17	
51360000	472.910739	1	1.410743781323	0.000223902956	0.385509120111	0.665762767377	43	7	
51370000	484.846985	1	1.470234031331	0.000206852853	0.688387407238	1.381360391820	36	10	
51380000	469.390071	1	1.438364394905	0.000185492300	1.112563609393	1.133964876849	37	16	
51390000	468.349352	1	1.427271209959	0.000152793758	1.002994457636	1.344964456261	27	21	
51400000	473.752947	1	1.420063063624	0.000167169128	0.994049237800	0.870232291759	25	20	
51410000	471.388177	1	1.519005520658	0.000194108027	0.794361707080	0.763749732574	30	11	
51420000	495.029140	1	1.447957429605	0.000201552398	0.442667561473	0.717096824559	36	13	
51430000	474.103814	1	1.461359059009	0.000184609393	0.329336250273	1.196495513841	34	12	
51440000	475.130525	1	1.444977736921	0.000231969127	0.480096047452	0.726693880369	31	15	
51450000	474.515139	1	1.419780467293	0.000177935532	0.475446219397	0.905314442081	29	9	
51460000	480.552882	1	1.406753314047	0.000178386629	0.630470436281	1.049911787326	26	15	
51470000	489.870827	1	1.461860489353	0.000229530918	0.575601531005	0.848819598347	28	12	
51480000	481.880094	1	1.436644997883	0.000176878732	0.839874065034	1.134100100531	39	12	
51490000	484.319960	1	1.385102912886	0.000162768483	0.632033026706	1.118852675207	36	16	
51500000	488.289260	1	1.379438544118	0.000171000030	0.733022888974	0.871869996923	31	19	
51510000	488.769610	1	1.416060290601	0.000129024044	0.534901132898	0.928273383445	32	15	
51520000	479.389689	1	1.430218766846	0.000214963379	0.433144277870	0.712913228977	36	16	
51530000	485.561316	1	1.421028810381	0.000181491447	0.511968686090	1.224120259889	34	13	
51540000	474.705735	1	1.400456432158	0.000152292818	0.468321349618	0.702235469966	30	23	
51550000	478.210731	1	1.472321144662	0.000187842020	0.463650891992	0.744630855160	39	18	
51560000	471.615019	1	1.346815055728	0.000165747630	0.826886162150	0.859262660948	28	14	
51570000	489.553021	1	1.415932370197	0.000172916855	0.418446207199	0.747391674143	33	16	
51580000	494.286659	1	1.447670281290	0.000194943226	0.614616848937	0.704415257171	47	16	
51590000	488.350378	1	1.469587090221	0.000146754715	0.597144134042	1.016009793843	37	18	
51600000	476.717949	1	1.443694669588	0.000160963923	0.438630062739	0.879492954850	36	18	
51610000	476.679261	1	1.440905065224	0.000257580980	0.435193401879	0.921475844018	27	13	
51620000	469.747541	1	1.388145132168	0.000187985412	0.451458690968	0.751343661106	34	11	
51630000	474.182614	1	1.446417533506	0.000184829535	0.681729521622	1.302495094580	35	10	
51640000	467.677802	1	1.386137033836	0.000183173125	0.663235852553	1.618268733658	29	16	
51650000	475.121432	1	1.473512437160	0.000160983973	0.750707343562	0.900696016624	28	14	
51660000	469.447938	1	1.387929015331	0.000196325160	0.794719818895	0.898667163285	27	15	
51670000	475.179013	1	1.438640427629	0.000170441297	0.751320896376	0.889805994493	25	9	
51680000	461.103957	1	1.421481801311	0.000234463760	0.497876655011	0.940462951216	27	18	
51690000	468.496107	1	1.422198816690	0.000199831097	0.433910205559	0.740510695504	21	18	
51700000	476.937466	1	1.462352778808	0.000152079153	0.792651860020	1.186905326560	24	19	
51710000	475.569018	1	1.389016482842	0.000170549245	0.748219997001	1.069898828766	29	11	
51720000	481.972334	1	1.453126525256	0.000184166368	0.774330122850	0.995171808930	29	7	
51730000	476.075440	1	1.422145064073	0.000167363321	0.890837465326	0.812480747466	47	15	
51740000	479.135191	1	1.420997585143	0.000188707366	0.408972512616	0.832142133956	37	16	
51750000	477.101819	1	1.393256360893	0.000185036908	0.512110627410	0.868646205553	32	17	
51760000	487.841352	1	1.401958000985	0.000139553755	0.649435812179	1.192913361628	37	22	
51770000	472.102717	1	1.396904259103	0.000187671182	0.586944567522	1.109420402229	36	11	
51780000	478.345995	1	1.440287021753	0.000211940288	0.491977862410	0.701165672529	22	22	
51790000	474.674806	1	1.491402569046	0.000188191421	0.507178499909	0.621207039552	36	18	
51800000	485.786820	1	1.391477544761	0.000192368927	0.677086845154	0.728472227158	32	11	
51810000	477.619934	1	1.397072106946	0.000172042612	0.600022369504	0.901543221938	33	14	
51820000	471.713530	1	1.401917626403	0.000187861180	0.564580490841	1.309555984519	23	13	
51830000	481.592685	1	1.370934641703	0.000205127094	0.576340873695	0.601108505401	26	15	
51840000	485.790642	1	1.369851922920	0.000215030191	0.553624339736	0.671861654755	34	9	
51850000	481.486582	1	1.332941999968	0.000171298338	0.698037392148	0.856274035585	36	16	
51860000	471.301471	1	1.442955341308	0.000182805833	0.816060890686	0.834044375456	32	17	
51870000	454.841495	1	1.468104814989	0.000212413086	0.890862029873	0.962967379933	34	12	
51880000	482.497635	1	1.463629981353	0.000191234914	0.405844815337	0.760932494304	31	17	
51890000	472.251249	1	1.395482290867	0.000151183514	0.649239369420	1.244949585085	36	13	
51900000	458.700585	1	1.448964408771	0.000228483867	0.695262725723	0.634639620511	28	17	
51910000	464.524803	1	1.369240171689	0.000247794808	0.530264092490	0.618439468308	27	11	
51920000	480.190381	1	1.398336735814	0.000148289482	0.830613376264	1.053747976036	28	17	
51930000	461.963987	1	1.403033779772	0.000192971650	0.623664938193	0.896817568581	34	17	
51940000	477.643812	1	1.454152453777	0.000119596535	0.597165653878	1.193128965295	40	16	
51950000	465.948433	1	1.490243841039	0.000225855009	0.424330384610	0.863208663605	32	11	
51960000	474.826430	1	1.473480221015	0.000202248414	0.437771730501	0.764489130525	41	18	
51970000	478.749658	1	1.470519989763	0.000162905018	0.542702295426	0.684271121646	27	20	
51980000	475.178851	1	1.473770862200	0.000173384351	0.574081569008	1.153313716504	33	13	
51990000	471.192523	1	1.418988599274	0.000183033815	0.849958942169	1.048631114543	30	14	
52000000	482.574898	1	1.420802688863	0.000236317115	0.345720926471	0.591369431794	35	14	
52010000	477.753478	1	1.381344938589	0.000205969958	0.502129820103	0.691632511605	31	10	
52020000	484.439967	1	1.491573118805	0.000155326107	0.987051479187	0.913424548022	40	14	
52030000	481.581407	1	1.381304303972	0.000262745794	0.347965639147	0.732487742923	25	14	
52040000	467.961064	1	1.416436861677	0.000213130738	0.424269723877	0.734732725675	32	15	
52050000	476.330708	1	1.384650808565	0.000190899778	0.453221647710	0.939075141863	35	18	
52060000	482.367322	1	1.462689844943	0.000224855488	0.511268200716	0.707139550719	24	8	
52070000	491.383619	1	1.512824458957	0.000168841951	0.527803963658	0.768012157420	27	11	
52080000	482.803027	1	1.429788581795	0.000193529327	0.597781043698	1.040888964900	31	8	
52090000	469.574340	1	1.392274845700	0.000164879008	1.042260539090	0.794305109320	30	14	
52100000	469.916544	1	1.486514544897	0.000216130698	0.657818321396	0.552397670442	37	17	
52110000	468.435710	1	1.378244094451	0.000210109817	0.748593892134	0.978941158825	25	13	
52120000	478.031101	1	1.460183206960	0.000360360583	0.298699907597	0.355638274935	40	12	
52130000	472.655576	1	1.452629966162	0.000228392094	0.596110383519	0.737484320805	34	17	
52140000	474.432052	1	1.451540342479	0.000206658645	0.820127549187	0.574089033499	38	8	
52150000	473.563221	1	1.368269221710	0.000203422814	0.541021282045	0.658199194028	37	15	
52160000	484.866150	1	1.384249390360	0.000161146281	0.625492348635	0.958823249083	33	15	
52170000	475.850048	1	1.426316195376	0.000156848059	0.630609257959	0.730561169753	41	19	
52180000	471.100682	1	1.413183701011	0.000276236275	0.311599396473	0.820133351931	30	12	
52190000	479.311710	1	1.461618944730	0.000201135433	0.544243714286	0.998845084605	27	13	
52200000	459.780405	1	1.388238250153	0.000163332026	0.913556567874	1.321257879586	29	12	
52210000	480.943564	1	1.467197145371	0.000164073051	0.530373933882	0.562462843610	28	16	
52220000	468.855449	1	1.398572118045	0.000212748945	0.414653583183	0.892569771669	30	20	
52230000	488.515608	1	1.388307456074	0.000159504016	0.615108021662	0.744709707002	38	22	
52240000	474.531358	1	1.404447649405	0.000139575327	0.972990998276	1.391324070150	29	19	
52250000	479.014275	1	1.343049323696	0.000175864662	0.502257497652	1.028070870521	35	15	
52260000	472.680570	1	1.462663853219	0.000249029865	0.671088589328	0.704041658721	32	14	
52270000	486.706106	1	1.491688555478	0.000218236312	0.510075428277	0.898003274167	33	11	
52280000	478.893190	1	1.398050006482	0.000158605570	0.352964390626	1.197863367687	31	17	
52290000	484.774865	1	1.426470151911	0.000184519670	0.374621531401	0.713542921175	27	17	
52300000	489.435454	1	1.438890931506	0.000162339873	0.429366100014	0.713400209840	32	17	
52310000	482.851783	1	1.421857270714	0.000171990540	0.704919007189	1.065605257220	26	14	
52320000	486.566873	1	1.460015273239	0.000165211040	0.638155776881	1.023198244829	31	12	
52330000	481.125812	1	1.401753169903	0.000162579807	0.541802536638	0.816121490654	21	16	
52340000	475.284587	1	1.451165867065	0.000144923767	0.596800059116	0.950489976336	27	15	
52350000	476.569649	1	1.453581153520	0.000158390567	0.701615036285	0.773262685878	27	12	
52360000	488.092882	1	1.416841157857	0.000181164821	0.548086709592	0.641463994715	32	13	
52370000	477.786314	1	1.405371772789	0.000219228078	0.433310490575	0.457257348739	30	10	
52380000	475.873605	1	1.365345231224	0.000252289723	0.285955008477	0.257173306489	29	15	
52390000	491.030716	1	1.342078031591	0.000182719435	0.517911530883	0.552929944952	43	10	
52400000	476.470217	1	1.425227148130	0.000237169624	0.496085396860	0.545794595660	39	12	
52410000	486.223336	1	1.413527911138	0.000154802553	0.410525460706	0.893312122077	42	15	
52420000	492.448916	1	1.401434341438	0.000143943226	0.667740778212	0.784271948690	32	13	
52430000	483.389865	1	1.422780135107	0.000156669468	0.812670320555	0.989963769522	40	18	
52440000	475.426360	1	1.492093998099	0.000207878797	0.576695164088	0.832340971636	29	16	
52450000	474.698493	1	1.471803654406	0.000153981018	1.003756042876	1.118891452985	32	10	
52460000	481.945459	1	1.419862063473	0.000224019581	0.403591206311	0.665874385479	33	12	
52470000	486.850141	1	1.409182847062	0.000207367014	0.538156211921	0.813309278706	36	14	
52480000	483.001842	1	1.460922688855	0.000211073326	0.559473196831	0.725425375652	31	11	
52490000	484.707525	1	1.416109161615	0.000179964187	0.527744304813	0.967055098429	29	17	
52500000	480.769759	1	1.365899026153	0.000170798769	0.583271476000	1.233554694461	34	15	
52510000	468.375984	1	1.477400395772	0.000136299619	1.309848767987	1.148000165347	32	16	
52520000	470.887967	1	1.345172766486	0.000208795044	0.612157682081	1.117828349437	24	13	
52530000	474.195598	1	1.418391141643	0.000178329623	0.487461735010	1.092483133350	45	10	
52540000	487.286936	1	1.424878230798	0.000189809708	0.484137776834	0.622215878766	33	15	
52550000	487.466384	1	1.440587840325	0.000182832450	0.546608051805	1.002884692666	38	15	
52560000	459.383873	1	1.424750984467	0.000190112204	0.662807588357	0.781868339159	27	16	
52570000	480.616267	1	1.419798829899	0.000189101748	0.680519371471	0.614468981449	25	18	
52580000	484.085585	1	1.362745575876	0.000203810524	0.511012976246	0.399095764851	32	18	
52590000	493.696077	1	1.507201108691	0.000196323989	0.689740407489	0.835153350582	40	10	
52600000	480.219463	1	1.381222358953	0.000166202039	0.958625945580	1.095296391476	45	14	
52610000	487.430340	1	1.428308884750	0.000189812447	0.358908142017	0.757070134038	29	13	
52620000	474.301057	1	1.441632377497	0.000210897646	0.532874448857	0.581070184132	30	13	
52630000	481.398510	1	1.404380628559	0.000157268333	1.164417366914	1.400005908158	32	14	
52640000	479.578134	1	1.374596853930	0.000152865355	0.797219477282	0.927386179379	39	18	
52650000	473.027724	1	1.448950619585	0.000204330036	0.430204808926	0.747888158471	33	11	
52660000	479.592806	1	1.475542223019	0.000197675341	0.479400226861	0.925450995322	28	15	
52670000	469.256353	1	1.418875502025	0.000191720529	0.767811343193	0.873998442060	29	8	
52680000	477.728643	1	1.495988667864	0.000176820357	0.498305984227	1.037342615483	40	20	
52690000	465.520246	1	1.503541061505	0.000236351720	0.763133773550	0.849325717806	31	11	
52700000	480.305360	1	1.450300603142	0.000182909682	0.711662142360	1.115995445272	37	10	
52710000	466.953304	1	1.411780262398	0.000157544605	0.855602953715	1.479950789823	32	11	
52720000	473.102443	1	1.372034563638	0.000215585728	0.512673704134	0.644147694640	35	16	
52730000	482.413976	1	1.376264645974	0.000223015006	0.537106859228	0.635549701447	32	19	
52740000	486.009491	1	1.394837319343	0.000159733740	0.795166386381	0.976273476201	39	20	
52750000	474.201629	1	1.458171446089	0.000211483869	0.465649335604	0.896428625170	34	6	
52760000	483.892847	1	1.503643248412	0.000182884986	0.569792256255	1.053072789099	35	15	
52770000	475.596146	1	1.453194408189	0.000162202777	0.766663900393	1.230208883129	36	17	
52780000	480.826232	1	1.455819191615	0.000253606793	0.351808602009	0.439134819911	24	25	
52790000	485.618949	1	1.406641344032	0.000133660730	0.658984171206	0.775055941961	27	24	
52800000	470.340670	1	1.473025868373	0.000214372707	0.492901946052	0.877414995124	28	14	
52810000	472.375447	1	1.443094005606	0.000213775323	0.387748003691	0.763904943275	23	20	
52820000	477.605556	1	1.443609587103	0.000187747934	0.623284503118	0.890972198897	27	18	
52830000	489.884109	1	1.430972922692	0.000212435315	0.419806473663	0.849293705715	29	12	
52840000	482.095935	1	1.428131680889	0.000178748083	0.570332175260	0.709294372113	32	17	
52850000	464.485950	1	1.356672925251	0.000162220830	0.711732011721	0.849340546936	35	10	
52860000	479.440510	1	1.419130084979	0.000159758443	0.694294023579	0.995281481801	30	16	
52870000	479.467023	1	1.448464708631	0.000262981493	0.472964681902	0.774470251050	30	12	
52880000	473.245726	1	1.436173987609	0.000175542110	0.460483404027	0.796155056716	25	15	
52890000	493.134154	1	1.464077206767	0.000217957544	0.536300410675	0.554116159030	30	13	
52900000	479.963082	1	1.455972509902	0.000113029814	0.831735797846	1.170525436794	32	19	
52910000	476.608994	1	1.455974089150	0.000186121989	0.557766351868	0.871846833198	23	13	
52920000	470.601457	1	1.431187668662	0.000177271888	0.464623107013	0.958219254938	32	13	
52930000	476.485839	1	1.382997954585	0.000267333106	0.309672834826	0.494006771694	28	14	
52940000	483.081304	1	1.370339920764	0.000181271076	0.762679679600	1.495681335496	39	12	
52950000	471.800075	1	1.426857718384	0.000193612831	0.474669774226	0.728677491165	42	13	
52960000	481.054491	1	1.461584995914	0.000160454338	0.696543066078	0.872440621550	37	15	
52970000	475.594000	1	1.364667602995	0.000183422051	0.695126923157	0.817711060633	25	17	
52980000	458.432145	1	1.495247058478	0.000230601215	0.466599667297	0.804194428280	33	9	
52990000	466.009452	1	1.483246178224	0.000231656162	0.536592729013	1.118027478674	32	16	
53000000	466.087905	1	1.361944925123	0.000193511388	0.684411531834	0.702794359724	20	15	
53010000	472.917910	1	1.425387953268	0.000256254412	0.461666397452	0.548945178803	21	15	
53020000	469.009706	1	1.344203399849	0.000366494836	0.283684180727	0.665008346939	33	10	
53030000	476.748734	1	1.446233054504	0.000193245889	0.408512749720	0.572310419062	38	19	
53040000	474.109570	1	1.379404265913	0.000162856642	0.669716537058	0.905669817898	27	10	
53050000	482.228052	1	1.431706990051	0.000157705277	0.919086249637	0.759028907835	37	16	
53060000	467.913621	1	1.485773589345	0.000241717733	0.478142112740	0.922870624387	30	15	
53070000	478.335082	1	1.434766248884	0.000168447323	0.735003228085	1.142472904862	28	13	
53080000	480.672500	1	1.378852887351	0.000177814478	0.861893836870	1.457344407389	30	13	
53090000	484.177252	1	1.452477923789	0.000149591470	0.658732401626	1.227198559225	36	14	
53100000	485.275910	1	1.419191319958	0.000209522770	0.610037572316	0.725042500086	35	10	
53110000	465.380067	1	1.395735219369	0.000142057986	1.001521165984	1.181433956001	27	14	
53120000	479.943400	1	1.426213592189	0.000119525187	0.885247635946	1.479721196075	35	13	
53130000	468.525066	1	1.463177862060	0.000212544264	0.448870307039	0.963451573898	32	19	
53140000	466.643711	1	1.411849043501	0.000211797468	0.526257889721	0.720516287435	27	11	
53150000	467.176053	1	1.430511952365	0.000220259550	0.636817675733	0.780659848659	28	7	
53160000	469.343140	1	1.414174175256	0.000210251062	0.419580905591	0.759865157631	28	9	
53170000	475.558791	1	1.348728939270	0.000178538394	0.515677633464	1.013235247258	25	14	
53180000	475.772097	1	1.378543570637	0.000178153806	0.716836988458	0.948879670201	28	13	
53190000	467.886834	1	1.418030315056	0.000186703685	0.564899220112	0.978556358583	38	20	
53200000	462.692116	1	1.413842095843	0.000237972304	0.365122672630	0.697868102588	30	14	
53210000	481.455584	1	1.399811917821	0.000170462469	0.715686005938	0.868040436989	27	15	
53220000	474.987560	1	1.450059285392	0.000152553983	0.843891478017	1.095743554041	28	11	
53230000	481.087933	1	1.400096471760	0.000199433387	0.466070762489	0.828044217493	28	12	
53240000	473.115921	1	1.477959997322	0.000192696446	0.690614596909	0.914495638618	31	20	
53250000	476.085766	1	1.412401269005	0.000215923679	0.697621212119	1.298604454162	41	16	
53260000	467.216124	1	1.427147506217	0.000139573668	0.555755345420	1.194912264858	34	19	
53270000	468.015475	1	1.459938285963	0.000265984522	0.373687098724	0.646691280268	25	10	
53280000	498.029896	1	1.398950244806	0.000163027185	0.549959669499	0.581630660768	39	13	
53290000	485.950384	1	1.414474109082	0.000180797157	0.537506824094	0.915648483650	46	16	
53300000	471.304879	1	1.451697704310	0.000293650815	0.558782260667	0.874814894512	25	8	
53310000	483.105625	1	1.467270382633	0.000191452573	0.561385014626	0.864382200507	37	21	
53320000	477.588997	1	1.385860658851	0.000168917697	0.701078945586	0.727267059527	36	19	
53330000	478.655324	1	1.409844882081	0.000194538064	0.630968594040	0.537457203653	31	20	
53340000	477.144062	1	1.416115547103	0.000202541304	0.452508222750	0.607170405072	44	12	
53350000	477.109752	1	1.430085363886	0.000159646938	0.881761701980	0.558300299028	39	16	
53360000	478.050756	1	1.474486499911	0.000168488366	0.310101532743	0.666255005981	33	16	
53370000	460.864271	1	1.354939502543	0.000186607313	0.753101565360	1.020735406123	30	18	
53380000	496.869473	1	1.390816618188	0.000207127195	0.600362531611	0.697815172479	35	9	
53390000	494.691623	1	1.433091964292	0.000194528945	0.504035150282	0.542548172921	41	8	
53400000	478.458063	1	1.354254428512	0.000184085949	0.569390463199	0.719199810698	37	19	
53410000	475.115860	1	1.371852995851	0.000201793567	0.776788290122	1.142081558106	27	10	
53420000	478.302320	1	1.407472701151	0.000173630961	0.655588422191	0.813853650131	31	17	
53430000	470.552144	1	1.419343770223	0.000294230456	0.548786744876	0.755607790424	29	12	
53440000	471.603332	1	1.323640416487	0.000184085831	0.670808731337	0.912287002220	32	13	
53450000	477.118402	1	1.460457499995	0.000151813224	0.822651979835	0.852273982404	41	13	
53460000	478.615500	1	1.449008747967	0.000221020050	0.456713886270	0.721991838683	30	11	
53470000	483.864799	1	1.431085510408	0.000199240487	0.680678921856	0.678895528265	39	10	
53480000	485.926989	1	1.400868641144	0.000164057899	0.755375394172	0.807500617753	31	18	
53490000	488.385577	1	1.395008012930	0.000185076058	0.567339444052	0.807629810800	38	14	
53500000	476.497289	1	1.486254557872	0.000193437613	0.571624473598	0.720450711559	35	19	
53510000	479.892361	1	1.394418458626	0.000232952011	0.490722632622	0.596413830717	39	17	
53520000	467.303706	1	1.474693753396	0.000156213417	1.207234435068	1.198894586837	43	12	
53530000	475.445912	1	1.426659028965	0.000244667248	0.396780450829	0.845210648668	32	17	
53540000	477.004229	1	1.469310396463	0.000226951872	0.356767948384	0.614780981221	33	21	
53550000	464.537644	1	1.352278351799	0.000228021971	0.466481068656	0.800845681994	27	16	
53560000	475.494532	1	1.478503348386	0.000208269384	0.487023721050	0.607805481248	39	15	
53570000	475.629916	1	1.495259635085	0.000198886567	0.528231238784	0.651640322043	24	10	
53580000	472.029434	1	1.404949868932	0.000191764282	0.605906214853	0.977216808471	30	12	
53590000	477.412140	1	1.431058997288	0.000143203058	0.511490242237	0.910503335008	24	18	
53600000	462.365871	1	1.411051661684	0.000179582311	0.332416887146	0.874429239369	35	15	
53610000	458.262243	1	1.409870793310	0.000198073412	0.386618961717	0.633292025803	38	15	
53620000	464.676695	1	1.427634867538	0.000150537583	1.264039284805	0.816714777765	39	16	
53630000	485.321355	1	1.430929754054	0.000153215335	0.614105125774	0.953225182201	37	14	
53640000	485.375506	1	1.375291855287	0.000168874899	0.702310694947	0.779055921764	30	18	
53650000	486.727207	1	1.402082847035	0.000160487429	0.618917276695	1.100659768107	33	16	
53660000	484.260801	1	1.378580616944	0.000215321050	0.438611041071	0.525869385500	41	15	
53670000	491.132847	1	1.384790512607	0.000179831050	0.563208937467	1.043026284336	35	17	
53680000	473.834634	1	1.499881339162	0.000193414119	0.829292331203	0.958047614898	35	11	
53690000	479.545957	1	1.381154906067	0.000163056927	0.580503540048	1.360229539518	31	19	
53700000	453.238428	1	1.405885209678	0.000183222782	0.955719229142	1.429399042670	31	8	
53710000	479.259522	1	1.412109888798	0.000247538981	0.378923094054	0.447657212642	25	9	
53720000	487.196613	1	1.411464164019	0.000181808589	0.479285125081	0.785815049204	27	12	
53730000	475.379976	1	1.395021306492	0.000144455137	0.306346234873	0.631870907762	44	17	
53740000	468.613728	1	1.400012097579	0.000166887001	0.659650713989	0.928592966804	31	16	
53750000	481.727610	1	1.413130875551	0.000149962311	0.695933622543	1.058667598516	36	18	
53760000	475.633980	1	1.382312785316	0.000202027680	0.279045016072	0.942466786448	36	13	
53770000	478.633829	1	1.454511146843	0.000130688504	0.908114360459	1.074900494578	42	9	
53780000	477.383783	1	1.348836553765	0.000185482826	0.406203641063	0.534623185068	38	11	
53790000	489.113382	1	1.445925682239	0.000180710724	0.397954670523	0.580016953415	32	14	
53800000	470.787612	1	1.472685699967	0.000218216529	0.373752166801	0.670836197937	26	13	
53810000	468.288440	1	1.371784134849	0.000193062363	0.392527372499	0.838203402469	34	10	
53820000	482.542934	1	1.473213920017	0.000199388032	0.547289140619	0.675310689340	28	17	
53830000	469.722408	1	1.416943264518	0.000153311229	0.903060381465	0.902263404758	28	14	
53840000	475.445071	1	1.429278497151	0.000181696506	0.852005647089	0.941168303642	33	9	
53850000	466.221637	1	1.360480589303	0.000177264848	0.379802969178	0.939212671044	29	15	
53860000	494.426489	1	1.442499876395	0.000155011836	0.675657770627	1.073675348519	26	12	
53870000	473.668714	1	1.357271293375	0.000184470061	0.822072108753	0.727054711906	32	14	
53880000	472.489983	1	1.412539598666	0.000185301611	0.837520819598	0.914396304170	30	13	
53890000	481.395324	1	1.443843511803	0.000166380888	0.585509595797	0.960316781557	40	17	
53900000	482.351305	1	1.474981966046	0.000166751009	0.738951179258	1.145516999960	35	14	
53910000	482.113653	1	1.463168549588	0.000199049129	0.472896791269	0.737036754373	47	14	
53920000	485.313585	1	1.405828598047	0.000152600747	0.551933976990	1.446426642740	34	12	
53930000	489.872678	1	1.417800327850	0.000194881257	0.669115019312	0.930914171182	31	16	
53940000	473.615449	1	1.299832548083	0.000189700870	0.621350886075	0.515784783955	30	16	
53950000	480.854477	1	1.385864451860	0.000210293414	0.559954112444	0.694652479122	29	14	
53960000	475.048766	1	1.354567098253	0.000182199654	0.664518793612	1.277856627669	35	16	
53970000	460.362349	1	1.439175554468	0.000184752529	1.196396057587	1.329878217042	26	7	
53980000	471.857319	1	1.380804933874	0.000165284326	0.631144724050	0.944600696272	26	14	
53990000	487.964200	1	1.353636448880	0.000173824255	0.673400854605	0.891077561344	35	13	
54000000	484.887862	1	1.375717654751	0.000194846825	0.502919716223	0.649235035864	26	16	
54010000	473.889460	1	1.488273389398	0.000225053170	0.533786028774	0.759443491683	27	13	
54020000	484.859500	1	1.439504394209	0.000163758026	0.559113909520	1.117727463922	37	8	
54030000	475.227622	1	1.457772427417	0.000201133683	0.287288268519	0.579290027831	30	16	
54040000	475.936326	1	1.428789515779	0.000176723076	0.421179745870	0.862956792107	35	12	
54050000	475.793200	1	1.376072684436	0.000185590246	0.492724482831	0.638556998367	36	13	
54060000	479.128394	1	1.447027681588	0.000135804459	0.763246694444	1.369793614929	35	15	
54070000	478.261737	1	1.411068803815	0.000162155837	0.659607625071	0.844582547926	33	15	
54080000	468.665452	1	1.416949179429	0.000154371767	0.568415735736	0.755083104789	37	16	
54090000	481.992640	1	1.448936990948	0.000178433755	0.333850048758	0.673892117380	36	14	
54100000	469.336979	1	1.441564902032	0.000152599084	0.582096193583	1.088244939189	34	12	
54110000	476.917006	1	1.376093377623	0.000146795701	0.482560040224	0.896189812714	44	11	
54120000	473.262165	1	1.405085587433	0.000175789892	0.858180700923	0.981036333607	28	19	
54130000	472.588321	1	1.449363493298	0.000187127866	0.741557964399	0.861344264099	40	16	
54140000	460.934237	1	1.348080891916	0.000211169719	0.486769042309	1.215692014112	39	16	
54150000	481.639327	1	1.466284252410	0.000236875147	0.628540911656	0.622846101773	35	8	
54160000	481.803274	1	1.380305703247	0.000245719916	0.437153277545	0.533816902431	32	10	
54170000	468.021166	1	1.413049131499	0.000182134413	0.633561402008	0.895435862334	40	18	
54180000	480.058813	1	1.418599859784	0.000178717186	0.540839138952	0.832625001264	26	9	
54190000	474.548404	1	1.394604322987	0.000212924886	0.628464353934	0.801946494915	22	17	
54200000	484.790250	1	1.393741244589	0.000155113220	0.699763148285	1.161893845258	44	16	
54210000	483.314074	1	1.393583352582	0.000139722522	0.667818003414	1.529697603998	41	13	
54220000	487.016356	1	1.401076465534	0.000183081187	0.476009419313	0.606129183058	31	20	
54230000	482.349895	1	1.466132084419	0.000206552126	0.486041267432	0.746836940979	39	12	
54240000	478.239076	1	1.453472090132	0.000198607993	0.654845131388	0.803055807864	35	12	
54250000	487.441665	1	1.438191430145	0.000200060745	0.584406033856	0.893768355019	29	15	
54260000	467.102618	1	1.464535233165	0.000228258019	0.511463698699	0.768309438766	31	11	
54270000	466.249203	1	1.440438797102	0.000192127707	0.449590665434	0.855585134318	40	14	
54280000	472.734014	1	1.441496272866	0.000195480495	0.513437867985	0.775612738922	43	12	
54290000	477.661458	1	1.397882044904	0.000208970794	0.542355451644	0.436586056398	39	12	
54300000	471.721944	1	1.381380272068	0.000241379213	0.433850051278	0.635249691237	31	15	
54310000	476.619031	1	1.438612370246	0.000257391784	0.498498776670	0.731035047582	32	12	
54320000	477.688896	1	1.476581648374	0.000188326821	0.605831559281	0.718288289205	31	13	
54330000	480.903772	1	1.429518995236	0.000169611128	0.553008144576	0.696128227055	34	16	
54340000	474.584034	1	1.437245560163	0.000151840558	0.669754758656	1.204997447362	35	22	
54350000	479.861873	1	1.399454918401	0.000175694094	0.596275784372	0.828467945647	28	17	
54360000	488.730740	1	1.447934738007	0.000181186246	0.434015916389	0.632024546393	33	18	
54370000	476.411462	1	1.302085981907	0.000166073608	0.557951676562	1.275659489331	32	14	
54380000	474.286117	1	1.419811132632	0.000166149730	0.805387704966	0.762189957897	30	11	
54390000	484.427733	1	1.414823806163	0.000157187678	0.877209743220	0.911704498214	28	19	
54400000	477.819894	1	1.380371615101	0.000189646405	0.834183024517	1.154040472031	25	9	
54410000	491.141488	1	1.477459427627	0.000181227428	0.545184383097	0.947781191399	27	11	
54420000	477.993183	1	1.463111836689	0.000171850578	0.663414537228	0.714283895564	26	16	
54430000	477.613801	1	1.415513526503	0.000215966536	0.433183285816	0.702554944667	23	14	
54440000	485.143657	1	1.473164773929	0.000178696055	0.511019711401	0.880990404120	37	10	
54450000	476.518615	1	1.351569856443	0.000212843608	0.593510603628	0.631767729698	36	12	
54460000	470.159422	1	1.446277327657	0.000191435046	0.448947446701	1.004838024337	50	10	
54470000	483.163764	1	1.460889674663	0.000141264586	0.652476396180	1.276935188413	34	9	
54480000	468.966466	1	1.427535805181	0.000181173052	0.837004659399	1.248173353257	37	9	
54490000	485.246822	1	1.386141535878	0.000154517056	0.795045855821	0.994676962584	43	9	
54500000	476.925916	1	1.461725737800	0.000188952046	0.945587234598	1.486060327200	32	15	
54510000	481.384451	1	1.415527238196	0.000199210453	0.571815466856	0.834166365439	27	15	
54520000	462.440704	1	1.406185572582	0.000176462074	0.909818730409	1.006636967981	25	16	
54530000	465.045744	1	1.417706144895	0.000277199934	0.432137576286	0.576218887025	20	14	
54540000	486.748191	1	1.406118668653	0.000254324834	0.446913158087	0.806782219725	30	13	
54550000	479.985425	1	1.470643638129	0.000204376608	0.471823267401	0.756236978925	35	12	
54560000	477.751771	1	1.404450361979	0.000202710484	0.464343294503	0.815830158353	38	13	
54570000	474.645278	1	1.355625850317	0.000221937954	0.667107932368	0.628923986694	36	11	
54580000	465.276936	1	1.356278992318	0.000168168985	0.690318886764	1.342981860468	35	11	
54590000	476.983619	1	1.425072045799	0.000193286878	0.594857194752	0.773223867441	37	16	
54600000	479.939110	1	1.399753772605	0.000191490765	0.531381408527	0.695087724577	41	16	
54610000	482.922382	1	1.477171541884	0.000201972010	0.378171541977	0.908241602186	43	15	
54620000	480.055779	1	1.453784657251	0.000199106754	0.355784194893	1.281656685687	36	18	
54630000	475.664252	1	1.434754988971	0.000182065178	0.685413993667	0.937492096138	24	12	
54640000	460.292009	1	1.322980077278	0.000269545141	0.539324081318	0.610642689037	24	13	
54650000	465.279991	1	1.411585150608	0.000172785477	0.680604564136	1.182420192643	31	10	
54660000	472.393465	1	1.342776009516	0.000217421539	0.476845173374	0.933164883881	29	11	
54670000	472.004004	1	1.376247727117	0.000165280764	0.509519450048	1.379723124978	33	14	
54680000	470.596850	1	1.411659642449	0.000196912724	0.694686484416	0.883454715053	32	17	
54690000	467.475409	1	1.389222152378	0.000190753643	0.659033385548	0.912603692717	25	15	
54700000	485.614572	1	1.408412171875	0.000237694211	0.319740361093	0.512087989451	27	18	
54710000	501.858286	1	1.417105848174	0.000123753588	0.770246992545	1.173043829148	26	18	
54720000	486.442992	1	1.374687038285	0.000195336787	0.545100092655	0.792619116822	28	16	
54730000	493.507554	1	1.383636291315	0.000156154876	0.502026726759	0.943944446499	28	12	
54740000	480.778849	1	1.434337517829	0.000160054203	0.506790441557	1.045307227566	34	18	
54750000	472.019040	1	1.458943233214	0.000158303535	0.516531555837	1.548978981636	39	11	
54760000	476.623932	1	1.409993149389	0.000179666248	0.519329951090	0.942468357889	45	8	
54770000	463.682490	1	1.492932102164	0.000149308448	0.756378347832	1.309706299911	48	12	
54780000	473.947964	1	1.423446762063	0.000226003237	0.428632558365	0.820937364612	39	14	
54790000	471.990643	1	1.409407911566	0.000192721536	0.561835453848	0.812366008351	38	11	
54800000	469.103402	1	1.377571991165	0.000158005492	0.705722701838	1.243694501179	40	14	
54810000	468.082285	1	1.490321181028	0.000140829373	0.733565291294	1.232792060973	33	21	
54820000	477.517363	1	1.442656810980	0.000210231356	0.503997842517	0.797571892674	28	14	
54830000	468.845706	1	1.350002813341	0.000188873265	0.386695358606	0.674845085636	36	21	
54840000	460.382646	1	1.401960455959	0.000231924681	0.716282705633	0.668324602766	36	17	
54850000	474.760461	1	1.447407277258	0.000205808787	0.629636078796	0.787511610010	43	11	
54860000	472.915189	1	1.397948161099	0.000194802993	0.624767038795	1.004945591459	31	14	
54870000	464.629002	1	1.362784713598	0.000247266537	0.428690625815	0.714938862214	27	11	
54880000	464.885494	1	1.490496484139	0.000206255118	0.718554098335	1.043127921262	26	9	
54890000	462.863177	1	1.413963558158	0.000203315479	0.617235738944	0.903593888026	22	10	
54900000	465.293702	1	1.412420228729	0.000220042983	0.515971466234	0.965834075267	28	12	
54910000	464.626641	1	1.425967947019	0.000298399632	0.247426614973	0.539172695742	42	17	
54920000	475.152518	1	1.392167415317	0.000153755270	0.476578842485	1.028084644258	42	20	
54930000	475.723285	1	1.374487834802	0.000166128907	0.605908885339	1.459225348015	48	19	
54940000	470.654348	1	1.473773846957	0.000181468772	0.729719940091	0.699014316606	40	19	
54950000	475.024094	1	1.387786413419	0.000173322637	0.607405916961	0.962280543698	27	15	
54960000	474.618846	1	1.438813583898	0.000155578281	0.685298080610	1.009279067887	25	12	
54970000	501.652476	1	1.379643562092	0.000158049574	0.495516138563	0.809176635983	39	21	
54980000	487.885383	1	1.485806536155	0.000195073171	0.612204087076	0.544904913232	30	10	
54990000	485.785473	1	1.398566652430	0.000157946642	0.584051921039	0.728657659209	24	12	
55000000	488.070101	1	1.437535749134	0.000168432726	0.543774084112	0.952643630692	28	11	
55010000	482.516900	1	1.424413268957	0.000174701282	0.617222503387	0.925567833788	27	15	
55020000	476.621367	1	1.474273676521	0.000207999841	0.264962426080	0.621752698808	32	12	
55030000	464.534944	1	1.389465343124	0.000241920640	0.472956681532	0.755452905054	26	11	
55040000	476.157344	1	1.403364835009	0.000170642378	0.480198492201	1.100702883845	27	13	
55050000	473.624532	1	1.363710156481	0.000196109932	0.435018364033	0.732591005687	30	14	
55060000	467.303179	1	1.483320207005	0.000154235644	0.528034061027	1.190962982351	38	16	
55070000	481.923355	1	1.390515005996	0.000125992234	0.309757123919	0.842999300219	40	16	
55080000	470.083173	1	1.410424021227	0.000170717216	0.484977669299	1.186239108385	36	19	
55090000	471.374012	1	1.398681568766	0.000190124868	0.515990841485	0.737015180309	34	21	
55100000	476.665755	1	1.470865544917	0.000157614995	0.389800751036	1.016442496613	30	15	
55110000	470.032013	1	1.348151748167	0.000148627001	0.504043957767	1.168363497382	25	13	
55120000	472.555493	1	1.486115263648	0.000193817387	0.537050846842	0.622918993102	34	10	
55130000	468.997553	1	1.390881927057	0.000185022449	0.489076923653	0.726675041195	34	16	
55140000	476.337551	1	1.432147569966	0.000150091110	0.438365758951	0.792835301110	33	23	
55150000	475.845370	1	1.415630497189	0.000147467421	0.633026420596	0.887701838381	36	12	
55160000	474.738849	1	1.373670987792	0.000159774827	0.693403253004	1.029674833318	41	16	
55170000	483.663022	1	1.405588622717	0.000161033631	0.303500031989	0.739593361653	34	21	
55180000	479.421467	1	1.408804830569	0.000203617958	0.493811927177	0.628354187836	37	10	
55190000	487.347332	1	1.402711367492	0.000253599651	0.392359093830	0.471576877791	31	11	
55200000	488.437817	1	1.416514466662	0.000160289142	0.355113844365	1.043195422481	37	18	
55210000	481.139092	1	1.448456908996	0.000139226555	0.674865606778	1.260559966718	41	15	
55220000	484.252485	1	1.347571613848	0.000184061288	0.323920232160	0.826143435749	39	18	
55230000	483.618499	1	1.360341665318	0.000157423726	0.742990202221	1.294231196693	47	20	
55240000	477.076231	1	1.447618745257	0.000163230122	0.605919633766	1.007806281706	38	17	
55250000	470.022534	1	1.444851349901	0.000185364111	0.924589626523	1.024168926651	26	11	
55260000	472.553086	1	1.330947352423	0.000266175308	0.396770895164	0.749118041765	31	14	
55270000	485.625592	1	1.424100577560	0.000149111694	0.503451513250	0.769548942621	36	22	
55280000	480.811057	1	1.388974548943	0.000131919233	0.706681150652	1.107704500288	32	17	
55290000	488.675849	1	1.438783164478	0.000167124964	0.475599115157	0.821972752570	35	12	
55300000	485.846576	1	1.451865887736	0.000123158179	0.583727561172	1.260844162778	48	19	
55310000	482.656245	1	1.428633927455	0.000159997783	0.364364504286	0.762640459108	38	14	
55320000	484.014540	1	1.391713621116	0.000175816203	0.341032450824	0.654300549755	40	8	
55330000	485.828603	1	1.454265668830	0.000175120837	0.324898821260	1.060653108676	40	11	
55340000	475.496653	1	1.370427135776	0.000176682134	0.395098357601	0.788024264631	31	7	
55350000	479.979549	1	1.362919631093	0.000183574161	0.561907746107	1.039854859291	32	20	
55360000	477.551388	1	1.450801680684	0.000166473206	0.542204644080	0.639227276221	29	15	
55370000	473.268645	1	1.426693318288	0.000222841638	0.579960217115	0.878934373313	30	19	
55380000	484.554843	1	1.402691639908	0.000178787483	0.563900532301	1.028932799702	35	16	
55390000	470.077131	1	1.440613003205	0.000176150082	0.806246486705	0.885740463480	38	18	
55400000	483.358236	1	1.344379582613	0.000213455279	0.449436983070	0.926962631868	32	16	
55410000	475.171950	1	1.380162987264	0.000222601746	0.446506944155	0.967716076943	27	12	
55420000	476.971786	1	1.421175124457	0.000206347919	0.626546705288	0.593513000201	29	8	
55430000	474.946076	1	1.368648810231	0.000178334834	0.459550852067	1.043836967812	38	11	
55440000	482.688595	1	1.410776755067	0.000240489278	0.655798961139	0.579496160662	30	14	
55450000	479.066342	1	1.434125778291	0.000208447695	0.596475145008	0.816654708242	35	14	
55460000	470.794599	1	1.380304661879	0.000198639480	0.678779978418	0.877246179250	29	16	
55470000	478.144831	1	1.375650511215	0.000158714180	0.556158781524	1.294860121790	28	17	
55480000	486.905206	1	1.435925889792	0.000187076471	0.392410655334	0.625512392653	32	11	
55490000	481.628156	1	1.373904551135	0.000173394184	0.336612460290	0.812822226665	34	13	
55500000	479.922112	1	1.428400916712	0.000152745165	0.403265085231	0.728853809433	42	17	
55510000	478.625164	1	1.422915658472	0.000154621391	0.635886921372	0.909844588757	32	11	
55520000	487.398026	1	1.418720441477	0.000239634937	0.437277466337	0.642672434252	30	16	
55530000	485.808474	1	1.428524857501	0.000172055585	0.658262476146	1.001348935180	30	17	
55540000	472.889827	1	1.387002633626	0.000212326301	0.435091343152	1.019434598948	31	14	
55550000	469.741711	1	1.332111942904	0.000232341229	0.670563353239	1.008005985279	28	22	
55560000	460.626986	1	1.465678165598	0.000213330321	0.679595915198	0.863911018004	23	11	
55570000	477.946614	1	1.414679164850	0.000186570386	0.810275166390	0.888815955610	25	14	
55580000	476.306402	1	1.411450117626	0.000188302269	0.510386623973	0.622414284747	30	15	
55590000	479.537240	1	1.452962964907	0.000176712463	0.697192653035	0.938202208817	41	17	
55600000	463.678574	1	1.436365163648	0.000228499033	0.537023507972	0.556630568530	41	14	
55610000	478.925145	1	1.399974723138	0.000168838674	0.676820573838	0.674049534158	35	11	
55620000	479.915472	1	1.430592837495	0.000193687091	0.802404545686	0.671909201889	37	18	
55630000	476.758415	1	1.470317298700	0.000256685240	0.385583436607	0.860041029756	32	14	
55640000	473.883106	1	1.360824969556	0.000182684128	1.156875067529	1.493245964228	40	12	
55650000	485.647369	1	1.450191829900	0.000182374412	0.669115022326	0.954516717829	40	16	
55660000	483.656363	1	1.465358360531	0.000174519040	0.924245735528	0.896594524667	27	14	
55670000	462.762811	1	1.416458893800	0.000202596742	1.051297153287	0.807063054426	22	14	
55680000	466.652014	1	1.423372502010	0.000177288609	1.228904764920	0.803191710149	22	21	
55690000	476.002827	1	1.428241687940	0.000236555957	0.395515205122	0.578661024248	32	15	
55700000	490.871494	1	1.469590603888	0.000179963411	0.463653845196	0.635995678406	33	20	
55710000	491.777569	1	1.393144842766	0.000181223818	0.772518575243	0.535742872587	29	19	
55720000	477.177613	1	1.425143084024	0.000180420500	0.605190221378	0.686860121242	28	12	
55730000	497.534442	1	1.453537600912	0.000211719261	0.302256139323	0.578755707833	26	13	
55740000	481.671919	1	1.397423391401	0.000157101544	0.722170394942	1.041666395560	29	11	
55750000	479.936723	1	1.499303930049	0.000181889770	0.684046304194	0.755139077382	23	15	
55760000	475.114526	1	1.497057495522	0.000215253721	0.386841104118	0.538779859440	31	14	
55770000	476.014958	1	1.372025910869	0.000234043180	0.429986045010	0.926517488775	38	12	
55780000	485.281528	1	1.402598101858	0.000230329981	0.426336823783	0.804659811754	30	12	
55790000	471.652006	1	1.409261285308	0.000238354028	0.395390872576	0.769125976757	25	14	
55800000	471.627331	1	1.356539459863	0.000176504994	0.437690880936	1.039811724673	22	17	
55810000	481.507787	1	1.359003434747	0.000198757563	0.475549517613	0.972658268536	27	17	
55820000	478.849550	1	1.409833295985	0.000188191875	0.427976133817	0.727584940390	29	20	
55830000	469.508884	1	1.401584961911	0.000195496060	0.855279056773	0.744928991278	26	17	
55840000	475.112621	1	1.475760224547	0.000168886605	0.761850399660	0.996003149839	34	15	
55850000	475.620311	1	1.460851072475	0.000187459805	0.673559698156	0.806421611116	25	21	
55860000	479.908793	1	1.398680859393	0.000219352748	0.445878055737	0.594002353220	25	16	
55870000	448.305883	1	1.405727842167	0.000185707603	0.504200144311	0.714221941710	24	18	
55880000	472.563576	1	1.426286513891	0.000187427506	0.367734422075	1.249148780805	36	14	
55890000	464.912524	1	1.369162059938	0.000177915613	0.687084384474	1.137734930342	20	10	
55900000	476.529984	1	1.411278762953	0.000213842969	0.339378191379	0.688989600158	28	10	
55910000	472.657631	1	1.378828178568	0.000184167259	0.678853040325	1.229954745312	30	9	
55920000	480.503640	1	1.414441210832	0.000166307361	0.549989989598	0.780405181204	29	12	
55930000	473.075797	1	1.454726596797	0.000219693197	0.385507955747	0.899642679689	29	14	
55940000	474.193068	1	1.345784637821	0.000145485877	0.509291485053	1.104038577461	36	13	
55950000	478.979471	1	1.386919510210	0.000196865507	0.450978619706	1.027893713265	26	15	
55960000	473.810100	1	1.394038355925	0.000176560759	0.664849213352	1.114371391461	29	15	
55970000	466.960063	1	1.301390385222	0.000191709647	0.389511397227	0.902834959783	31	14	
55980000	463.079046	1	1.419975166565	0.000189168402	0.368182562747	0.982876938837	37	11	
55990000	463.295021	1	1.480176177285	0.000239542334	0.465693797041	1.054493480408	30	19	
56000000	478.525850	1	1.384281556680	0.000140720872	0.775367133999	1.548914525562	32	16	
56010000	479.159976	1	1.460588564558	0.000144194016	0.833551072832	0.940496492068	44	12	
56020000	459.336682	1	1.382367236567	0.000190394764	0.856888746059	1.043242948803	41	9	
56030000	477.801497	1	1.458577904959	0.000176363152	0.457735153547	0.835689164821	29	13	
56040000	477.276484	1	1.375436563557	0.000181511945	0.568519155775	1.224516258494	35	11	
56050000	475.990238	1	1.405005792562	0.000183079172	0.522272828331	1.012437903188	36	14	
56060000	487.787421	1	1.390810587678	0.000089813385	0.824138694899	0.956839783698	41	23	
56070000	471.347192	1	1.345961567679	0.000204369567	0.591932961246	0.726904006128	33	15	
56080000	482.001091	1	1.464357090802	0.000179481377	0.684489899738	1.106766661855	25	12	
56090000	466.203000	1	1.532343341602	0.000198776900	0.558250674773	0.990688213146	34	16	
56100000	482.152994	1	1.391936027586	0.000205162460	0.567347472655	1.330872097982	29	19	
56110000	468.405670	1	1.375107029181	0.000217742037	0.614567788190	0.651283205912	27	8	
56120000	459.175035	1	1.380935076655	0.000160003875	1.001815857456	1.239713705265	29	11	
56130000	481.850300	1	1.382603393880	0.000196052087	0.719261043063	0.480180861889	36	14	
56140000	485.228560	1	1.398467390730	0.000180691463	0.844526094094	0.699781577214	32	18	
56150000	482.947634	1	1.421241769906	0.000152813616	0.668712166840	0.699396531455	40	18	
56160000	474.041440	1	1.395229180327	0.000167957535	1.185740484065	0.891196221794	34	10	
56170000	484.709465	1	1.498494668612	0.000253109979	0.475429380410	0.626949230252	32	7	
56180000	483.012871	1	1.360248847855	0.000300853118	0.321927055655	0.392241010448	38	11	
56190000	485.745867	1	1.391052980940	0.000244189432	0.362711051784	0.563744538373	33	9	
56200000	486.390927	1	1.474846133095	0.000127325608	0.488206491285	1.088357646251	35	17	
56210000	482.335753	1	1.452650311119	0.000183887195	0.392816038500	0.646938157055	41	17	
56220000	475.443393	1	1.410430875990	0.000260269313	0.458794640812	0.682347317950	34	14	
56230000	477.042489	1	1.458528147302	0.000176162318	0.733369139547	1.318520468398	31	11	
56240000	485.529107	1	1.411888042377	0.000147983645	0.963203146896	0.814184369392	36	18	
56250000	476.068384	1	1.380294166356	0.000156845547	0.625305934014	0.999416218839	30	19	
56260000	467.135590	1	1.415436487691	0.000145578525	0.993582822324	1.280350603583	37	17	
56270000	489.704268	1	1.367900462282	0.000210969952	0.465183145165	0.614540687481	32	14	
56280000	478.420968	1	1.376600242828	0.000188485020	0.390884687280	0.914177941461	45	16	
56290000	490.394787	1	1.435599942916	0.000139395390	0.640721073281	0.716652626616	32	23	
56300000	471.758114	1	1.471723103044	0.000145239873	0.605497563193	1.024062498512	25	22	
56310000	475.226989	1	1.432815713736	0.000177245007	0.615334920006	0.907426437743	31	16	
56320000	474.626070	1	1.432745327503	0.000208845623	0.766183768436	0.667240320581	35	19	
56330000	483.155453	1	1.475111430556	0.000152976876	0.993717061689	1.328747868502	29	17	
56340000	485.061672	1	1.450955784955	0.000171248620	0.601141396442	0.688164486953	22	16	
56350000	478.333977	1	1.432534134294	0.000228546854	0.582680653868	0.651186812693	29	12	
56360000	488.523628	1	1.380104112794	0.000207188645	0.560669087465	0.603208978458	34	13	
56370000	469.375015	1	1.440063629017	0.000130914768	0.808251937011	1.378945152622	32	18	
56380000	474.298392	1	1.416190705694	0.000175854159	0.682243125439	0.923183894354	31	20	
56390000	484.136699	1	1.396965696228	0.000213500394	0.402570316411	0.807595347501	31	16	
56400000	471.960302	1	1.409374038695	0.000190684695	0.907115022087	0.749714316718	31	8	
56410000	474.506607	1	1.420164200004	0.000191330596	0.549949526438	1.195282389219	28	18	
56420000	468.989087	1	1.497432299305	0.000236038262	0.417992445397	0.458036152242	38	17	
56430000	491.347938	1	1.417342925213	0.000155924088	0.604021547896	0.920019616006	39	19	
56440000	476.344777	1	1.428371337919	0.000129849954	0.931564808549	1.466593816526	31	13	
56450000	485.434746	1	1.366047060555	0.000149422795	0.712688378424	1.086380905153	33	14	
56460000	480.391829	1	1.455920502405	0.000151581610	1.297428560727	1.060496306547	32	15	
56470000	466.179870	1	1.442415343188	0.000216241073	0.591197601563	0.751434160250	34	11	
56480000	481.521776	1	1.450806464303	0.000165766305	0.776915555430	0.578684440440	35	17	
56490000	484.494238	1	1.440378471264	0.000252094734	0.385865237046	0.528885515144	42	16	
56500000	487.036113	1	1.410086256340	0.000186831268	0.538566727204	0.764103315055	29	13	
56510000	481.747624	1	1.478908165398	0.000192077467	0.562384132699	0.917453673179	24	19	
56520000	482.356880	1	1.397293424650	0.000214164739	0.493779867596	0.669119486641	26	16	
56530000	472.354501	1	1.403665603603	0.000209481476	0.794816878096	0.765679390367	31	12	
56540000	478.562516	1	1.361754616522	0.000211016632	0.543847941966	0.494595871169	37	13	
56550000	471.031052	1	1.435323447162	0.000250107633	0.333834193022	0.649710617157	31	15	
56560000	478.770966	1	1.392765833270	0.000139740419	1.063469489227	1.140036219532	31	21	
56570000	477.479505	1	1.428769695584	0.000199862870	0.589988889284	0.626508804345	26	18	
56580000	482.426811	1	1.379387560280	0.000227004166	0.533082791140	0.528582427390	39	12	
56590000	481.794231	1	1.440794497076	0.000284727428	0.542266889263	0.445288472504	27	15	
56600000	474.775473	1	1.363078616709	0.000219675453	0.527951976471	0.756009732111	36	11	
56610000	467.939529	1	1.415119537036	0.000238304134	0.456156134568	0.515678766020	44	16	
56620000	478.243845	1	1.445764728749	0.000123304973	0.720076553651	1.212360239374	36	13	
56630000	479.890375	1	1.470535359207	0.000137457787	0.861387824296	1.831580979851	32	13	
56640000	484.043594	1	1.432991915239	0.000151776160	1.024985244733	0.936845136959	30	15	
56650000	488.797437	1	1.373963951143	0.000197551711	0.710756312315	0.873330715146	28	18	
56660000	463.930712	1	1.397737640729	0.000271510274	0.356709025799	0.631276814239	27	14	
56670000	484.061482	1	1.371755040189	0.000126971246	0.987547237424	1.112408036236	24	17	
56680000	477.422882	1	1.437530724794	0.000182915676	0.648370521351	0.961452619636	27	16	
56690000	469.124424	1	1.372454471302	0.000218494329	0.598806357198	1.012919033446	34	13	
56700000	479.357555	1	1.428842969933	0.000172596883	0.809529346612	1.117220845205	36	14	
56710000	478.120361	1	1.420594363293	0.000166095050	0.565039969044	0.832916073552	24	13	
56720000	484.066554	1	1.465981412677	0.000160073886	0.719435381440	1.003337195036	22	20	
56730000	470.876147	1	1.409262111952	0.000254999993	0.472883390080	0.732782850563	30	9	
56740000	480.188857	1	1.464998135108	0.000224683867	0.432392310196	0.541941362793	33	20	
56750000	485.897735	1	1.418915577697	0.000188880651	0.615353864244	0.610375489258	27	14	
56760000	468.913061	1	1.423872403680	0.000174698381	0.750342959170	0.755304161171	24	14	
56770000	482.194907	1	1.436275747514	0.000195489852	0.498124657357	0.711522261890	38	13	
56780000	468.383679	1	1.453604248402	0.000197734591	0.507004407541	0.969511292311	34	10	
56790000	481.975587	1	1.415452532973	0.000184648365	0.600852928998	0.947475072171	20	14	
56800000	466.050561	1	1.420272831483	0.000251076346	0.592218044190	0.760081642571	25	9	
56810000	483.293754	1	1.421691301700	0.000216882996	0.479921894833	0.819924301473	28	17	
56820000	456.219026	1	1.404739803728	0.000265675027	0.531004212501	0.890646240908	21	6	
56830000	457.126594	1	1.503344165729	0.000239546696	0.717193498305	0.533210779797	32	9	
56840000	489.248924	1	1.364472945844	0.000211983992	0.496537219511	0.682598209978	37	10	
56850000	478.976411	1	1.479448248944	0.000233486623	0.427344210339	0.484603677350	40	13	
56860000	480.520219	1	1.392450906112	0.000188535612	0.511722252024	0.800019472563	34	9	
56870000	467.773557	1	1.303713067606	0.000159229460	0.878429002601	1.011665751991	35	12	
56880000	469.430163	1	1.512881722337	0.000175337378	0.704593327426	0.830429116207	37	10	
56890000	475.508068	1	1.448590862098	0.000161837049	0.643384201350	0.884325830883	30	17	
56900000	481.160095	1	1.431233321941	0.000226124925	0.554555092196	0.553446972253	43	13	
56910000	486.563537	1	1.412767177901	0.000171816864	0.692709444035	1.069253137368	38	12	
56920000	491.293922	1	1.408426878342	0.000166966749	0.673198801703	0.833546408005	33	12	
56930000	473.487924	1	1.417834150704	0.000169257842	0.545692561744	0.687187362032	34	12	
56940000	482.341422	1	1.426728249446	0.000196162774	0.626925402736	0.617696771993	27	15	
56950000	481.385901	1	1.441821991753	0.000175031599	0.691259144153	0.725066220392	31	9	
56960000	479.967311	1	1.356590808868	0.000208925117	0.552410254266	0.810491168556	38	9	
56970000	470.941723	1	1.434396420813	0.000199417992	0.569211647675	0.881804700664	43	11	
56980000	472.286809	1	1.465689112019	0.000147499717	0.637177721057	0.838162365369	37	14	
56990000	477.473443	1	1.488305660242	0.000178443911	0.710857956339	1.490881626870	31	11	
57000000	472.469550	1	1.405849163158	0.000159427948	0.511812569682	1.453057162366	28	16	
57010000	476.995562	1	1.496612325897	0.000146044039	0.790656697826	1.230243247618	37	14	
57020000	492.860171	1	1.393561221248	0.000168091287	0.598764991906	1.035235218037	27	22	
57030000	481.083462	1	1.523901076696	0.000186352140	0.598783199118	0.793193567900	30	13	
57040000	477.863748	1	1.409269112165	0.000132866743	0.754461080641	1.272719238780	38	14	
57050000	474.279386	1	1.400847727839	0.000191125070	0.508010247825	0.721294071615	28	16	
57060000	469.556223	1	1.448205169135	0.000248713137	0.521723514125	0.805534757093	35	12	
57070000	484.344207	1	1.429871958124	0.000182283351	0.618148204762	0.842823729194	40	14	
57080000	486.796533	1	1.470561107378	0.000205047379	0.503373102424	0.620307140066	35	18	
57090000	484.407969	1	1.396331435893	0.000229027490	0.362242593087	0.705020229866	35	18	
57100000	471.222042	1	1.452349879284	0.000190131579	0.531744954125	0.673285031313	31	17	
57110000	487.244810	1	1.444549675222	0.000185875244	0.794094650016	0.742295070894	29	14	
57120000	479.396566	1	1.428064332739	0.000194308547	0.495731501372	0.879136944771	36	17	
57130000	479.660631	1	1.399384150404	0.000160140936	0.541265100923	1.170368016997	30	15	
57140000	461.971811	1	1.507559329908	0.000185942661	0.415970565335	0.772611441176	34	17	
57150000	487.181509	1	1.363613338223	0.000194363443	0.281063929058	0.740659133509	33	10	
57160000	484.961314	1	1.376067574214	0.000175786152	0.439700818906	0.831103148320	22	14	
57170000	486.235279	1	1.417489408084	0.000188846728	0.536993235175	0.767864066625	33	15	
57180000	481.959634	1	1.392703828608	0.000150366278	0.904163774695	0.869507147679	31	12	
57190000	487.933349	1	1.409515018410	0.000181315077	0.581852421536	0.766568211366	30	13	
57200000	472.910298	1	1.460484437756	0.000182696796	0.684334754195	0.992588649621	31	16	
57210000	481.452081	1	1.364770551502	0.000216683839	0.464394150327	0.622526472111	36	20	
57220000	484.875629	1	1.427956916090	0.000171506630	0.529820008721	0.810391050288	25	16	
57230000	488.735652	1	1.384045051481	0.000215512772	0.311513866118	0.442354111440	36	22	
57240000	474.485138	1	1.457233683235	0.000142350422	0.518464196154	1.048953607274	32	16	
57250000	490.042075	1	1.440128561929	0.000162891282	0.408660565986	0.972036484264	28	16	
57260000	471.650801	1	1.404598660468	0.000182090341	0.468709803662	0.882632337001	32	12	
57270000	476.579269	1	1.411723525621	0.000189112389	0.512802798131	1.182312520942	35	13	
57280000	484.894524	1	1.469168245634	0.000227567711	0.426930006291	0.850311617687	31	20	
57290000	490.206114	1	1.387931335577	0.000197861174	0.441213392280	0.557059857005	28	19	
57300000	475.817981	1	1.416989211002	0.000202722538	0.516461933762	0.822504943434	31	12	
57310000	481.247599	1	1.424914264861	0.000174441939	0.521574699209	0.924159537776	38	19	
57320000	481.283261	1	1.488357231656	0.000187799748	0.514158893288	0.888481745689	32	15	
57330000	471.647237	1	1.420317012181	0.000161358309	0.878312155898	1.010815174731	42	21	
57340000	479.178871	1	1.428476742940	0.000182230654	0.428985185397	1.252722236611	39	9	
57350000	489.194742	1	1.386134350518	0.000198327691	0.444461719145	0.561240220636	39	13	
57360000	488.368294	1	1.402789662266	0.000213745108	0.478785165137	0.705136788436	29	15	
57370000	470.188420	1	1.438285237761	0.000265726059	0.346087102052	0.482675542095	28	7	
57380000	478.803991	1	1.403787041753	0.000230311649	0.430746590237	0.469177017545	31	14	
57390000	472.098704	1	1.435438333162	0.000206499293	0.488768877708	0.860507909956	41	8	
57400000	478.522415	1	1.426864389297	0.000133705875	0.792050891362	1.087610976784	34	17	
57410000	470.529834	1	1.440813971293	0.000222079210	0.337005437183	0.775484782899	31	5	
57420000	469.893145	1	1.364516879924	0.000215735090	0.515302308263	0.864741038144	25	11	
57430000	475.418410	1	1.436273297655	0.000153085063	0.739025569458	1.170676871066	29	14	
57440000	484.368849	1	1.459066248311	0.000196675762	0.594538908042	1.115525462494	25	9	
57450000	486.397944	1	1.420713729395	0.000196068536	0.448648755689	0.931001836383	39	11	
57460000	470.691996	1	1.447898813491	0.000216754395	0.862280868284	1.331024392888	21	10	
57470000	467.291742	1	1.509842406172	0.000180039102	0.618591071193	1.300745347032	31	19	
57480000	477.434412	1	1.313188192675	0.000232980485	0.576360194166	0.736507562614	32	15	
57490000	470.452989	1	1.399094789625	0.000248426868	0.449388524493	0.973575270558	28	16	
57500000	481.348995	1	1.471361692058	0.000167292565	0.807711437089	0.962884786763	42	13	
57510000	487.489627	1	1.444585689297	0.000148364836	0.829700663108	1.052353259972	38	15	
57520000	477.301689	1	1.452621257201	0.000206415859	0.761280207645	0.800966766956	31	19	
57530000	490.804429	1	1.356568015179	0.000172676560	0.505443880316	1.154033877565	29	12	
57540000	488.960995	1	1.447108252749	0.000180265103	0.775789656189	0.719525896414	33	11	
57550000	474.143482	1	1.458973862346	0.000159097202	0.725238648842	0.962674606578	34	14	
57560000	468.623987	1	1.463486018559	0.000244102896	0.489661473025	0.753659547371	33	7	
57570000	483.167994	1	1.417869978505	0.000209710606	0.596251179926	0.874764195736	33	13	
57580000	485.461807	1	1.412077392092	0.000251414960	0.462665330365	0.547980511055	33	11	
57590000	494.027418	1	1.407995154308	0.000171640984	0.852719470776	0.672383793938	38	13	
57600000	494.086136	1	1.427233471754	0.000122108663	0.829070296562	0.786743734666	40	21	
57610000	481.082359	1	1.374883836787	0.000223465666	0.598240617380	0.738830247573	32	14	
57620000	477.665315	1	1.489786701704	0.000162979900	0.767189452904	0.903095489979	25	16	
57630000	471.874742	1	1.435491344903	0.000238859440	0.617906701404	0.761847322407	32	7	
57640000	481.233509	1	1.353540543162	0.000183530708	0.743078184666	0.599532357132	31	13	
57650000	486.031727	1	1.455081258233	0.000175420107	0.630916811602	0.753286562255	35	14	
57660000	476.896418	1	1.373156925314	0.000151463046	1.122297350508	0.941446123683	34	16	
57670000	472.816324	1	1.382883162757	0.000189531026	0.711842200360	1.175339726027	25	11	
57680000	464.828949	1	1.412192459473	0.000262602612	0.520148578875	0.908742310495	26	9	
57690000	472.215773	1	1.381600879388	0.000263943120	0.387056056760	0.661826558645	39	10	
57700000	472.510957	1	1.435535525086	0.000262851475	0.534697486017	0.430305375702	30	12	
57710000	470.780864	1	1.410816539508	0.000175164253	0.723872458868	1.240281698045	25	15	
57720000	479.048913	1	1.425340385485	0.000217919017	0.734888385182	0.732090310680	24	14	
57730000	482.802296	1	1.458898418665	0.000192320676	0.432172665467	0.768553370363	26	12	
57740000	471.361320	1	1.400824362270	0.000209836977	0.500416936844	0.731130628198	25	12	
57750000	478.791518	1	1.452024313052	0.000184241942	0.528371534251	0.880812961176	32	12	
57760000	470.556072	1	1.449240141267	0.000146253225	0.847565313142	1.151901421515	24	15	
57770000	473.985526	1	1.445526987545	0.000147201973	0.790323989549	1.203367833195	22	17	
57780000	482.273545	1	1.448090818258	0.000183519480	0.546034966986	0.973729200945	35	11	
57790000	480.281064	1	1.383566212295	0.000174717088	0.595368133413	0.938820010796	38	10	
57800000	477.499004	1	1.441172325264	0.000149256816	0.832196845720	1.391032097450	33	7	
57810000	483.338514	1	1.412891466174	0.000179029494	0.599076033979	0.882283184755	36	13	
57820000	475.252984	1	1.407317351948	0.000159789200	0.795328106112	1.667081976679	27	10	
57830000	465.877105	1	1.424661377717	0.000196193568	0.678713509494	0.955676657162	31	17	
57840000	488.309080	1	1.419974377265	0.000228973388	0.441449609064	0.503480301150	31	17	
57850000	480.307893	1	1.367830334492	0.000199493762	0.556928977184	0.904099728234	32	17	
57860000	471.759874	1	1.400985535810	0.000197107892	0.711201955530	1.080913945022	20	16	
57870000	481.473732	1	1.431361485874	0.000235182323	0.506732489124	0.740982438592	27	21	
57880000	485.788095	1	1.447417831644	0.000192903068	0.574951900838	0.616941506519	37	15	
57890000	468.413052	1	1.394870043737	0.000158020873	0.518200012842	1.053136021313	27	19	
57900000	487.596939	1	1.423810331975	0.000191945714	0.511276228331	1.100489730162	36	12	
57910000	470.411970	1	1.422159318064	0.000207296750	0.607182264481	0.910200858704	32	8	
57920000	477.493508	1	1.404277384424	0.000212487123	0.529263157379	0.692007026853	36	15	
57930000	474.765820	1	1.366170846131	0.000156534804	0.635873013873	0.799690923711	37	14	
57940000	492.311175	1	1.403935316819	0.000177790353	0.780458091285	0.663584433611	35	12	
57950000	481.652730	1	1.422251998855	0.000202448140	0.548119641060	0.883575747819	29	12	
57960000	482.794704	1	1.435803267719	0.000190376821	0.448557070790	0.813982837946	40	13	
57970000	469.539614	1	1.375869960186	0.000215269132	0.472370627139	0.528625909511	33	17	
57980000	475.850367	1	1.408903524833	0.000197393190	0.474354357983	0.712478960739	26	17	
57990000	477.009540	1	1.384029015689	0.000180737400	0.366705403289	0.893381360889	28	16	
58000000	461.747119	1	1.412927727949	0.000239733172	0.403882685763	0.757258378253	23	11	
58010000	475.299672	1	1.381590655557	0.000163613848	0.442041251979	1.180626649835	28	11	
58020000	491.065399	1	1.445062982211	0.000168357390	0.456475298309	0.677525384633	38	14	
58030000	484.600313	1	1.458807690931	0.000155325240	0.573076902799	0.597280477655	31	18	
58040000	482.720933	1	1.417073397487	0.000139495653	0.664507824911	1.121423112960	39	22	
58050000	477.520808	1	1.387906827169	0.000176385081	0.549807263618	0.937472639349	31	13	
58060000	488.128326	1	1.352139481560	0.000143392018	0.930117070519	1.457958771224	34	13	
58070000	495.775765	1	1.408191768370	0.000143778833	0.615586727730	1.080268262585	35	19	
58080000	476.029162	1	1.486695226439	0.000155198206	0.772509476558	1.740810851998	34	15	
58090000	471.650338	1	1.460475423610	0.000226757120	0.666488336862	0.868342678942	34	11	
58100000	478.837467	1	1.531219000968	0.000176226457	0.533127308558	0.957092524949	30	21	
58110000	477.211325	1	1.424020838772	0.000155819267	0.586206767344	1.088201777939	45	17	
58120000	478.818382	1	1.439940888566	0.000162964094	0.870047449715	0.943385469713	37	10	
58130000	477.528349	1	1.426787328992	0.000219816772	0.449836540380	0.895176639449	26	12	
58140000	475.398073	1	1.417827903472	0.000216292821	0.569211021420	0.839215082980	35	14	
58150000	485.322212	1	1.336161937658	0.000168068467	0.677261297945	0.960513609054	34	18	
58160000	478.029500	1	1.457564922569	0.000229419057	0.533069861596	0.803046869331	29	18	
58170000	477.678353	1	1.384388817363	0.000182059549	0.799923085806	1.354053504674	29	19	
58180000	478.096856	1	1.372609076475	0.000299386424	0.293585859378	0.577342062059	25	10	
58190000	473.566383	1	1.406183450872	0.000158875009	0.731761048767	1.067497531332	27	15	
58200000	485.127366	1	1.436563980960	0.000183543811	0.557241851054	0.994699427858	36	16	
58210000	479.662783	1	1.376715762424	0.000143540050	0.838622833817	1.254591319285	31	16	
58220000	474.372875	1	1.378747719173	0.000199648406	0.563847878702	0.741588321664	34	16	
58230000	493.026272	1	1.431136651522	0.000195489088	0.648814221594	0.954890452885	36	14	
58240000	487.935971	1	1.393816355364	0.000189609077	0.621682302949	0.582078439591	45	13	
58250000	492.852216	1	1.451314733363	0.000172735587	0.799787094259	0.756873200322	37	11	
58260000	480.523638	1	1.406809913455	0.000189445480	0.550634994346	0.567730142543	37	16	
58270000	466.041226	1	1.395946752721	0.000144815225	0.594132849431	0.851657211486	32	16	
58280000	467.522592	1	1.406821443635	0.000098432036	1.109148855520	1.175636305272	37	17	
58290000	482.055240	1	1.405254355826	0.000152358078	0.550728744366	1.261076093302	28	19	
58300000	492.558924	1	1.390484076357	0.000134608839	0.619164252711	0.879725980899	34	19	
58310000	480.265702	1	1.398263793225	0.000198837792	0.511690040970	0.850905261551	32	11	
58320000	472.715842	1	1.480548615736	0.000145831721	0.854382827807	1.048865471509	25	13	
58330000	477.231700	1	1.398813341796	0.000182822052	0.391917677909	0.565022749770	36	17	
58340000	481.567737	1	1.486728360207	0.000110573856	0.563028606230	1.130352491443	51	13	
58350000	482.092985	1	1.407392552503	0.000161119363	0.407495072385	0.640660701801	36	14	
58360000	482.789082	1	1.400802134297	0.000138233103	0.406282114441	0.804064676345	36	17	
58370000	483.105468	1	1.396159729494	0.000204097557	0.306114027868	0.714966842202	33	13	
58380000	483.661866	1	1.391647501935	0.000170481323	0.586523378017	1.075274585181	34	13	
58390000	478.620239	1	1.401459996066	0.000138146913	0.811515665527	1.425009661369	43	17	
58400000	466.384466	1	1.421153577112	0.000169764851	0.736595466211	0.978735374344	25	14	
58410000	489.644518	1	1.430413789512	0.000134930955	0.751684191254	1.300143957332	35	13	
58420000	472.214059	1	1.399941125540	0.000200430296	0.457376155328	0.780138590694	46	19	
58430000	475.703453	1	1.445240497065	0.000216063556	0.545796494789	0.813480183394	34	14	
58440000	476.125491	1	1.473338888061	0.000188747251	1.100149002792	0.884455017542	30	7	
58450000	479.870892	1	1.387540772869	0.000142450837	0.743170551559	0.953403110737	38	16	
58460000	465.324324	1	1.403258525455	0.000148873127	0.828847716670	1.809154702172	33	24	
58470000	479.171721	1	1.460059339533	0.000176138682	0.716913072866	0.845871794383	31	15	
58480000	487.380727	1	1.374128296474	0.000184062564	0.541815146037	0.824368939307	28	14	
58490000	474.457173	1	1.391327903519	0.000170180632	0.531851671979	1.177598382078	30	18	
58500000	491.144459	1	1.417738103926	0.000130741160	0.627875543475	1.373879664334	39	15	
58510000	482.088281	1	1.450637279750	0.000180763232	0.344372568885	0.674648309260	24	15	
58520000	485.480068	1	1.490757071691	0.000236661756	0.335203623860	0.522663609681	33	17	
58530000	491.746622	1	1.433967773574	0.000156572262	0.361636253660	0.833664830360	23	11	
58540000	464.097799	1	1.439395250185	0.000213826527	0.448427243733	0.819487201519	26	21	
58550000	473.779002	1	1.386019727019	0.000169086966	0.613461032305	1.011337680423	30	18	
58560000	476.785245	1	1.407381926555	0.000197625462	0.611690247893	0.924352431052	26	16	
58570000	484.095324	1	1.370560884203	0.000205302708	0.390183357769	0.547645468790	41	14	
58580000	486.589232	1	1.391234073690	0.000161699114	0.549269308147	1.085133639823	33	12	
58590000	475.159040	1	1.455643837562	0.000162047405	0.791675220101	0.794417151663	37	12	
58600000	480.012213	1	1.401361284271	0.000182993290	0.458946342746	0.584603353870	35	21	
58610000	470.950817	1	1.396280903964	0.000174474729	0.461034752927	0.719258856169	35	19	
58620000	470.425622	1	1.429688410213	0.000160768264	0.449287161295	0.805160649454	26	17	
58630000	484.979634	1	1.444273158681	0.000141658072	0.753271480892	0.624741160574	22	18	
58640000	477.672129	1	1.405824741587	0.000214846250	0.474365066377	0.590184551597	26	16	
58650000	479.491333	1	1.383491172258	0.000172133987	0.617557303980	1.173922709531	23	15	
58660000	477.213308	1	1.391306838904	0.000177677610	0.845924826654	1.373694840645	31	14	
58670000	471.667453	1	1.312932534968	0.000259380075	0.427057597326	0.990151884528	21	14	
58680000	473.774688	1	1.372666830357	0.000170683248	0.846409695663	0.811454512151	30	18	
58690000	467.125751	1	1.405208599860	0.000197013494	0.653635422012	0.777351600702	33	17	
58700000	476.356781	1	1.400419601881	0.000166720578	0.855556932348	1.161976966578	35	12	
58710000	480.001623	1	1.422880857034	0.000167495951	0.864975490408	1.409626149035	26	8	
58720000	478.336502	1	1.481879728081	0.000254425128	0.515612778543	0.700394190223	24	11	
58730000	483.984711	1	1.352670495936	0.000158381701	0.946548799951	0.964495642097	33	11	
58740000	477.819860	1	1.514449425644	0.000130808852	0.848034592675	1.378957677589	29	20	
58750000	476.068645	1	1.371088795048	0.000135830609	0.520341028656	1.039588400713	18	15	
58760000	473.900765	1	1.424733773098	0.000172913399	0.811570878558	0.936185368861	25	14	
58770000	484.307733	1	1.366252116655	0.000161936191	0.743622441755	1.296481952040	28	7	
58780000	464.389795	1	1.456805625456	0.000206462262	1.196105360722	0.913649549280	31	10	
58790000	466.537923	1	1.375505692785	0.000170769280	0.881997270566	1.016454511970	47	11	
58800000	465.293082	1	1.357364706475	0.000168610803	0.701698170432	0.975623234587	25	23	
58810000	475.910026	1	1.381332638581	0.000160913067	0.645768211793	0.897658124662	30	20	
58820000	477.054719	1	1.417299637652	0.000201544820	0.381411759053	0.594693535680	28	16	
58830000	475.899760	1	1.454357966349	0.000155440817	0.547087965544	0.978114002875	29	19	
58840000	489.982347	1	1.441537965388	0.000203718990	0.602584193876	0.800651850498	21	15	
58850000	478.001724	1	1.415201801142	0.000148707951	0.644653378746	1.079170959709	39	13	
58860000	474.145597	1	1.399133131260	0.000143638882	0.896743633123	1.187270374377	39	12	
58870000	473.787039	1	1.423088677433	0.000208269342	0.525590757855	0.889760761932	28	19	
58880000	481.580125	1	1.420253480018	0.000226686610	0.493660095683	0.770729353413	24	14	
58890000	492.068390	1	1.439605087477	0.000174361943	0.521763106989	0.635362833608	26	17	
58900000	496.433450	1	1.399813244378	0.000168940694	0.617803305404	1.130700282685	32	12	
58910000	480.868019	1	1.467374153179	0.000235323002	0.361181989331	0.557948646306	25	17	
58920000	478.449344	1	1.435518182169	0.000154196065	0.958410289446	1.178335771094	33	17	
58930000	472.364140	1	1.430904118238	0.000194604049	0.648679726667	1.219709199287	27	14	
58940000	475.015164	1	1.514052734678	0.000210242633	0.392191255999	0.786098479970	33	13	
58950000	474.214152	1	1.431189054407	0.000194671206	0.631049694414	0.895797368869	26	14	
58960000	479.337610	1	1.456410062857	0.000197362777	0.741467604585	1.104523580220	37	18	
58970000	477.495175	1	1.382402672663	0.000175567396	0.659688774690	1.044382461507	30	11	
58980000	468.793947	1	1.418637578985	0.000225838834	0.429694529775	1.164232316231	29	9	
58990000	488.514095	1	1.433055777793	0.000164020587	0.801052470324	0.934299719848	38	16	
59000000	501.363799	1	1.388097430542	0.000146933949	0.851235957304	0.898370549204	46	15	
59010000	476.684216	1	1.406777854447	0.000184411697	0.514977505615	0.922685614716	36	18	
59020000	479.022245	1	1.404267742022	0.000165746544	0.481609903338	0.865623664947	35	19	
59030000	476.786303	1	1.371027326978	0.000204142395	0.519372659694	1.206520122695	30	23	
59040000	483.205933	1	1.433358506617	0.000140330379	0.855693297520	1.031650661710	42	11	
59050000	473.370295	1	1.446888989370	0.000220416049	0.330873666349	0.666814256449	34	15	
59060000	475.482093	1	1.425570384778	0.000169000797	0.475409630331	0.986425358272	40	11	
59070000	468.735726	1	1.421187872431	0.000200146228	0.691954627284	0.749286576512	38	12	
59080000	474.403766	1	1.414155748973	0.000171437206	0.813032688530	1.180561366167	19	17	
59090000	479.272034	1	1.403751165356	0.000207024441	0.491357921675	0.817312897866	33	11	
59100000	469.578307	1	1.336092592665	0.000258412111	0.471596932823	0.983626954012	25	8	
59110000	459.787843	1	1.567547224072	0.000184659295	0.646459379849	0.970501110368	34	11	
59120000	472.454781	1	1.432959559200	0.000174755575	1.076833102049	0.864589454531	36	17	
59130000	482.316014	1	1.510384230559	0.000175348596	0.839826769158	0.729757016285	31	16	
59140000	476.127865	1	1.484299044439	0.000149769209	0.899691563089	1.182904256949	46	14	
59150000	456.878221	1	1.443847390714	0.000303180922	0.300676594347	0.665880549312	29	15	
59160000	474.329933	1	1.432231344445	0.000190943591	0.634657921529	0.827687911405	43	16	
59170000	478.940471	1	1.401618669393	0.000201985399	0.629495438085	1.007140788285	32	11	
59180000	486.650101	1	1.402314422487	0.000166582774	0.825083540136	0.965235411988	36	13	
59190000	487.065249	1	1.454866816798	0.000170989905	0.865749451106	1.016653591466	37	13	
59200000	467.101467	1	1.435331844620	0.000188575943	0.918311676914	0.823816803378	26	17	
59210000	471.988435	1	1.436242351725	0.000172341246	0.688846067538	1.174459727711	30	9	
59220000	468.066715	1	1.377623357024	0.000219090142	0.658247386133	0.762214379560	35	13	
59230000	480.851093	1	1.439721492957	0.000164816027	0.468206761232	1.081481361125	32	11	
59240000	475.468864	1	1.466907097328	0.000230930153	0.434435627776	0.629715284740	37	13	
59250000	484.569185	1	1.403385371567	0.000133631504	0.472548252595	1.064100101633	33	17	
59260000	484.975664	1	1.437232753846	0.000174351490	0.369673795779	0.621819092026	29	12	
59270000	479.221066	1	1.478301255034	0.000239806634	0.446377552104	0.417890037237	43	10	
59280000	478.448661	1	1.390292043693	0.000190950323	0.517967685611	0.877309903049	35	20	
59290000	468.319058	1	1.429877657900	0.000204746507	0.976710257432	0.735938322234	33	12	
59300000	469.162266	1	1.421891549112	0.000241174119	0.584889558952	0.455208628343	33	16	
59310000	474.978005	1	1.407255957331	0.000238214549	0.533939318089	0.776517791620	28	11	
59320000	467.850624	1	1.411950710374	0.000172434238	0.677680094956	0.994389912382	39	11	
59330000	464.508428	1	1.437765138163	0.000186720536	0.454168420106	1.096185912211	42	13	
59340000	482.435783	1	1.412515296569	0.000163939728	0.515796614869	0.870577718353	39	12	
59350000	485.208162	1	1.423383714078	0.000152913862	0.587727910990	0.880823548631	29	19	
59360000	468.943197	1	1.341352906570	0.000206582732	0.649365203411	0.793186747525	36	10	
59370000	479.284000	1	1.452024783752	0.000188427708	0.459202933279	0.837704573737	34	14	
59380000	469.093096	1	1.404493675162	0.000189768778	0.777018582683	1.042510458439	23	9	
59390000	473.707212	1	1.423023761812	0.000201439487	0.454200902919	0.941929376882	32	16	
59400000	486.952621	1	1.440989784770	0.000179104820	0.446117232370	0.639365908192	35	13	
59410000	477.824154	1	1.390316797653	0.000164585196	0.664498037313	1.043601687897	31	15	
59420000	465.078707	1	1.391153574403	0.000150718411	0.389357116582	0.915085432660	28	24	
59430000	478.059643	1	1.440806089847	0.000124659237	0.719909891257	1.629286527206	35	19	
59440000	472.766001	1	1.402125973116	0.000193430131	0.736183330938	0.985372717084	26	17	
59450000	477.450490	1	1.389279424264	0.000164472612	0.788075935094	1.152330702614	32	17	
59460000	479.843615	1	1.491585504646	0.000177771201	0.811276140580	0.827757271039	40	14	
59470000	485.855930	1	1.495152604855	0.000181646731	0.693594871010	0.994566920816	32	16	
59480000	467.015358	1	1.398889280658	0.000207013713	0.769979520216	1.280884731100	25	10	
59490000	477.650671	1	1.428194450796	0.000186144624	0.625604338376	1.252865737730	32	10	
59500000	474.792233	1	1.416432148319	0.000178954007	0.625942204689	1.043023073206	35	16	
59510000	474.625937	1	1.409979022289	0.000179660125	0.974989625504	0.914024789152	33	22	
59520000	462.396659	1	1.460778346157	0.000194999678	0.574643574174	1.243402908571	34	18	
59530000	480.943294	1	1.482361038169	0.000206371954	0.634745867786	1.011218667435	27	19	
59540000	473.106601	1	1.456749613784	0.000201906855	0.582386033848	0.603021532848	25	18	
59550000	488.214336	1	1.491818594959	0.000131445579	1.012487014371	1.826618442523	29	16	
59560000	469.910691	1	1.351224457116	0.000162372762	0.548912264595	1.158486264739	27	11	
59570000	483.086100	1	1.357421560637	0.000177264694	0.568426008470	0.991828543362	38	13	
59580000	480.742077	1	1.354633861035	0.000244798658	0.473960086453	0.565026542775	37	12	
59590000	474.504187	1	1.408092953452	0.000228665037	0.452287320748	0.535030467301	26	14	
59600000	468.351855	1	1.455208054199	0.000168723124	0.717433004111	1.538958544713	21	11	
59610000	462.454116	1	1.361429941410	0.000196068918	0.565976317529	0.697776204991	30	16	
59620000	489.195108	1	1.451135227153	0.000192435025	0.417008639506	0.587439546971	40	18	
59630000	471.775557	1	1.495112782061	0.000247590989	0.443181473084	0.668059718144	41	13	
59640000	474.214296	1	1.440832223998	0.000204939435	0.628922167609	0.885803273182	21	17	
59650000	476.945694	1	1.404889719696	0.000190292024	0.610895635799	0.983765359725	28	8	
59660000	478.229956	1	1.369219961121	0.000221530311	0.410096834307	0.592146799139	44	15	
59670000	479.165784	1	1.453817084338	0.000187453894	0.573538732352	0.901490845748	28	13	
59680000	477.206704	1	1.391847269259	0.000164312814	0.758787169122	0.843792027696	34	18	
59690000	479.879266	1	1.445194833434	0.000188001934	0.472535999719	0.813293594399	37	18	
59700000	474.414629	1	1.460581366298	0.000192650710	0.513847816777	0.669802502600	30	13	
59710000	476.202194	1	1.397141143329	0.000177885003	0.668920183241	0.918688276130	30	11	
59720000	480.249088	1	1.439499735544	0.000185056583	0.615648110792	0.999315847848	34	11	
59730000	473.703989	1	1.353539309573	0.000218647447	0.581759450334	0.611363817996	30	19	
59740000	482.422222	1	1.445317433589	0.000207888718	0.467348838458	0.535387263476	37	9	
59750000	478.073118	1	1.478508646765	0.000178958096	0.515018736394	1.113175281114	28	16	
59760000	469.133726	1	1.353476836958	0.000197120391	0.551201121871	0.858650710741	24	10	
59770000	481.593098	1	1.444577680612	0.000190429282	0.743779126715	1.029170023970	26	10	
59780000	479.081000	1	1.387230938831	0.000157003584	0.789027270285	1.154380412710	34	14	
59790000	475.220461	1	1.403095027831	0.000258273021	0.543236250001	0.869579975060	28	12	
59800000	468.250349	1	1.397810250967	0.000208667230	0.316755726860	0.573011824252	24	21	
59810000	462.744783	1	1.464368053690	0.000201516723	1.046450790386	0.783779931852	31	10	
59820000	467.697940	1	1.352428716658	0.000198143063	0.404230185636	1.057011265581	36	19	
59830000	480.646094	1	1.436636632863	0.000183697529	0.714705465940	0.914218209902	37	9	
59840000	474.552679	1	1.429307377120	0.000236619210	0.515667330181	0.796646265820	37	11	
59850000	472.033649	1	1.435763855743	0.000220890805	0.606596031769	0.904989217438	37	15	
59860000	471.087598	1	1.414223731331	0.000219230468	0.579048578020	0.920695492956	36	8	
59870000	484.332433	1	1.366459608585	0.000155530689	0.713897545915	1.340518617838	33	13	
59880000	469.564722	1	1.416816373865	0.000176009369	0.415643152302	0.725082812183	27	10	
59890000	475.489164	1	1.409743608450	0.000196552820	0.604700414271	0.818350266016	39	16	
59900000	480.517522	1	1.445186648801	0.000140479274	0.757478969591	1.038393073078	21	21	
59910000	475.796021	1	1.390006387158	0.000238483260	0.611290666959	0.677972767967	29	12	
59920000	480.570353	1	1.449875670019	0.000198805549	0.614439886892	0.736254854387	34	9	
59930000	488.098692	1	1.431196358126	0.000166057637	0.696305837942	0.844995982287	31	14	
59940000	483.220997	1	1.344247997276	0.000246639734	0.442906131722	0.652419746611	30	10	
59950000	470.308181	1	1.400763934686	0.000158864704	0.704073131121	1.587912574892	30	12	
59960000	469.351652	1	1.439711208935	0.000144974170	0.465157116158	0.939752124771	36	20	
59970000	465.199177	1	1.432240393360	0.000198018447	0.407331902208	0.852620802558	43	12	
59980000	489.340217	1	1.399703850469	0.000207019114	0.503469939781	0.535168252284	31	17	
59990000	495.187415	1	1.392372490912	0.000159410068	0.590580744920	1.035730433860	37	14	
60000000	470.817653	1	1.407766547524	0.000239488118	0.593810929131	0.718267376933	29	16	
60010000	479.814589	1	1.418713617615	0.000207140322	0.403903840804	0.529279749755	34	17	
60020000	474.816657	1	1.449903747527	0.000192510394	0.571705371921	0.819244964552	22	10	
60030000	483.256531	1	1.428142948192	0.000198636182	0.674690038701	0.580379056431	31	19	
60040000	464.922125	1	1.428057775338	0.000206225980	0.608891891977	0.945334011502	26	14	
60050000	478.016244	1	1.425653883262	0.000164813521	0.739034834239	1.021714829543	35	15	
60060000	487.331672	1	1.431587920937	0.000139620020	0.733672015339	1.175070256641	33	20	
60070000	473.410382	1	1.442101117490	0.000231353409	0.538176823671	0.867491634162	28	15	
60080000	464.210078	1	1.510810775636	0.000281369830	0.349693805258	0.627152509451	36	13	
60090000	466.513757	1	1.355830569970	0.000214916710	0.898396273211	0.773849061919	40	14	
60100000	478.437226	1	1.444316275118	0.000202144923	0.615949595932	0.661499991207	32	16	
60110000	471.051009	1	1.372796296207	0.000212570954	0.774836303290	0.816137776282	29	15	
60120000	471.777787	1	1.349501624649	0.000200776674	0.787632152762	1.299999253296	31	13	
60130000	480.209842	1	1.438519030614	0.000155256699	0.666559325106	1.083927796884	30	11	
60140000	483.154323	1	1.325315297189	0.000222592437	0.470626729183	0.772540267510	37	20	
60150000	477.406662	1	1.450279288434	0.000168345905	0.816764256374	1.222364786577	41	13	
60160000	463.028140	1	1.430077182922	0.000258304539	0.430362369702	0.953344420254	29	13	
60170000	489.817250	1	1.402783902278	0.000161635470	0.380143792551	0.777451538187	32	17	
60180000	475.698613	1	1.399262364244	0.000169017671	0.421366211447	1.186017155696	33	22	
60190000	479.461285	1	1.463657477731	0.000200415580	0.378565116166	0.890677562386	25	17	
60200000	472.980661	1	1.414273804226	0.000175999589	0.476057379255	0.978539285282	25	13	
60210000	494.450939	1	1.352837271969	0.000196321394	0.325493373126	0.569573636574	35	12	
60220000	475.868805	1	1.411831685465	0.000144164734	0.507627958266	0.611975221952	32	19	
60230000	466.542366	1	1.414161230323	0.000117647025	0.741931184061	1.045818992324	27	11	
60240000	469.149191	1	1.368061037860	0.000194657067	0.364584803702	0.883582163942	30	12	
60250000	480.826434	1	1.498669889303	0.000149053913	0.469358018067	1.424512524768	33	9	
60260000	468.540630	1	1.408879970470	0.000190536959	0.704326257677	1.012515119945	31	13	
60270000	483.942825	1	1.450683177421	0.000182187203	0.602392309924	0.831942232330	45	13	
60280000	483.200728	1	1.409037166701	0.000138543224	0.687127533132	1.022722871440	31	14	
60290000	468.856621	1	1.311884423548	0.000213517080	0.601645383187	0.697829450449	42	12	
60300000	473.118023	1	1.381404426227	0.000199169288	0.667746020793	0.466336998437	34	16	
60310000	480.951868	1	1.419715295646	0.000269412945	0.530263373719	1.015868780495	28	11	
60320000	487.446403	1	1.408800893210	0.000200671968	0.731601601165	0.904724315007	25	9	
60330000	448.631273	1	1.355520641472	0.000212676314	0.677268130806	1.226037541739	28	9	
60340000	469.982340	1	1.370100920236	0.000184515147	0.489082665347	0.685359090113	37	15	
60350000	480.522652	1	1.420225879833	0.000230015923	0.506764851398	0.692508803332	33	15	
60360000	484.823434	1	1.419215450689	0.000159318836	0.944934982041	0.908060658322	25	15	
60370000	467.115177	1	1.384949833348	0.000304058684	0.477104898293	0.596473607821	30	13	
60380000	472.351005	1	1.426722499928	0.000122969304	1.339304281343	1.162507087160	32	22	
60390000	476.067839	1	1.417098817429	0.000217673859	0.618054043829	0.725979287994	35	9	
60400000	475.285734	1	1.498403923738	0.000226633310	0.493892239849	0.993215906625	30	11	
60410000	484.265102	1	1.424633178952	0.000165600060	0.652334392133	0.608586981871	40	17	
60420000	487.405547	1	1.442751452162	0.000208733502	0.563586689034	0.661775360587	29	17	
60430000	485.400807	1	1.361904590995	0.000163349540	0.749704405756	0.755398364018	31	19	
60440000	483.003694	1	1.411838246423	0.000171440926	0.470191847223	0.766449365031	33	17	
60450000	477.166610	1	1.390460212847	0.000163248114	0.735161446858	1.049921874871	34	16	
60460000	478.282590	1	1.409253142612	0.000213393287	0.716718526726	0.970783728082	29	14	
60470000	476.782279	1	1.378082857487	0.000251103974	0.390866601052	0.789347547375	38	11	
60480000	473.225001	1	1.353431623117	0.000281100074	0.292552898645	0.476360996177	28	9	
60490000	483.526892	1	1.372019382631	0.000188472725	0.638446091658	0.926106175511	25	19	
60500000	487.201950	1	1.451084387648	0.000172945260	0.436394762704	0.918054116438	35	12	
60510000	467.186370	1	1.436862383539	0.000253258283	0.511910222899	0.694216874166	38	12	
60520000	491.427062	1	1.451295465173	0.000172173080	0.614595064280	0.766473546631	35	17	
60530000	470.188815	1	1.441945547011	0.000297265319	0.535451574412	0.819388152297	39	11	
60540000	485.395103	1	1.422326771337	0.000170482699	0.551365940558	0.824435191109	42	14	
60550000	481.060665	1	1.405377187316	0.000185268040	0.804035897582	0.813212164005	36	13	
60560000	472.156772	1	1.370774498484	0.000192036503	0.729924939811	0.774412001935	36	14	
60570000	486.852887	1	1.387884895012	0.000165022804	0.487524445640	0.747746516804	36	19	
60580000	479.705744	1	1.463135178385	0.000162619061	0.653977907242	0.842759315023	38	15	
60590000	465.605172	1	1.461360278670	0.000197897056	0.546726196932	1.083548453450	37	13	
60600000	467.875868	1	1.363939790372	0.000167288291	0.601850895152	1.109487805653	29	21	
60610000	470.559711	1	1.418879383834	0.000198442813	0.723482974902	0.715078636638	34	12	
60620000	474.255706	1	1.461217178306	0.000205945927	0.527976250720	0.919102007604	32	14	
60630000	475.596642	1	1.405782167927	0.000242867873	0.429274720430	0.729012274411	40	13	
60640000	484.980780	1	1.401141429511	0.000165525839	0.798091205036	0.913486717966	33	11	
60650000	457.227005	1	1.376638076255	0.000180526706	0.511156678344	1.100217660635	35	14	
60660000	477.323101	1	1.474385178844	0.000173827116	0.646945004405	0.835206569810	28	15	
60670000	483.623986	1	1.392710088449	0.000138042495	0.795954748427	0.841142137388	38	19	
60680000	472.649216	1	1.461694157577	0.000141546689	0.884948806214	1.292490866081	33	19	
60690000	475.794573	1	1.401446231131	0.000211835852	0.515241089722	1.081973187415	36	13	
60700000	466.964023	1	1.453911370859	0.000169573736	0.446905023668	0.961071445256	28	18	
60710000	491.447877	1	1.436430425565	0.000122076171	0.737491412935	1.067605757796	36	13	
60720000	479.226405	1	1.390894568469	0.000178290669	0.614494429597	0.969087295900	29	12	
60730000	475.047177	1	1.381765423698	0.000183517223	0.446100040931	1.130058918532	34	15	
60740000	484.096803	1	1.432912276558	0.000143647460	0.807315775387	1.050545887373	29	15	
60750000	469.419434	1	1.421238176480	0.000177399631	0.668242551262	0.667192651059	22	18	
60760000	464.113702	1	1.472559328252	0.000236379350	0.519502908621	0.617414913499	21	11	
60770000	477.550076	1	1.428380226668	0.000163430243	0.699198267297	1.157933123333	27	15	
60780000	463.434313	1	1.421267386629	0.000173447585	0.641863800477	1.402407057605	28	16	
60790000	461.552548	1	1.423241224157	0.000217320726	0.377558789182	0.974545279730	28	11	
60800000	473.010984	1	1.297226850363	0.000188714249	0.726791331398	0.974220134848	30	13	
60810000	475.560518	1	1.477722225411	0.000170617033	0.899021117117	1.028213003249	33	17	
60820000	478.618704	1	1.549129474404	0.000158745655	0.696382216185	0.705177560114	28	16	
60830000	480.118164	1	1.379839640318	0.000201941996	0.531600942639	0.960782011100	34	16	
60840000	474.186900	1	1.499897928552	0.000135844806	0.820671582314	1.883428100375	28	19	
60850000	483.198069	1	1.377412256726	0.000169248285	0.690244522633	1.749564703462	25	16	
60860000	474.193096	1	1.368185438656	0.000198016879	0.462135868996	1.060879513972	30	20	
60870000	472.805873	1	1.409399740955	0.000213015445	0.468767898690	0.531256949256	37	16	
60880000	468.279550	1	1.333595613756	0.000217535669	0.500551764843	0.813206420031	29	15	
60890000	473.218379	1	1.437248518326	0.000196763766	0.594008008911	1.064854221283	31	12	
60900000	469.201858	1	1.422803874257	0.000189319459	0.499862181785	0.830242754363	36	14	
60910000	488.095863	1	1.421224906026	0.000211195212	0.335824707427	0.672727394111	38	8	
60920000	472.457028	1	1.354018699891	0.000145365671	0.804975924654	1.388580550037	41	9	
60930000	483.370806	1	1.464222716043	0.000208133351	0.642431599455	0.727162015097	45	7	
60940000	483.095823	1	1.496451175883	0.000215328112	0.400507778965	0.789495630585	32	15	
60950000	452.992361	1	1.488974141771	0.000234065615	0.500029753819	0.797919944992	36	9	
60960000	477.437125	1	1.404458708361	0.000174477982	0.516778052705	0.853391014923	28	18	
60970000	478.779595	1	1.436823302202	0.000188043857	0.648268219719	0.967406518243	28	15	
60980000	481.003475	1	1.461893361313	0.000192461837	0.544379014572	0.853777172888	29	10	
60990000	481.957567	1	1.394330121753	0.000165682178	0.617455862053	0.993718674270	40	17	
61000000	477.176630	1	1.464076356642	0.000201585677	0.500215862808	0.828789628121	32	14	
61010000	469.236227	1	1.274731115441	0.000210749130	0.522747648074	0.699793868333	24	17	
61020000	484.533325	1	1.466311062283	0.000213377871	0.504212265972	0.756826126656	25	12	
61030000	470.758645	1	1.418866012145	0.000201282812	0.839535814334	0.847876601819	29	10	
61040000	471.795602	1	1.352107555719	0.000185200648	0.638982321936	1.040108383337	30	17	
61050000	466.722359	1	1.341812626160	0.000197907252	0.488616088182	1.108912218440	34	14	
61060000	476.349428	1	1.434007274134	0.000218666018	0.669830841836	0.905479467511	24	8	
61070000	467.089392	1	1.412883870211	0.000225233224	0.618166608982	1.262060153906	22	10	
61080000	473.378027	1	1.381326500211	0.000172445744	0.545037687542	0.718777960790	32	17	
61090000	484.623912	1	1.431625181895	0.000204849261	0.593343382940	0.713143952870	40	13	
61100000	486.639364	1	1.451483521780	0.000166985631	0.944343402250	0.973810477171	35	12	
61110000	474.052965	1	1.446412754473	0.000191164783	0.928398545760	1.161931356600	34	14	
61120000	465.420542	1	1.361510231106	0.000146452418	0.528116243425	1.315257669846	30	12	
61130000	472.277691	1	1.340637882325	0.000244094784	0.605847148216	0.931899148762	38	12	
61140000	488.231148	1	1.414234357173	0.000180541090	0.698070006912	0.839539767631	37	13	
61150000	466.926351	1	1.410392971991	0.000270896418	0.491787604429	0.595486878641	26	16	
61160000	475.259652	1	1.395621204233	0.000194242416	0.430531828771	0.625835718612	26	15	
61170000	479.733994	1	1.418280310655	0.000173678307	0.753547790341	0.933268097967	31	12	
61180000	479.971741	1	1.437062348799	0.000134369541	1.053515132944	1.458284117951	31	14	
61190000	469.034741	1	1.454720744342	0.000190758802	0.534866283543	0.476384284572	33	16	
61200000	483.944144	1	1.454377701002	0.000167224255	0.477902028349	0.979690374273	40	15	
61210000	478.206784	1	1.505781049333	0.000163193937	0.925617019149	0.898099671399	29	16	
61220000	472.981601	1	1.391812987834	0.000129386552	0.865582141489	1.124492820237	34	15	
61230000	482.760109	1	1.404735330001	0.000209893825	0.538637571484	0.846341084897	35	13	
61240000	485.429020	1	1.384096602019	0.000209978573	0.465263055958	1.006923276239	38	13	
61250000	483.187980	1	1.470295115542	0.000171809028	0.671349442771	0.934240721547	41	13	
61260000	473.811440	1	1.464924511830	0.000239379110	0.522415688258	0.819175131070	31	8	
61270000	476.131407	1	1.415421629835	0.000198501903	0.634520773945	0.893687261668	32	11	
61280000	462.941398	1	1.435014008059	0.000174394277	0.458148714235	0.995761230534	32	14	
61290000	481.256006	1	1.436929935310	0.000173196655	0.762147586498	0.892877882353	23	13	
61300000	479.601771	1	1.382412510882	0.000145389932	0.756482254232	0.957323095022	35	19	
61310000	482.328045	1	1.366235068947	0.000164988136	0.690540906278	0.770964605902	30	19	
61320000	472.660415	1	1.423023518380	0.000213045624	0.800760782478	0.551913928771	29	15	
61330000	472.763596	1	1.400935293236	0.000186341590	0.547710632922	0.858657461448	28	20	
61340000	478.271581	1	1.379296564643	0.000165920238	0.757112042346	1.098257858281	31	18	
61350000	476.119373	1	1.357787788363	0.000188541317	0.449468492155	0.804031898781	44	14	
61360000	479.545536	1	1.421085287449	0.000162038898	0.776414586432	0.860415891539	42	12	
61370000	473.733189	1	1.488224422894	0.000195748719	0.954744667991	1.085101521999	39	9	
61380000	474.033606	1	1.421084629881	0.000231151560	0.457780425288	0.665824439304	40	15	
61390000	487.488827	1	1.317723715972	0.000172560934	0.470395880512	0.861544360043	25	17	
61400000	485.940782	1	1.411418033368	0.000190727470	0.410330914357	0.554477471366	41	15	
61410000	475.434140	1	1.413586887376	0.000132637299	0.783122553742	1.228860608886	41	19	
61420000	474.899574	1	1.406893465712	0.000226089815	0.618171691969	0.569953807186	36	13	
61430000	475.042049	1	1.390826727712	0.000210398540	0.572511887855	0.524858587260	34	16	
61440000	485.918046	1	1.401957634374	0.000219363241	0.373419490113	0.810301436994	34	14	
61450000	470.216666	1	1.370776029183	0.000161776723	0.747099828619	1.310804265350	36	10	
61460000	468.273060	1	1.414979275344	0.000195804749	0.691971568374	0.929779994814	36	15	
61470000	461.753086	1	1.338818705568	0.000244288964	0.487035884920	0.560839064007	29	9	
61480000	474.978814	1	1.431068453415	0.000191204711	0.560131786331	1.100550523549	31	12	
61490000	472.532485	1	1.438718171656	0.000182626813	0.472846164058	0.963943871505	38	14	
61500000	480.598442	1	1.425116378069	0.000158484955	0.643014324897	1.115473525388	30	18	
61510000	478.994238	1	1.370709943077	0.000153648274	0.741085462641	1.554684138989	36	24	
61520000	480.020947	1	1.337749868009	0.000278407697	0.428590280781	0.671503305141	33	19	
61530000	480.188091	1	1.416622131162	0.000182068130	1.024158332501	0.941804547879	26	24	
61540000	493.822531	1	1.479646719747	0.000169573563	0.779535587115	0.991412434893	44	15	
61550000	491.320329	1	1.362863162347	0.000216325787	0.526889702052	0.571411552320	43	13	
61560000	483.755643	1	1.452825998070	0.000184565873	0.595617800988	0.913342018442	26	18	
61570000	487.061083	1	1.377910743402	0.000317482933	0.404578465605	0.655031713501	29	14	
61580000	489.182363	1	1.429404521317	0.000136172639	0.716880684506	1.051062121043	31	22	
61590000	481.129640	1	1.458133096070	0.000213785988	0.392044384461	0.991483262918	24	11	
61600000	471.759418	1	1.467091224529	0.000210998903	0.492356502855	0.476018615341	33	11	
61610000	468.681806	1	1.364778813956	0.000121711146	0.894466494510	1.417660737796	30	11	
61620000	472.353487	1	1.435282006564	0.000137234977	0.596479590436	1.409001864569	28	19	
61630000	482.422056	1	1.406263476757	0.000141650541	0.492587361814	0.906764477793	20	13	
61640000	467.076436	1	1.371216365029	0.000161767286	0.501966293329	0.892837859263	31	21	
61650000	487.671198	1	1.367852553878	0.000132247973	0.773610595502	0.803569183828	43	21	
61660000	471.948069	1	1.426570101124	0.000232548870	0.517872363428	0.702686768051	38	13	
61670000	483.949626	1	1.420454495645	0.000207061555	0.629943076878	0.655345645664	50	20	
61680000	473.389148	1	1.370896891914	0.000147676479	0.773929019145	1.329722506287	34	10	
61690000	479.646229	1	1.380354240166	0.000148331800	0.761230471439	1.274412472023	24	14	
61700000	474.369172	1	1.428691058948	0.000200062441	0.470567479716	0.752935348867	29	21	
61710000	467.109639	1	1.449466112426	0.000214835696	0.598793546123	0.723888544862	23	14	
61720000	484.476468	1	1.409758337017	0.000155567187	0.691832937540	1.078792865239	37	12	
61730000	462.834510	1	1.468690367114	0.000159918549	0.452826145334	0.888932436530	38	23	
61740000	480.776516	1	1.376927710126	0.000163401872	0.885358543270	0.811846975997	33	17	
61750000	468.316856	1	1.413306987287	0.000217622857	0.595185222954	0.675264103668	30	13	
61760000	486.623371	1	1.410335026815	0.000172334080	0.671172212024	0.723749267502	32	17	
61770000	479.960119	1	1.444656795719	0.000148546124	1.140053962785	1.627697853624	34	12	
61780000	484.405625	1	1.430471307097	0.000178153798	0.752792346540	0.832936620061	23	12	
61790000	489.637970	1	1.447031544794	0.000167216595	0.450551862562	0.832768347852	30	17	
61800000	484.392881	1	1.401236093743	0.000199114101	0.676063644301	0.543780400810	39	15	
61810000	474.488212	1	1.333374802467	0.000192938384	0.480480946401	0.821149471168	32	14	
61820000	467.704006	1	1.372287240465	0.000203071606	0.504934054204	1.025166033482	33	10	
61830000	470.999422	1	1.437921261518	0.000233271887	0.432769712045	0.666787565233	33	17	
61840000	482.364637	1	1.419309428678	0.000177712201	0.566590205236	0.766651771435	30	20	
61850000	480.124532	1	1.407704490517	0.000132257668	0.793248728870	0.973413521723	44	14	
61860000	480.664732	1	1.400380585469	0.000199226852	0.678339543431	0.852328729207	26	12	
61870000	476.701074	1	1.393356312963	0.000221363389	0.499657722989	0.629582633635	33	9	
61880000	467.932273	1	1.499680045691	0.000184503319	0.588212991486	0.801168967206	31	14	
61890000	485.414124	1	1.391707883036	0.000170483103	0.673888815232	0.894863386124	33	16	
61900000	476.391683	1	1.418684671532	0.000245307354	0.499425046440	0.684201306817	37	13	
61910000	497.401110	1	1.444783466430	0.000163340831	0.679594985033	1.078844358140	41	12	
61920000	489.551227	1	1.389331826732	0.000150198049	0.774168739530	0.928008296540	40	13	
61930000	486.502652	1	1.412788304878	0.000181056890	0.657358199799	1.042279110322	37	12	
61940000	495.598699	1	1.396342382254	0.000162191497	0.466049638144	0.964994791906	36	15	
61950000	479.952080	1	1.410226660432	0.000166769713	0.465678279880	0.715817925987	34	13	
61960000	464.649294	1	1.410892972630	0.000194207015	0.394926065521	0.873838296224	37	11	
61970000	464.258072	1	1.490273721878	0.000146127664	0.437583278208	1.109615381529	31	13	
61980000	476.422914	1	1.367273769767	0.000193166657	0.349882268487	0.804594654330	23	17	
61990000	475.297103	1	1.431114721650	0.000209105730	0.343622033408	0.562824168058	30	19	
62000000	471.358887	1	1.429619898101	0.000238342799	0.395651140624	0.822367365299	39	14	
62010000	483.836319	1	1.404728422446	0.000148104068	0.633552895585	0.679370029729	37	15	
62020000	483.068734	1	1.484980536380	0.000171574740	0.843318235284	0.970980162110	37	19	
62030000	481.020670	1	1.340097058800	0.000219063279	0.484743020238	0.668026596315	31	11	
62040000	479.761994	1	1.380118499295	0.000187231866	0.703784052553	1.172610917933	29	16	
62050000	469.255913	1	1.419325133443	0.000214570069	0.433870620114	1.116126236183	20	15	
62060000	464.676355	1	1.365536069854	0.000135499099	0.709075291393	1.470672709348	29	19	
62070000	482.863846	1	1.476850047074	0.000164863938	0.621112843125	0.782320164580	32	14	
62080000	481.040245	1	1.406428214370	0.000216117623	0.742989681863	0.875716101059	32	18	
62090000	477.597589	1	1.440930157010	0.000242013537	0.653822462124	0.593189321013	34	20	
62100000	477.769017	1	1.428632165053	0.000181633112	0.571934773457	0.721943531228	36	17	
62110000	469.448775	1	1.489641664695	0.000140997400	0.983644950644	1.056733160199	37	21	
62120000	493.628786	1	1.390618108386	0.000182637892	0.647453822161	0.850118363317	38	14	
62130000	482.180877	1	1.364594632126	0.000184657376	0.500259115105	0.664284016281	32	17	
62140000	476.340524	1	1.402988942524	0.000212111109	0.438456628024	0.630196768438	33	16	
62150000	482.595700	1	1.445367338015	0.000186484660	0.579484565828	0.636240038011	26	11	
62160000	474.318341	1	1.414540327106	0.000205660927	0.360317141252	0.566595875541	46	12	
62170000	492.346202	1	1.485665381209	0.000169492905	0.557235971938	0.672397744523	36	10	
62180000	485.497210	1	1.422405000555	0.000184045628	0.343242697792	0.821160367148	35	11	
62190000	497.087248	1	1.427482745173	0.000149206963	0.398951613906	0.848099311073	32	13	
62200000	477.578174	1	1.464666073216	0.000142306965	0.584998937015	0.903268486382	23	21	
62210000	475.666887	1	1.409018437932	0.000169080339	0.619837200724	1.117011348901	27	21	
62220000	474.276698	1	1.367068511886	0.000207580173	0.656982284459	0.909856159522	27	11	
62230000	478.149093	1	1.481609261089	0.000232370633	0.479341131254	0.699865265839	39	13	
62240000	470.620464	1	1.419848350202	0.000236552883	0.510889048307	0.909563896032	25	9	
62250000	480.463548	1	1.383961918867	0.000197907056	0.484641609881	0.896443074585	37	11	
62260000	454.834326	1	1.385164906136	0.000212313134	0.655857954926	1.232356126501	37	9	
62270000	469.099791	1	1.502656082813	0.000170130796	0.620750609064	1.244985791420	31	13	
62280000	472.790967	1	1.447078974333	0.000183042917	0.534962692176	0.956702885692	32	17	
62290000	478.730343	1	1.499194375068	0.000127232466	0.756911638944	0.953742512580	25	15	
62300000	476.616837	1	1.392809404955	0.000157658448	0.654583270155	0.926339770395	37	11	
62310000	487.361194	1	1.434864695563	0.000186243968	0.499507131143	0.454690293762	49	14	
62320000	470.791756	1	1.484599016354	0.000170209027	0.747696156795	0.854661913351	38	17	
62330000	475.040175	1	1.394734490657	0.000196586815	0.506203383005	1.085766570029	40	18	
62340000	463.552783	1	1.460610645907	0.000165971773	0.740514591156	0.517561982921	21	22	
62350000	466.942746	1	1.474415110345	0.000200949082	0.561140257228	1.017431210701	20	11	
62360000	463.133092	1	1.352048553366	0.000192289553	0.557316330192	1.041583525950	29	10	
62370000	489.057970	1	1.378952569785	0.000161369101	0.429609181494	0.790287018498	32	12	
62380000	462.619450	1	1.373723328717	0.000201700997	0.395166993169	0.562648610741	20	18	
62390000	477.880849	1	1.382674285776	0.000175158480	0.466028255732	0.782191393323	29	14	
62400000	483.730494	1	1.482285388510	0.000156220531	0.979508067556	1.155100427442	30	13	
62410000	490.124292	1	1.393155170475	0.000207309017	0.448519588239	0.668793486471	33	13	
62420000	491.748988	1	1.430624045011	0.000187042790	0.682482572912	0.825797551557	35	14	
62430000	472.390845	1	1.354681413857	0.000209174148	0.555785104195	0.865063516857	33	8	
62440000	457.949817	1	1.410469138091	0.000178305919	0.743206229145	1.388139552076	24	15	
62450000	476.023717	1	1.373018640395	0.000204472092	0.497712385691	0.951300035827	23	10	
62460000	474.331581	1	1.330422905526	0.000179175109	0.596831079553	1.147767612550	24	21	
62470000	475.079934	1	1.393566516937	0.000203137269	0.707751346127	0.877262412217	15	14	
62480000	477.316972	1	1.464205506930	0.000185450432	0.638992352468	0.996229408088	41	11	
62490000	482.478875	1	1.468866388300	0.000213083286	0.635799000197	0.596850773947	31	15	
62500000	477.839742	1	1.367916591203	0.000177090513	0.473320080054	0.907731696766	30	15	
62510000	475.746208	1	1.408400728208	0.000160836455	0.657135890297	1.036812400672	35	17	
62520000	481.580271	1	1.485476797990	0.000213401296	0.493143881145	0.726686325262	36	11	
62530000	476.939287	1	1.421543679900	0.000220608408	0.387982771422	0.738283110678	32	24	
62540000	465.250304	1	1.437028478400	0.000258609535	0.631789845773	0.593419571899	24	14	
62550000	467.555477	1	1.422127886566	0.000206830638	0.685981425125	0.646988454377	34	14	
62560000	470.184225	1	1.454486238424	0.000149720953	0.932567188683	1.351945052304	31	13	
62570000	484.395866	1	1.469302095300	0.000273756316	0.364320840261	0.496860863940	35	13	
62580000	477.177956	1	1.393211720203	0.000188961459	0.539810651098	0.768536959684	29	16	
62590000	470.553120	1	1.299240342958	0.000164703339	0.720420093230	1.155064627188	36	13	
62600000	480.958160	1	1.431633967006	0.000167407368	0.450684721031	1.158917350996	31	20	
62610000	475.714856	1	1.389818663461	0.000173524696	0.888789321903	1.138137596442	27	12	
62620000	484.629521	1	1.341200071672	0.000233561344	0.457631022135	1.162888192258	24	11	
62630000	474.654195	1	1.504612663795	0.000217029500	0.593720032831	1.016385793553	30	12	
62640000	468.176694	1	1.447449222356	0.000157660720	0.712682979467	1.252111260339	45	15	
62650000	477.270746	1	1.397196461341	0.000203145479	0.453040243876	0.845900277491	39	13	
62660000	474.412724	1	1.354614755620	0.000188585854	0.447526661130	0.901489665630	31	10	
62670000	476.385035	1	1.499080932162	0.000186621709	0.786066988592	0.991181640103	31	15	
62680000	460.809991	1	1.442859497056	0.000224130940	1.044698430191	1.050741775757	22	13	
62690000	487.277689	1	1.418454562304	0.000201479257	0.759066820611	0.753265882673	36	12	
62700000	477.522367	1	1.440424511043	0.000193105459	0.516328225941	0.709641057782	40	16	
62710000	464.987637	1	1.390423826809	0.000182153777	0.508422019953	0.767730977481	22	22	
62720000	476.315361	1	1.413617744817	0.000211712755	0.470027745549	0.878825654907	27	13	
62730000	468.715093	1	1.394119595260	0.000143958531	0.632512179595	1.054408946685	30	21	
62740000	483.886982	1	1.408425048890	0.000201049833	0.390580198911	0.651130967124	39	16	
62750000	469.612305	1	1.467841732489	0.000157130209	0.601040647732	0.922490078629	32	15	
62760000	477.454718	1	1.356438330240	0.000210670022	1.115888918048	1.189755441807	36	22	
62770000	476.018222	1	1.314913453346	0.000274081137	0.419029378422	0.671952528112	33	13	
62780000	475.755474	1	1.467475512255	0.000295867312	0.424207278638	0.670762888087	27	12	
62790000	485.951161	1	1.383467197136	0.000262859672	0.549604085386	0.686601874098	31	11	
62800000	483.268919	1	1.436120355707	0.000242012220	0.434526677832	0.439958990544	32	17	
62810000	478.671922	1	1.416854034758	0.000204110004	0.628959726265	0.719942219054	30	12	
62820000	481.048371	1	1.472540628678	0.000209719105	0.533513572968	0.695246322284	27	8	
62830000	463.232451	1	1.367264449354	0.000238581362	0.452049128801	0.862464720475	31	12	
62840000	472.784820	1	1.495492851478	0.000203603289	0.607931534604	0.864997391360	36	13	
62850000	481.493815	1	1.418658978977	0.000170137709	0.772853082273	0.937557570736	31	22	
62860000	473.785487	1	1.450558451022	0.000217118252	0.416566530508	0.802189245447	29	20	
62870000	478.715901	1	1.442124395486	0.000189558958	0.553050450460	0.631146355261	29	16	
62880000	475.533318	1	1.364927854661	0.000199055581	0.616153848846	1.044623374191	29	10	
62890000	480.071446	1	1.432729563144	0.000190481256	0.746079821275	0.889545521628	34	5	
62900000	486.115991	1	1.377388309273	0.000195880453	0.605834244938	0.727842515631	32	15	
62910000	470.485410	1	1.429032571229	0.000259326969	0.415557323743	0.553467893995	32	13	
62920000	485.565019	1	1.439155689387	0.000155478079	0.634559168600	1.182768367506	32	16	
62930000	476.979598	1	1.300136642222	0.000158397726	0.876484424061	0.994407155323	30	16	
62940000	485.520150	1	1.397335115575	0.000135293292	0.650141188552	1.152553337867	32	16	
62950000	478.344948	1	1.476050172676	0.000192762915	0.617339168751	0.784036427018	32	10	
62960000	480.180957	1	1.397909662395	0.000241390818	0.386110041114	0.718699515599	27	16	
62970000	483.103247	1	1.412077647546	0.000159933218	0.499372993273	0.821062176063	30	17	
62980000	472.777984	1	1.345332846893	0.000214208230	0.641901882028	1.095368756011	25	14	
62990000	473.358415	1	1.442387131719	0.000277236356	0.446081258293	0.526259410023	26	12	
63000000	472.826582	1	1.406981769509	0.000210932140	0.542161402826	0.715159348395	30	15	
63010000	479.889412	1	1.375534476368	0.000177589385	0.367890077755	0.860433273339	20	20	
63020000	477.037468	1	1.448034906170	0.000208825933	0.436082237913	0.680241513226	32	12	
63030000	476.565606	1	1.532762453705	0.000144640482	0.652248508221	0.898439891608	38	16	
63040000	473.205546	1	1.384751348865	0.000171311633	0.511743679950	0.689936100177	32	18	
63050000	467.150548	1	1.518719139507	0.000198566586	0.482981818770	0.628460622906	31	14	
63060000	474.021789	1	1.405599562244	0.000144483162	0.687886385388	1.160384745083	28	15	
63070000	470.249012	1	1.394364023356	0.000162269832	0.479387504696	1.188887399958	32	20	
63080000	469.800693	1	1.427430364307	0.000195437485	0.471161309490	0.535329088355	42	14	
63090000	497.002449	1	1.415105386929	0.000149076591	0.483190547528	0.710604330145	40	19	
63100000	492.023680	1	1.424642344598	0.000146893867	0.530551157265	0.724905524365	30	21	
63110000	483.194923	1	1.424197100810	0.000214044112	0.455027412206	0.650398470864	30	12	
63120000	480.945841	1	1.319789452314	0.000166151825	0.680279895454	1.101894610441	29	16	
63130000	471.436659	1	1.398686584408	0.000183164241	0.667704788515	1.136785849445	29	16	
63140000	478.334081	1	1.401942783287	0.000211006935	0.531949626581	0.862826097675	26	9	
63150000	482.982438	1	1.396450795137	0.000230676742	0.452340196200	0.657821438144	29	10	
63160000	464.411182	1	1.337294638749	0.000177240292	0.586567749559	0.999505198338	30	14	
63170000	478.424227	1	1.337934772266	0.000150261479	0.626446626645	1.299099616675	23	20	
63180000	490.246735	1	1.406527698218	0.000134901748	0.916904234438	1.360016358773	20	19	
63190000	480.358926	1	1.435733958490	0.000180854648	0.632988110472	1.046469613909	21	16	
63200000	483.250321	1	1.395962524655	0.000182775870	0.594584412630	1.130629892910	40	16	
63210000	480.256439	1	1.432783135009	0.000220219895	0.523382746975	0.934981373223	34	11	
63220000	472.110969	1	1.400751305744	0.000171904499	0.441870771701	0.834090625596	39	14	
63230000	475.583916	1	1.435634849900	0.000141512947	0.629085808561	0.787695703315	34	14	
63240000	476.730962	1	1.396148363431	0.000146367446	0.925293405687	1.151189443392	42	15	
63250000	482.703589	1	1.431668478462	0.000184074883	0.568265438341	0.613599402673	28	24	
63260000	465.519010	1	1.565682314353	0.000167673400	0.882927658046	1.384723245910	28	12	
63270000	476.445689	1	1.431232713490	0.000124872850	1.002021725013	1.322828988557	23	19	
63280000	483.439695	1	1.398141448327	0.000194092247	0.620182055215	0.771579016150	28	8	
63290000	471.759809	1	1.370693980649	0.000278482522	0.405117535405	0.649094204718	33	13	
63300000	480.223445	1	1.392877602401	0.000255968708	0.421395112825	0.594868477666	33	16	
63310000	473.548207	1	1.441276902164	0.000175868222	0.407976610715	0.765450646585	19	13	
63320000	482.318819	1	1.437290867853	0.000180783551	0.504293528103	0.690876287267	30	18	
63330000	485.303056	1	1.489031610805	0.000156584427	0.451240234922	0.762325846418	32	15	
63340000	482.411965	1	1.336685015406	0.000150214000	0.424079214135	1.610011179421	28	16	
63350000	487.510971	1	1.400871830831	0.000206066516	0.435954320235	0.878454906802	32	13	
63360000	476.011563	1	1.466158729198	0.000175167827	0.500901954101	0.885297735109	26	14	
63370000	488.483680	1	1.406597910482	0.000190273555	0.528890696356	1.238151692984	35	14	
63380000	486.253308	1	1.423251965580	0.000187291506	0.568082357621	0.852575546097	41	12	
63390000	489.194625	1	1.440261356857	0.000204427502	0.482756879166	0.943667497883	39	12	
63400000	493.847705	1	1.420931003042	0.000157371641	0.685856763361	0.826890768703	29	11	
63410000	483.139033	1	1.414285425660	0.000188811457	0.529739249282	0.596251333618	33	14	
63420000	480.424198	1	1.398193052757	0.000196197909	0.425515676959	0.773218499366	40	13	
63430000	475.579013	1	1.460500236736	0.000219016344	0.378153636117	0.625118193033	29	15	
63440000	484.246108	1	1.416634523178	0.000162240098	0.683299948446	0.876833020821	31	16	
63450000	470.415211	1	1.450190147128	0.000136491854	0.741642153208	1.217752846854	41	15	
63460000	478.578182	1	1.378891106098	0.000135508804	0.586288670040	0.767504458071	42	15	
63470000	471.910016	1	1.406809508703	0.000158923585	0.681376815285	0.808061978564	29	14	
63480000	479.149760	1	1.393370033653	0.000158408428	0.538942029530	0.914798273395	37	16	
63490000	469.598044	1	1.466845500014	0.000167874236	0.493732510109	1.064310033701	28	15	
63500000	476.937989	1	1.400457079042	0.000247186855	0.388696973617	0.514465189378	26	21	
63510000	476.677637	1	1.401091319008	0.000255184594	0.538835482784	0.708734877216	28	17	
63520000	477.456312	1	1.449907001236	0.000141543519	1.257590070883	1.164766438773	31	12	
63530000	474.710835	1	1.478197164825	0.000229178787	0.511723401719	1.032022928792	30	13	
63540000	477.605459	1	1.383052480868	0.000132548313	0.928677238061	1.706449900768	37	19	
63550000	481.139292	1	1.469628941385	0.000169763398	0.727732470098	1.151254264161	24	17	
63560000	486.802788	1	1.381200836613	0.000125218212	0.705876354942	1.237705229447	30	20	
63570000	476.903596	1	1.452044839431	0.000181752158	0.576140241159	0.847041177334	31	18	
63580000	469.322426	1	1.399468741515	0.000239192421	0.583638778647	0.625091370821	31	13	
63590000	471.678754	1	1.397838057639	0.000187288630	0.687168947654	0.889593021810	33	19	
63600000	476.847373	1	1.417246074215	0.000176299946	0.963262032833	0.737596310498	34	12	
63610000	473.337703	1	1.436361564183	0.000171302025	0.649318390923	0.963416560801	24	10	
63620000	466.844279	1	1.444574717638	0.000204506047	0.395634114184	0.952752674925	27	13	
63630000	469.316052	1	1.326738806455	0.000187673976	0.846474745064	0.912133226733	34	11	
63640000	481.742638	1	1.370413403855	0.000159053131	0.590317306998	0.845018181768	46	16	
63650000	481.942015	1	1.356420274334	0.000200323122	0.630626138184	0.846091158102	38	11	
63660000	473.877530	1	1.416500833425	0.000145188268	0.987608806315	0.860921607073	31	18	
63670000	463.106567	1	1.470248600319	0.000254539116	0.475387785525	0.751332666252	33	11	
63680000	462.926671	1	1.450410715090	0.000175776732	0.849494219233	0.802619522834	24	21	
63690000	469.582439	1	1.437066252675	0.000223466450	0.828663084743	1.043982040630	28	14	
63700000	473.720484	1	1.441573622935	0.000154995535	1.276239075473	0.918416089419	24	15	
63710000	478.080230	1	1.450402843438	0.000156283083	0.810436839541	1.205185920075	33	22	
63720000	476.319042	1	1.383191211863	0.000240418410	0.486961148861	0.979610439323	29	16	
63730000	477.523122	1	1.430774864252	0.000223200154	0.788966832437	0.589023488130	34	14	
63740000	481.007294	1	1.506116322919	0.000134023803	0.355432403716	1.007223592502	34	17	
63750000	480.257851	1	1.400037161063	0.000174728658	0.372749292219	1.007481588431	36	12	
63760000	483.770053	1	1.433269671879	0.000181053628	0.669350125125	1.141907250895	26	17	
63770000	469.655861	1	1.410177478488	0.000212927422	0.596235665754	1.129527414547	20	17	
63780000	480.549040	1	1.451028754276	0.000215333973	0.601526498445	0.812679740093	29	11	
63790000	469.370090	1	1.393025188561	0.000249824221	0.482356651526	0.781525621240	29	15	
63800000	472.901853	1	1.425081065485	0.000155174283	0.596706008109	1.372913699887	34	10	
63810000	480.628219	1	1.422728799276	0.000156304862	0.704285574059	1.170759994731	36	14	
63820000	477.716786	1	1.407087584107	0.000164138202	0.840053476566	1.040745364549	33	12	
63830000	474.042716	1	1.447922691319	0.000205794538	0.524998667531	0.920094008300	29	14	
63840000	466.469903	1	1.440395115202	0.000180501267	0.506988243677	0.693857883456	36	13	
63850000	478.512277	1	1.524708703843	0.000204554680	0.497251782666	0.791640271459	31	13	
63860000	475.403440	1	1.377996744661	0.000144786762	0.644780582778	0.895570064142	30	22	
63870000	488.160204	1	1.372164416229	0.000190612767	0.460796970530	0.722354830863	35	12	
63880000	485.775692	1	1.413999128053	0.000260761646	0.341552434947	0.490336035415	38	12	
63890000	467.514409	1	1.419123570037	0.000178331072	0.394841555484	0.799874507004	33	20	
63900000	467.540028	1	1.432980819554	0.000153169125	0.616773269841	1.468969187007	32	16	
63910000	482.181312	1	1.459564156621	0.000147548695	0.500190135745	0.982048588769	41	15	
63920000	484.517044	1	1.443670273579	0.000225787766	0.607652323946	0.740468556608	39	20	
63930000	476.372011	1	1.438851767341	0.000199823063	0.457140504018	0.796909741263	23	12	
63940000	471.946764	1	1.410001486391	0.000222642916	0.597001872923	0.873647950943	30	8	
63950000	467.633158	1	1.416056579622	0.000215212793	0.499563573018	0.575531997164	35	16	
63960000	480.087467	1	1.386499454460	0.000291290827	0.377407204014	0.709643435479	46	11	
63970000	482.635100	1	1.395982439916	0.000387438347	0.277835475366	0.474612333689	39	14	
63980000	480.262716	1	1.505020568089	0.000308156053	0.370908576998	0.456702572895	28	16	
63990000	482.368468	1	1.491364613234	0.000274099749	0.295730562513	0.510655612854	36	17	
64000000	483.537896	1	1.438289135213	0.000196950311	0.496947891384	0.862050035520	32	12	
64010000	478.035783	1	1.383536416187	0.000187629718	0.587298562578	0.881212936075	35	16	
64020000	476.328730	1	1.470623194583	0.000209350616	0.611577192585	0.773201182363	26	13	
64030000	486.037453	1	1.408004339011	0.000198489939	0.555852376154	0.833774081257	33	11	
64040000	486.019585	1	1.373869661363	0.000182449263	0.359413093416	0.705035299541	32	17	
64050000	476.672057	1	1.369987814280	0.000191540568	0.605520357725	0.971153201303	26	12	
64060000	477.312661	1	1.413571484022	0.000184978278	0.493705111979	0.802697442610	38	9	
64070000	476.656129	1	1.430009011344	0.000204530485	0.246996253850	0.503671935779	38	12	
64080000	468.048419	1	1.454339769460	0.000243490724	0.657934206206	0.885119181924	30	12	
64090000	468.690211	1	1.478770933935	0.000193681781	0.575473288937	0.812842902338	24	15	
64100000	480.388506	1	1.417810018380	0.000158543762	0.632468773537	0.926370495912	40	12	
64110000	468.323889	1	1.394707513330	0.000197322293	0.447344534290	1.085186070703	39	9	
64120000	482.219590	1	1.460343796852	0.000217287507	0.569712718816	0.894710539661	31	12	
64130000	474.715266	1	1.443564309245	0.000241228695	0.541622602508	0.714435572878	37	13	
64140000	482.112411	1	1.425025881445	0.000197036748	0.519610018149	0.656629550801	27	10	
64150000	478.174050	1	1.393269753469	0.000221987923	0.694223714761	0.705236670197	20	10	
64160000	468.439684	1	1.440673304328	0.000178490394	0.602205086992	0.928005291055	37	13	
64170000	476.817817	1	1.444839168871	0.000346583487	0.362692638913	0.613804693930	32	10	
64180000	476.324113	1	1.437326991149	0.000216236378	0.583533162511	0.883785705310	36	8	
64190000	489.556587	1	1.425145544823	0.000179772094	0.452133487799	0.886521650494	31	18	
64200000	475.912323	1	1.392191530017	0.000197870879	0.664607407748	0.982436611611	30	21	
64210000	475.863297	1	1.322582787386	0.000207779612	0.420037993124	0.840189004840	35	15	
64220000	467.304453	1	1.441258818335	0.000245664926	0.828031071739	0.585068513837	40	19	
64230000	476.755941	1	1.373159385777	0.000214041808	0.601596745479	0.782944257177	33	10	
64240000	470.220777	1	1.438962019782	0.000158741087	1.038668435383	0.967615927384	17	20	
64250000	489.138991	1	1.452516388484	0.000169981393	0.445544241895	0.854755557133	40	16	
64260000	471.805934	1	1.316042000052	0.000159465273	0.719603808305	1.318779238759	32	15	
64270000	483.465759	1	1.418747783958	0.000151616825	0.397543988722	1.067455154727	21	12	
64280000	488.026753	1	1.379390033819	0.000151832778	0.628397885645	1.005202858975	33	15	
64290000	468.292112	1	1.399580567325	0.000139343129	0.861333510564	0.965635895709	26	11	
64300000	484.275743	1	1.421481537179	0.000119884056	0.671637822109	1.425362835262	30	18	
64310000	486.217824	1	1.475832538724	0.000152040614	0.589416149699	0.799220739880	37	16	
64320000	485.809985	1	1.431353076171	0.000164502284	0.494957284233	0.779904120351	24	19	
64330000	472.653121	1	1.437243667466	0.000194025685	0.494510127392	1.023693008603	33	13	
64340000	484.373113	1	1.376179141536	0.000153046159	0.573768073224	0.709706079692	37	15	
64350000	473.397948	1	1.367657330200	0.000193486633	0.401926981253	1.166416671314	37	17	
64360000	468.071779	1	1.397105857670	0.000217403657	0.357697809238	0.789266387906	32	14	
64370000	479.660758	1	1.454047689728	0.000181806713	0.611514283892	1.278433532770	34	18	
64380000	477.813231	1	1.432009405784	0.000205668148	0.561985374126	0.697656767075	34	13	
64390000	484.944385	1	1.412493105503	0.000205486458	0.513885426769	0.966127749030	27	10	
64400000	480.348370	1	1.467909657049	0.000154624965	0.726975203620	1.062951476330	34	19	
64410000	485.675547	1	1.381378826646	0.000134433593	0.797584272660	1.804873804279	32	15	
64420000	467.756528	1	1.489213091151	0.000157130572	0.646113855970	1.177323576089	32	19	
64430000	470.632199	1	1.421489242406	0.000219298341	0.544609519325	0.604285136686	48	12	
64440000	493.585851	1	1.427510890062	0.000182720677	0.611098833907	0.894668886858	36	18	
64450000	483.492220	1	1.467540604317	0.000184854375	0.534914050702	0.745426279619	41	14	
64460000	465.247803	1	1.458117536311	0.000172331175	0.481456397538	1.066589103220	41	10	
64470000	478.929064	1	1.448950146845	0.000178034072	0.714957756643	0.773969677897	33	12	
64480000	479.551998	1	1.411135070775	0.000138772078	0.779585470079	1.097403693082	40	15	
64490000	482.122764	1	1.472355727990	0.000174503692	0.604019893123	0.707250282132	32	17	
64500000	475.547144	1	1.383876236589	0.000206505694	0.526084185013	0.514756682315	26	14	
64510000	489.279667	1	1.384054531091	0.000161718159	0.612248182065	0.810999450956	33	21	
64520000	480.946362	1	1.466085949541	0.000202576525	0.493949590270	0.879030005163	30	11	
64530000	480.946240	1	1.435140966408	0.000166331517	0.579335894013	0.862850844067	40	16	
64540000	493.567699	1	1.438886567902	0.000167327579	0.743565106443	0.820423885276	39	11	
64550000	477.906434	1	1.461032244750	0.000184103351	0.821254529685	1.138493738430	34	8	
64560000	463.170158	1	1.466378090191	0.000175967956	0.770464858317	1.486776993184	33	19	
64570000	469.631190	1	1.430218048595	0.000233549825	0.402987860474	0.777525521722	41	13	
64580000	477.494437	1	1.456156554885	0.000286808671	0.334896087533	0.616736716219	22	12	
64590000	488.359320	1	1.408603282099	0.000228162668	0.528959256978	0.744075814184	26	19	
64600000	469.090687	1	1.498914097622	0.000288691493	0.355868940411	0.545374307247	21	15	
64610000	466.866090	1	1.465133513647	0.000245620473	0.481015455158	0.790611449142	31	10	
64620000	473.836647	1	1.395791233045	0.000146692729	0.562742720593	1.117951952989	25	21	
64630000	477.730304	1	1.408251783026	0.000145148138	0.901708054099	1.484505870597	36	16	
64640000	473.311167	1	1.431358395755	0.000218396907	0.848746371918	0.779352646591	32	12	
64650000	479.814141	1	1.417642774435	0.000138523567	0.704424212001	1.524217862212	36	12	
64660000	479.034952	1	1.376173799885	0.000182719617	0.645460897813	1.418332859000	32	11	
64670000	487.778116	1	1.424679005850	0.000161314275	0.990994428668	0.973420750377	29	21	
64680000	475.584643	1	1.409562610795	0.000203812515	0.522781917917	0.806582760602	31	14	
64690000	478.896799	1	1.471145359779	0.000184998343	0.668207205379	0.971834325786	31	11	
64700000	494.674449	1	1.398254192758	0.000143503027	0.714205163829	1.262457855470	40	9	
64710000	478.050187	1	1.516752770819	0.000176915449	0.543515272794	0.753393312570	30	16	
64720000	472.879862	1	1.437161947880	0.000141072714	0.425694950256	0.735736732493	42	14	
64730000	483.907186	1	1.428322594560	0.000165806845	0.596899859796	0.806206057037	36	18	
64740000	483.298993	1	1.406313600352	0.000190053740	0.592655644041	0.670249878153	37	16	
64750000	479.391070	1	1.329438594904	0.000143449756	0.757943311401	1.406313016037	42	12	
64760000	481.892124	1	1.366760028076	0.000141285312	0.638244114005	1.307701326859	47	7	
64770000	481.536590	1	1.368585713361	0.000169454543	0.451418028255	0.719960216911	33	24	
64780000	473.875594	1	1.420449694653	0.000197467270	0.515390335724	0.828814141595	41	17	
64790000	479.139655	1	1.388865515840	0.000228596359	0.393591672772	0.960825423367	39	14	
64800000	487.794973	1	1.374007039193	0.000177434298	0.614117928955	0.805732624527	30	9	
64810000	492.171770	1	1.453439604241	0.000199886588	0.454681395913	0.888818431971	45	12	
64820000	478.175183	1	1.390333163016	0.000207472593	0.480556575099	0.977335158377	40	13	
64830000	484.517572	1	1.453789304109	0.000221147581	0.468805571260	0.833300389893	24	12	
64840000	468.997289	1	1.431811644312	0.000190365340	0.628134421521	0.794807786671	27	16	
64850000	474.642671	1	1.439458376000	0.000181850718	0.523399690207	1.003743228565	36	13	
64860000	480.694907	1	1.453393495943	0.000216804569	0.613660905170	0.775741779820	39	13	
64870000	465.868154	1	1.374388008138	0.000216571028	0.546679543555	0.921817924622	29	9	
64880000	480.502374	1	1.473705506813	0.000136327901	0.717870816946	1.270047248699	27	14	
64890000	488.695551	1	1.431012207051	0.000212482286	0.658083572738	0.925135504875	18	11	
64900000	474.837204	1	1.416963109285	0.000241107949	0.549652607222	0.860119016596	25	12	
64910000	471.787388	1	1.453048928334	0.000160695725	0.518118068596	1.143319160736	37	14	
64920000	479.932127	1	1.404064449758	0.000202080967	0.618811819197	0.676263142385	38	7	
64930000	492.750522	1	1.389760135089	0.000158263763	0.834089740899	0.817534193076	33	19	
64940000	475.485840	1	1.471340483591	0.000223277211	0.868589984568	0.924329925712	28	7	
64950000	486.657632	1	1.423507402316	0.000189242696	0.602501201113	0.866102225462	32	11	
64960000	475.207508	1	1.425870996450	0.000203837286	0.707536986888	0.824207646066	28	16	
64970000	473.928650	1	1.370324100067	0.000188226637	0.597014524083	0.842769795034	32	12	
64980000	474.715988	1	1.431689762534	0.000216663577	0.439245101801	0.665470679678	32	13	
64990000	485.830653	1	1.402663725191	0.000205581731	0.613591133323	0.686819496429	30	22	
65000000	481.888594	1	1.456836570061	0.000173575252	0.450374498810	0.870129983272	29	12	
65010000	481.162161	1	1.422782517194	0.000183471210	0.528808083137	0.709441997193	32	11	
65020000	478.638637	1	1.430408822455	0.000161292749	0.543483344197	1.047925544478	43	15	
65030000	487.559067	1	1.421131395359	0.000196162748	0.481497166838	0.479486657212	37	12	
65040000	480.220718	1	1.390102231562	0.000168997748	0.413421767654	0.707480831766	38	17	
65050000	479.443434	1	1.368487414992	0.000169698922	0.583416426468	0.957465802366	30	10	
65060000	470.014095	1	1.465701142061	0.000137832482	0.767448162022	1.607311345667	31	12	
65070000	468.330108	1	1.480334696434	0.000237535366	0.462896867049	0.799474224774	22	11	
65080000	493.323038	1	1.373974034599	0.000147493048	0.744186726714	1.016324318770	36	12	
65090000	477.316585	1	1.323876283621	0.000189573149	0.758402488073	0.934376168744	36	13	
65100000	473.314746	1	1.462812284098	0.000212270107	0.615413135968	1.179554527648	30	19	
65110000	475.613587	1	1.398532806542	0.000163288567	0.777277715151	1.026863589055	36	9	
65120000	478.854371	1	1.466804187133	0.000223438361	0.426360043486	0.786747517922	37	10	
65130000	475.817071	1	1.400067011561	0.000197996291	0.545296660317	0.868714047553	38	14	
65140000	477.074228	1	1.401287027985	0.000174838962	0.543672484536	1.110264006250	23	19	
65150000	471.824824	1	1.418211292562	0.000260641166	0.517745079707	0.819303884911	33	10	
65160000	485.628870	1	1.462826729979	0.000179009105	0.546448062433	0.818038671851	35	16	
65170000	472.350798	1	1.343555837040	0.000202698985	0.461367086110	0.658758452240	25	18	
65180000	476.950472	1	1.452564471889	0.000229007837	0.499574484649	0.908383677965	38	7	
65190000	479.031555	1	1.411530374408	0.000197627607	0.522120020191	0.691936404902	32	15	
65200000	478.838477	1	1.328915257666	0.000201213378	0.575787470723	0.987497616486	32	9	
65210000	480.007841	1	1.406247838438	0.000225790724	0.551603994362	0.587169737628	26	14	
65220000	473.140122	1	1.506417256067	0.000193163981	0.483046737987	0.691961934982	28	17	
65230000	476.444221	1	1.376597805158	0.000157319080	0.570877863159	0.536453095230	26	19	
65240000	488.727189	1	1.392931052365	0.000164255341	0.535093524235	0.956226842859	25	19	
65250000	490.097847	1	1.361166045737	0.000177730938	0.516639827301	1.035774141863	32	14	
65260000	464.809936	1	1.337441425087	0.000243483115	0.578971516829	0.883799551048	37	13	
65270000	473.500838	1	1.388656196831	0.000216027645	0.477411929951	1.112290628455	29	16	
65280000	478.643257	1	1.427311579853	0.000172171915	0.794476506614	0.659757339699	29	17	
65290000	470.775256	1	1.470521025583	0.000167479776	0.580270806999	1.127117054905	22	21	
65300000	480.895150	1	1.455340560709	0.000199415627	0.479547431693	0.947197549521	37	13	
65310000	483.353514	1	1.311096583614	0.000182376940	0.626017416415	0.714702842246	38	15	
65320000	479.771607	1	1.364007352123	0.000160859593	0.594015977707	1.092872276104	35	10	
65330000	476.049528	1	1.393397433277	0.000218677526	0.564239128210	0.818886843283	30	14	
65340000	482.441678	1	1.436778559150	0.000172199693	0.901487829545	0.796363657774	23	12	
65350000	490.417836	1	1.440225895371	0.000157413722	0.532926391798	1.101177675123	35	16	
65360000	496.248462	1	1.415822554399	0.000136704939	0.756196091098	1.157506752365	31	21	
65370000	470.697202	1	1.465332793504	0.000201564640	0.592322920075	0.862728694385	28	14	
65380000	481.309858	1	1.437286885146	0.000145809828	0.750234771632	0.732575006611	25	24	
65390000	499.508805	1	1.451385691448	0.000152710435	0.725017651919	0.703097689002	34	18	
65400000	481.808839	1	1.457003121533	0.000180846363	0.721700913728	0.791410794883	28	19	
65410000	468.514757	1	1.460399476580	0.000188903397	0.537210739610	0.909799000903	38	13	
65420000	480.568639	1	1.445194602715	0.000177955236	0.525766327820	0.597448775696	38	16	
65430000	475.781765	1	1.397156514562	0.000189459879	0.444868125567	1.023740699620	27	13	
65440000	479.769513	1	1.419526041735	0.000195586690	0.328941766111	0.757086363812	26	19	
65450000	479.586722	1	1.418478630921	0.000165628074	0.541903502158	0.788515502185	32	15	
65460000	483.796490	1	1.438478991358	0.000175994666	0.362486644479	0.983283733635	32	21	
65470000	473.973920	1	1.439972238273	0.000151073077	0.856861494363	1.135363595973	26	10	
65480000	475.049835	1	1.404663685026	0.000202833628	0.606391366676	1.201510008493	24	11	
65490000	486.966317	1	1.412725408543	0.000168869062	0.736731185811	0.576399037254	32	17	
65500000	475.404058	1	1.364552215108	0.000213932905	0.714182724410	0.739307499715	40	11	
65510000	469.572941	1	1.446249288703	0.000202797158	0.399568645407	0.911985338565	31	13	
65520000	472.329891	1	1.458928685054	0.000186393396	0.429457818078	0.794146203948	25	17	
65530000	470.882407	1	1.405456656467	0.000219473544	0.402958199241	0.624222087398	24	17	
65540000	475.430872	1	1.386781680220	0.000154963607	0.681132193228	1.158502845521	32	18	
65550000	487.486491	1	1.414708133290	0.000203379339	0.502785853739	0.576472647887	39	12	
65560000	480.582866	1	1.410065287712	0.000163274299	0.705071733856	0.897145731402	31	15	
65570000	487.513293	1	1.355839918429	0.000182001323	0.745995157367	0.678028211604	37	7	
65580000	484.261580	1	1.402462957765	0.000193248603	0.691606345557	0.962958712736	32	17	
65590000	477.878834	1	1.398237169049	0.000251093276	0.497631592608	0.544639593763	33	15	
65600000	478.791212	1	1.433778747789	0.000232665670	0.394320597016	0.675422063041	29	9	
65610000	466.132485	1	1.409069073458	0.000243741185	0.587574599675	0.595116111877	33	15	
65620000	467.042672	1	1.405524608718	0.000210725631	0.469113929573	0.723356703316	33	12	
65630000	491.611180	1	1.465454633688	0.000188806499	0.477917274595	0.768739223709	40	16	
65640000	485.490672	1	1.416367200321	0.000164486504	0.583482419134	0.735965509673	32	17	
65650000	488.204596	1	1.453397565621	0.000197468531	0.470090537124	0.783284124455	34	10	
65660000	475.088907	1	1.459905774778	0.000284702547	0.418417164906	0.552585359120	32	17	
65670000	476.987206	1	1.415306444926	0.000193290040	0.584447068267	0.617134675089	35	11	
65680000	476.605479	1	1.429324295332	0.000210432780	0.544982087509	0.669276487004	35	12	
65690000	467.888943	1	1.427018508343	0.000168026531	0.482903394296	1.092479200514	35	13	
65700000	475.955982	1	1.374727769129	0.000181157592	0.703023847785	0.890331893786	32	13	
65710000	476.165613	1	1.460486886708	0.000195408285	0.502829152174	0.817540040512	29	13	
65720000	480.150953	1	1.471186513336	0.000178602289	0.521501728853	0.784527896897	35	13	
65730000	476.060382	1	1.378732532022	0.000205790848	0.697199063267	0.777198264910	24	14	
65740000	464.113528	1	1.415866145747	0.000194313442	0.527834502886	1.162587187403	26	17	
65750000	481.165987	1	1.399125916865	0.000168938740	0.723038378782	1.065221184172	38	15	
65760000	483.349760	1	1.444304478403	0.000170734126	0.501940988303	0.820906009552	31	11	
65770000	462.114536	1	1.428003650812	0.000193093822	0.483031216756	0.661471106923	44	10	
65780000	471.757401	1	1.400466600224	0.000137084855	1.100581977332	1.213778572612	26	15	
65790000	473.896299	1	1.398488596371	0.000187555475	1.119038846832	1.377377223634	27	13	
65800000	473.702691	1	1.416798040058	0.000194250402	0.701715446205	0.820020805982	27	18	
65810000	480.732771	1	1.473426642996	0.000193582425	0.443139963575	1.064487458021	43	16	
65820000	482.096047	1	1.474400100168	0.000180415558	0.648249398496	1.004815168822	30	13	
65830000	472.415082	1	1.475872295885	0.000192817801	0.649496769093	0.971734681843	41	14	
65840000	477.113955	1	1.383592180303	0.000166282397	0.985122969382	0.901381049492	34	16	
65850000	485.884131	1	1.408405757281	0.000170986168	0.713908792030	0.985395733442	40	9	
65860000	477.489586	1	1.471698315277	0.000206245658	0.614921758066	1.102552529816	26	10	
65870000	483.421627	1	1.384906588885	0.000194232594	0.429746726954	0.778498173009	33	16	
65880000	474.406921	1	1.430550914669	0.000190149512	0.571465352987	0.901668718345	27	13	
65890000	480.099592	1	1.442902634971	0.000178854299	0.501935305857	1.013749448480	31	18	
65900000	479.499988	1	1.397073479555	0.000272780747	0.444629108129	0.988365471716	35	16	
65910000	482.237118	1	1.418829527631	0.000168903667	0.673806290079	0.832638012155	27	17	
65920000	474.599632	1	1.413530526313	0.000119198026	0.847288288802	1.964884301895	44	15	
65930000	475.701083	1	1.455333403014	0.000212629597	0.541931453898	1.218154888054	33	10	
65940000	471.721847	1	1.379535160216	0.000167050913	0.534679405657	0.848778525130	39	18	
65950000	486.158924	1	1.426557194675	0.000187591234	0.436091112692	0.850477023199	34	15	
65960000	476.679916	1	1.384243052511	0.000131370056	0.620680573718	1.382938169322	42	21	
65970000	468.544504	1	1.423108711017	0.000170116208	0.591719523750	0.811232262641	34	10	
65980000	479.017680	1	1.405638810423	0.000176542126	0.560313396424	0.649470895603	29	18	
65990000	474.332140	1	1.406376728321	0.000165284978	0.535811395066	0.906820995156	31	14	
66000000	490.119162	1	1.400766754686	0.000187392524	0.514614176812	0.757907369107	30	14	
66010000	476.669977	1	1.428454136912	0.000205159302	0.702018072206	1.094238461500	33	10	
66020000	470.543319	1	1.468752889718	0.000162252368	0.717192322551	1.007175170524	47	13	
66030000	473.969175	1	1.482861431510	0.000189693678	0.675435324171	0.789682852426	24	11	
66040000	460.783876	1	1.433923797071	0.000243501543	0.355924962759	0.833956267544	34	12	
66050000	469.226348	1	1.396004575340	0.000165740639	0.694628368880	0.891610208129	23	18	
66060000	471.692800	1	1.396761963173	0.000223095588	0.517708264780	0.842145022134	25	11	
66070000	482.982289	1	1.413322546751	0.000223556565	0.431519638608	0.547659916172	33	13	
66080000	464.432349	1	1.402545601840	0.000178627447	0.641724564897	0.816142096753	26	16	
66090000	479.960047	1	1.478296948671	0.000223217249	0.562057330201	0.711849775899	31	16	
66100000	481.612271	1	1.470679798659	0.000186813252	0.659177191039	0.998527085036	31	16	
66110000	489.326863	1	1.442595528027	0.000186658868	0.751022324628	1.010962311601	24	5	
66120000	475.503104	1	1.416772245322	0.000181393288	0.769084714037	1.309809627543	34	19	
66130000	490.428476	1	1.442277072973	0.000183672904	0.533200444962	0.786503501647	38	16	
66140000	482.105120	1	1.452931059898	0.000183332543	0.458995753938	0.885621836293	28	13	
66150000	491.075577	1	1.397654985670	0.000141981751	0.826080582631	0.637947389370	37	16	
66160000	484.903260	1	1.366074136178	0.000162843989	0.433735089516	1.028178146986	30	14	
66170000	470.814223	1	1.444372295007	0.000213533164	0.340473050246	0.785263551027	40	11	
66180000	475.815286	1	1.387649935118	0.000177622712	0.425112369172	0.975070641613	33	9	
66190000	483.176705	1	1.402178404628	0.000151906535	0.348593709204	0.855440996123	42	16	
66200000	473.289190	1	1.406077003446	0.000185105145	0.366291810353	0.529163122127	42	19	
66210000	485.905061	1	1.335201807020	0.000180840710	0.484646539811	0.946205874128	37	13	
66220000	476.297694	1	1.479143761878	0.000164251959	0.553026604163	1.202062948676	34	18	
66230000	488.836097	1	1.368164019583	0.000185590872	0.550223374083	0.797470076710	41	12	
66240000	486.561655	1	1.430649132791	0.000187217145	0.489866636344	0.596129275743	33	17	
66250000	461.193021	1	1.370177595339	0.000202789144	0.520221559401	0.850828102656	38	15	
66260000	480.191254	1	1.487119839393	0.000161975877	0.540083906940	0.953905301537	33	16	
66270000	490.799673	1	1.500679739635	0.000158151222	0.848374837659	1.090310180860	40	14	
66280000	487.881876	1	1.392846681613	0.000192549769	0.533091469772	0.832683486046	33	12	
66290000	473.821906	1	1.396112045896	0.000237113921	0.387356695221	0.568637687421	36	14	
66300000	482.670083	1	1.380120532551	0.000175769187	0.528702336422	0.823664819282	33	17	
66310000	479.163080	1	1.416223904810	0.000164616964	0.459065479128	0.668158655612	36	14	
66320000	487.342294	1	1.413537312020	0.000220694068	0.491300045135	0.672412306750	35	19	
66330000	478.153268	1	1.404602354268	0.000181938608	0.486622760308	1.241862790970	34	15	
66340000	481.945337	1	1.409509077753	0.000174094483	0.706372125527	0.683182465663	31	12	
66350000	483.401368	1	1.403651643400	0.000186841974	0.435627799236	0.939445382301	37	11	
66360000	474.572145	1	1.427040334379	0.000142609839	0.827777825990	0.872025092824	44	11	
66370000	464.466462	1	1.328930155017	0.000171284267	0.880624824567	0.808333611374	33	17	
66380000	483.313598	1	1.440881365395	0.000165235991	0.689570150919	0.858395306064	44	12	
66390000	473.051503	1	1.433350134211	0.000254744186	0.395590460920	0.740052187545	30	12	
66400000	486.358584	1	1.331377334755	0.000191913303	0.508162108163	0.616437316375	32	11	
66410000	481.392957	1	1.381158669586	0.000212410958	0.503545596397	0.665610712127	28	11	
66420000	483.397792	1	1.403506833597	0.000166862404	0.530529570708	0.816427061869	34	21	
66430000	473.931955	1	1.420441621254	0.000173148007	0.630275103148	1.182891522917	29	17	
66440000	487.288622	1	1.354975386688	0.000145378305	0.621432245774	0.659049131034	37	17	
66450000	485.830538	1	1.494412157088	0.000215253213	0.402160766420	0.746887462280	33	15	
66460000	472.018877	1	1.446134579559	0.000182199673	0.638116513445	1.003945746666	31	18	
66470000	469.386646	1	1.424743753922	0.000167732943	0.653953645075	0.887492419637	28	13	
66480000	480.710305	1	1.373034794445	0.000167695790	0.550344967542	0.967155190385	36	18	
66490000	477.649215	1	1.419321984364	0.000227645114	0.417798640712	1.052417103515	31	13	
66500000	481.126742	1	1.390916730992	0.000170325918	0.534479632635	1.095715402315	27	13	
66510000	487.866337	1	1.461200473394	0.000167618460	0.770435975283	0.993763552658	25	12	
66520000	471.906015	1	1.391375222302	0.000163209566	0.648449598090	1.099618539226	30	14	
66530000	476.935115	1	1.438710640241	0.000137625637	0.858789603883	1.197012923486	32	18	
66540000	470.015694	1	1.464650358190	0.000164408061	0.435213994287	0.918860226344	36	14	
66550000	472.962254	1	1.384983085824	0.000233620404	0.652758026110	0.691597151246	33	10	
66560000	477.963964	1	1.436861499334	0.000191494056	0.495646721578	1.209268199647	32	12	
66570000	473.378569	1	1.470372111574	0.000162698380	0.807796921247	1.410091793203	29	13	
66580000	476.702830	1	1.463824383757	0.000178449397	0.776643760778	0.664915361225	32	10	
66590000	493.782431	1	1.404291892352	0.000124354151	0.986099354304	1.397858066531	31	13	
66600000	481.111432	1	1.400141622662	0.000194095478	0.542570622782	0.682716243390	23	13	
66610000	474.368857	1	1.404806824888	0.000167981315	1.100880640798	0.917998805956	37	16	
66620000	471.063065	1	1.460521566613	0.000248892349	0.463808757223	0.711448430692	20	13	
66630000	473.536421	1	1.364591160154	0.000220802499	0.648492019947	0.941270561287	29	19	
66640000	471.664437	1	1.367905048177	0.000152630012	0.712781563361	1.360568266081	36	15	
66650000	471.082556	1	1.392810844431	0.000149149500	0.893206824451	1.134759864631	34	11	
66660000	473.566978	1	1.389587138975	0.000230122567	0.472110280870	0.730435844365	29	16	
66670000	487.510680	1	1.357350963192	0.000165029462	0.778785594536	0.879624153735	31	14	
66680000	475.178075	1	1.354001548826	0.000156009608	0.739256073041	1.410267979832	33	15	
66690000	471.116768	1	1.411729437158	0.000186883728	0.666174200819	1.009498275084	31	16	
66700000	478.532542	1	1.373793008644	0.000198503825	0.479238140452	0.740320940428	25	15	
66710000	483.495763	1	1.428924737717	0.000178260932	0.657824437291	0.766387357401	31	11	
66720000	467.037848	1	1.366067856352	0.000209948755	0.496066189392	0.651938120314	37	14	
66730000	486.051499	1	1.423880467222	0.000189818972	0.571113578253	0.834761739357	40	10	
66740000	487.590739	1	1.452785031818	0.000206477220	0.634176426387	0.967364076386	26	14	
66750000	478.033979	1	1.397713135143	0.000184987228	0.710849427507	0.911477948295	34	16	
66760000	483.883677	1	1.391341934893	0.000161025726	0.716657953304	1.129443501217	41	12	
66770000	478.031055	1	1.312800781369	0.000215986374	0.357057009427	0.965486210636	33	12	
66780000	472.050470	1	1.456334002142	0.000181999200	0.714963051905	0.893838682043	34	15	
66790000	479.358415	1	1.442242702824	0.000117687488	0.876084994793	1.110694269241	34	17	
66800000	478.773992	1	1.449564625625	0.000212194113	0.603473862192	0.883503914158	40	18	
66810000	491.805587	1	1.409376103914	0.000160882415	0.602612098620	1.032757602107	33	15	
66820000	473.277955	1	1.440887138783	0.000198593070	0.730335497540	0.835891226865	32	6	
66830000	477.118007	1	1.430625041857	0.000146107999	0.946695727772	1.121717178175	32	11	
66840000	487.841698	1	1.422159627121	0.000184535255	0.713211369339	0.571434373046	27	12	
66850000	481.359962	1	1.437382564915	0.000155512571	0.711887115328	1.280909826970	39	12	
66860000	479.580534	1	1.439882783642	0.000180721192	0.613557233161	0.693728624390	32	15	
66870000	481.734836	1	1.414599078374	0.000208428844	0.471665496705	0.684889793797	28	15	
66880000	482.653335	1	1.395948831826	0.000169782911	0.915876897839	1.065022011765	37	12	
66890000	484.320874	1	1.453399507260	0.000153220221	0.645770540017	0.945460270636	44	16	
66900000	473.778831	1	1.375540110683	0.000206033105	0.449059741632	0.644707627799	28	18	
66910000	481.723315	1	1.469365515179	0.000174135920	0.638974281190	0.714667461584	34	17	
66920000	488.779705	1	1.385883971860	0.000151253331	0.626086113053	0.679590931025	37	14	
66930000	478.236926	1	1.410926636370	0.000202657056	0.579778730636	0.597488946802	32	14	
66940000	487.728210	1	1.431762127465	0.000147383825	0.742780304066	0.762085064130	40	21	
66950000	480.745462	1	1.444615772768	0.000128373857	0.980980557861	1.171065149988	40	19	
66960000	484.810994	1	1.374822556300	0.000157512328	0.740121789012	1.339380496586	37	30	
66970000	469.530658	1	1.351319436016	0.000192243186	0.516797357737	0.787796861444	32	20	
66980000	488.636822	1	1.460769327803	0.000169147221	0.643456847343	0.823266451607	33	17	
66990000	481.386693	1	1.377730504293	0.000195639400	0.685391301191	0.654494126019	27	16	
67000000	475.178995	1	1.406764259240	0.000191052445	0.729077093418	0.960130550811	30	20	
67010000	478.543859	1	1.412532237683	0.000205055044	0.366376295648	0.521460347924	24	15	
67020000	485.382875	1	1.402526858236	0.000114191662	0.440924117307	0.669553223297	44	20	
67030000	480.859485	1	1.438379344615	0.000149095419	0.616368910347	1.287933284555	30	15	
67040000	475.713742	1	1.402294573057	0.000375606381	0.354811318950	0.278019122658	29	14	
67050000	477.066735	1	1.433557475840	0.000256697108	0.413534307257	0.653007758357	33	12	
67060000	485.822746	1	1.410892540429	0.000136812460	0.720530185435	0.817619125750	36	16	
67070000	484.777816	1	1.437740826303	0.000167064935	0.743708393214	0.732687613528	50	14	
67080000	465.742420	1	1.429775822173	0.000249234401	0.321765620009	0.491901834465	40	8	
67090000	478.213943	1	1.409542855126	0.000164236719	0.722487399267	1.003098268148	36	9	
67100000	477.378849	1	1.434689538036	0.000157692588	0.740224667837	1.216213723991	40	18	
67110000	491.685350	1	1.443587212440	0.000193209581	0.503703433512	0.666990306065	24	13	
67120000	465.287146	1	1.369227136605	0.000235445830	0.532709743275	0.773011484735	38	15	
67130000	473.663243	1	1.393503139426	0.000221021967	0.448886740382	0.788110848173	28	20	
67140000	486.270100	1	1.460896811190	0.000172255843	0.508460006463	0.869730048083	39	14	
67150000	482.564696	1	1.384446341751	0.000207163768	0.476527884299	0.672561417051	31	19	
67160000	483.479236	1	1.414893528325	0.000191486660	0.709364599361	0.959281171685	19	12	
67170000	494.307610	1	1.366244464479	0.000177395135	0.737976008811	1.015370052126	32	15	
67180000	480.325202	1	1.420040036574	0.000224691781	0.616798469572	0.791979113146	36	10	
67190000	476.696821	1	1.440112537296	0.000200744908	0.630294660058	0.760645859096	31	17	
67200000	470.423056	1	1.427170228748	0.000182727111	0.498812173941	1.000884008869	33	17	
67210000	477.400873	1	1.454162433591	0.000168932481	0.673962769335	0.917900083565	37	20	
67220000	477.632262	1	1.375143249840	0.000183473992	0.758329740004	1.223843882729	28	13	
67230000	482.974867	1	1.357089286068	0.000206553575	0.499675168140	0.574720485235	32	17	
67240000	475.985618	1	1.348838466731	0.000192303303	0.526069309848	1.244356091409	32	16	
67250000	481.633133	1	1.430410912171	0.000181091213	0.596299492814	0.724972968131	25	10	
67260000	481.489987	1	1.421840229101	0.000165152489	0.654995390395	1.088836178934	34	15	
67270000	489.229794	1	1.385626406208	0.000211563465	0.468375117085	0.801937901920	39	12	
67280000	481.210392	1	1.364321497810	0.000182919890	0.725481919979	0.903216731036	27	19	
67290000	469.324486	1	1.422224955834	0.000169895988	0.675227628785	0.829028302318	21	21	
67300000	466.213323	1	1.393566989652	0.000177166285	0.627321948949	1.132381823863	28	12	
67310000	475.459500	1	1.391764758028	0.000193457761	0.614016519253	0.985715433063	31	10	
67320000	468.214167	1	1.454537258171	0.000194003117	0.681955948635	0.674689409932	31	21	
67330000	473.682375	1	1.396178458029	0.000233980194	0.424843498615	0.837079866521	26	15	
67340000	483.265066	1	1.413192555992	0.000178506577	0.580053859990	0.784867065242	29	20	
67350000	486.175678	1	1.391283926266	0.000219238930	0.480992459225	0.692521623620	30	4	
67360000	490.960984	1	1.442365788670	0.000177812541	0.561071030767	0.809338906950	37	15	
67370000	475.334264	1	1.471433830561	0.000139793444	0.964571618858	1.165125632354	35	15	
67380000	485.458067	1	1.410487907076	0.000179593120	0.643474493229	0.886238498893	35	15	
67390000	459.043916	1	1.406642069312	0.000205861435	0.636541281596	0.722460045266	40	12	
67400000	487.508615	1	1.399537967257	0.000192683457	0.610666146886	0.713174654271	29	19	
67410000	482.415175	1	1.417715431464	0.000187792528	0.564197752406	1.052326428558	26	15	
67420000	477.782010	1	1.387010500041	0.000186063317	0.515611225442	0.907719148063	28	16	
67430000	480.674103	1	1.432544776347	0.000176297154	0.578766812526	0.932452719006	28	15	
67440000	478.403247	1	1.436924260668	0.000226246300	0.464523399394	0.753703843012	23	14	
67450000	492.676913	1	1.399007975369	0.000169438984	0.626609430268	0.920295167118	35	13	
67460000	483.691757	1	1.452957636586	0.000167528089	0.931271266086	1.147243542420	37	19	
67470000	495.411930	1	1.388255564809	0.000204881758	0.623388662314	0.594396812057	32	18	
67480000	470.165541	1	1.365492889897	0.000230714346	0.768215996806	0.964696662206	26	17	
67490000	484.231376	1	1.394802334938	0.000135172542	0.790850664223	1.261009863928	41	15	
67500000	471.126933	1	1.410610243045	0.000199916913	0.430150679217	0.654387940029	42	14	
67510000	471.581167	1	1.471833146133	0.000161978556	0.419167280219	0.752757107836	31	15	
67520000	488.134886	1	1.366053906484	0.000174245549	0.340948395171	0.683109409242	36	10	
67530000	482.582559	1	1.431596520582	0.000174396985	0.559775201711	0.799153606660	27	12	
67540000	481.502001	1	1.438519512971	0.000131048740	0.437715807336	0.854820057784	31	17	
67550000	481.081743	1	1.411499175485	0.000157755841	0.552458490161	0.705679271751	32	17	
67560000	477.746494	1	1.371454246485	0.000221316257	0.446391408881	0.573448822890	34	14	
67570000	463.131434	1	1.320078729200	0.000187042925	0.500752777451	1.224062360458	23	16	
67580000	473.878731	1	1.395316899128	0.000132977401	0.786066960456	1.235922828829	25	15	
67590000	479.201933	1	1.437516057474	0.000179592316	0.759906558458	0.994495786840	39	14	
67600000	482.507617	1	1.406771573328	0.000166215411	0.564588167333	0.496577419157	29	17	
67610000	469.073619	1	1.394331744421	0.000159750059	0.758771897767	1.796413411614	35	11	
67620000	482.469216	1	1.346980346068	0.000196868877	0.469634687979	0.673498458935	22	17	
67630000	485.320198	1	1.419113857715	0.000180113060	0.531261993612	0.629235877705	34	19	
67640000	477.097704	1	1.451137156007	0.000201291493	0.431953260473	1.059467166463	26	16	
67650000	474.307368	1	1.423502710785	0.000186571070	0.369917351551	0.815582742565	23	13	
67660000	476.513573	1	1.424404661191	0.000192545917	0.339696065362	0.593809243155	36	13	
67670000	480.705787	1	1.486831179598	0.000171408721	0.561150505893	0.933031948208	24	13	
67680000	490.284069	1	1.403585123979	0.000157627664	0.691505709582	0.804731826099	28	11	
67690000	465.754104	1	1.405873189152	0.000181736031	0.560942706546	1.086788500396	31	16	
67700000	476.145279	1	1.424818616371	0.000158074717	0.458137361220	0.825505928891	31	21	
67710000	488.129229	1	1.489281203397	0.000182841597	0.260706965190	0.882908380564	34	13	
67720000	484.894068	1	1.405273288693	0.000168446898	0.405200270986	0.704133066127	32	9	
67730000	471.463101	1	1.412604234962	0.000186519828	0.492980827462	0.766508036540	30	11	
67740000	481.550808	1	1.425272498935	0.000181524808	0.528281712246	0.572182946071	23	17	
67750000	479.511498	1	1.343939274468	0.000240101221	0.337244697589	0.734955543441	31	9	
67760000	465.230521	1	1.473414134534	0.000220454115	0.356525119054	0.598464301945	28	14	
67770000	466.758283	1	1.359523638618	0.000196613259	0.354513449038	1.065215370744	25	11	
67780000	473.397469	1	1.414874379766	0.000207558704	0.425500964676	0.926495043845	32	12	
67790000	489.798789	1	1.380563637813	0.000156074923	0.515057577385	0.676232987140	28	11	
67800000	492.712366	1	1.379377133893	0.000198644006	0.383729809190	0.656215399824	35	21	
67810000	476.491896	1	1.468090427833	0.000124994896	0.611604410041	0.970302353588	25	17	
67820000	475.284041	1	1.405751227279	0.000150103505	0.663597137864	1.029599837924	33	14	
67830000	478.724724	1	1.435801886091	0.000159866922	0.451342943080	1.137494984481	28	14	
67840000	478.566669	1	1.407447973918	0.000175621740	0.801132626122	1.058979832669	37	11	
67850000	480.892923	1	1.428304039417	0.000190378728	0.633647444904	0.732310105262	38	15	
67860000	466.811430	1	1.430884828764	0.000258562901	0.442939986201	0.854611642137	34	9	
67870000	476.465752	1	1.459936177029	0.000138734189	0.676443304870	1.232513417319	31	13	
67880000	478.139762	1	1.403536378632	0.000198722111	0.460104103187	0.784990681148	33	16	
67890000	474.654146	1	1.494794249014	0.000166779465	0.974512964518	1.235731796940	35	10	
67900000	483.043709	1	1.440633422201	0.000220732372	0.539179914803	0.769114789406	30	14	
67910000	483.243452	1	1.405825274544	0.000139967763	1.144245272042	0.880390780719	41	18	
67920000	487.264455	1	1.372196631594	0.000190396931	0.547048616984	0.910355144325	23	10	
67930000	472.538541	1	1.459629134552	0.000157110973	0.873203434223	1.224344756471	28	14	
67940000	483.445720	1	1.410959802416	0.000170037344	0.537549168403	0.636073954863	27	17	
67950000	460.399241	1	1.425504886533	0.000193519599	0.646604662076	1.163884132481	34	16	
67960000	484.044709	1	1.449853045453	0.000170513748	0.412226506766	0.984155877409	36	15	
67970000	467.250887	1	1.392465198211	0.000201865265	0.727878021042	0.768986888280	27	13	
67980000	482.043148	1	1.390126439982	0.000187397510	0.557431730057	0.767106859132	29	16	
67990000	482.050604	1	1.417447983942	0.000165961043	0.758314621504	0.746620579027	36	12	
68000000	482.447829	1	1.458355027218	0.000217854731	0.515958722580	0.467281063374	23	18	
68010000	469.343839	1	1.376108127049	0.000219023817	0.538007190128	0.699146719893	28	17	
68020000	478.470606	1	1.481381848700	0.000204669833	0.517433460716	0.836426688290	22	16	
68030000	471.711003	1	1.418709806255	0.000196962312	0.687194814397	0.844721311000	19	12	
68040000	474.700784	1	1.467190692115	0.000120567223	0.880857460973	1.001028241038	26	17	
68050000	479.549761	1	1.403289298092	0.000221841770	0.648988909370	0.545119425679	35	13	
68060000	462.513404	1	1.423667893656	0.000179570885	0.586366239447	0.989702539864	34	13	
68070000	474.117067	1	1.440063670350	0.000165591954	0.822351588670	1.046882748495	27	14	
68080000	474.522217	1	1.405689666853	0.000141055034	0.882725581639	1.187261766759	22	12	
68090000	479.302621	1	1.388445088766	0.000203261955	0.713832787420	1.022671017534	32	12	
68100000	487.080375	1	1.399334824352	0.000199341657	0.653153000235	0.716676871092	36	9	
68110000	483.346519	1	1.403982537534	0.000196479809	0.530296828447	0.882750191367	32	10	
68120000	487.931963	1	1.443280203626	0.000173638945	0.859418948625	0.990219570987	38	21	
68130000	484.247651	1	1.400905916210	0.000302767576	0.271783054250	0.697040020329	35	12	
68140000	470.079416	1	1.434959457692	0.000269127201	0.569898335693	0.579241965187	38	17	
68150000	491.531625	1	1.437758010208	0.000227258934	0.422188693554	0.726376945021	29	16	
68160000	473.039015	1	1.358135159089	0.000243222029	0.375368674651	0.531283520805	27	22	
68170000	475.093791	1	1.397888550387	0.000277860728	0.803794404754	0.543861994276	37	18	
68180000	474.208112	1	1.476422429731	0.000235999557	0.360537709416	0.530264030890	29	18	
68190000	462.435794	1	1.426346873897	0.000243767087	0.397840030078	0.753317377550	19	12	
68200000	479.957567	1	1.424983409947	0.000237125751	0.403257978282	0.580124705405	36	18	
68210000	482.700014	1	1.447172596115	0.000316486234	0.322989877258	0.817445868161	28	13	
68220000	467.154077	1	1.409402605237	0.000295194267	0.461631174974	0.541070237967	37	12	
68230000	470.938007	1	1.375725922474	0.000269126601	0.596387375168	0.940088124469	22	15	
68240000	461.750905	1	1.437122591439	0.000310276703	0.386342886177	0.856556614845	20	16	
68250000	476.088322	1	1.422215155511	0.000187524414	0.582438590208	1.105624901949	30	18	
68260000	486.089875	1	1.481795820650	0.000135333142	0.894637039992	1.221282536421	32	20	
68270000	489.880732	1	1.429134416936	0.000335945146	0.285918198611	0.284142302780	29	17	
68280000	471.519036	1	1.462218188783	0.000275408349	0.318385102702	0.533480477967	39	16	
68290000	473.990160	1	1.434171870509	0.000245448748	0.439540426021	0.780973625633	39	19	
68300000	473.084662	1	1.422704268874	0.000255910270	0.475171048826	0.750304521672	32	20	
68310000	475.840613	1	1.334068034102	0.000351703046	0.294459671165	0.471453756251	24	20	
68320000	466.082818	1	1.469934850993	0.000381133677	0.266521017733	0.405907291428	21	12	
68330000	473.610754	1	1.397633046288	0.000225299554	0.571256645087	1.170500470817	35	13	
68340000	472.405753	1	1.377265419746	0.000372175854	0.293169529273	0.539080381668	33	11	
68350000	486.502705	1	1.400682087316	0.000202519320	0.477297657975	0.614840405201	44	15	
68360000	469.987306	1	1.440605850874	0.000351860419	0.358899329739	0.603178372026	44	18	
68370000	482.478704	1	1.447729041465	0.000295364368	0.601831180588	1.178427713184	30	20	
68380000	476.625620	1	1.349892307522	0.000127130052	0.870231065842	1.087161885168	28	12	
68390000	470.614705	1	1.429966213536	0.000234877482	0.423584989713	0.836823766340	23	15	
68400000	467.743894	1	1.351634623085	0.000191950219	0.560752596346	1.068992209393	21	18	
68410000	483.038422	1	1.376810839117	0.000215165967	0.536945105524	0.679196952123	24	12	
68420000	478.970293	1	1.414405349594	0.000236559784	0.437253555081	0.871670679200	34	15	
68430000	489.211726	1	1.434359272881	0.000217318976	0.443536689019	0.820694043233	33	19	
68440000	483.057948	1	1.397192719419	0.000168944489	0.527642306327	0.616989924838	35	23	
68450000	481.977662	1	1.444663997305	0.000231991943	0.475758117762	0.644152959558	29	17	
68460000	474.983353	1	1.460706459188	0.000223987370	0.594202391342	0.627135470137	43	21	
68470000	478.322803	1	1.383995281453	0.000238139721	0.373189988230	0.631104935754	26	22	
68480000	473.826101	1	1.407234958153	0.000210395680	0.495186839882	0.588432255969	28	17	
68490000	486.460874	1	1.356063373186	0.000312945843	0.375877766652	0.588019732194	36	19	
68500000	479.170140	1	1.456900875305	0.000203633154	0.395825078208	0.456837786354	47	18	
68510000	483.231908	1	1.429593175130	0.000176567040	0.521421716838	0.868877400498	32	11	
68520000	479.529609	1	1.397142892632	0.000113845090	0.604498244920	1.304316602328	38	21	
68530000	475.131086	1	1.398351499928	0.000164479874	0.592328608589	0.807780654373	39	24	
68540000	492.939542	1	1.411285320890	0.000152344546	0.609315185946	0.628634159443	35	24	
68550000	478.231152	1	1.467429121544	0.000188446970	0.569825090472	1.184935595930	35	13	
68560000	483.195484	1	1.389458373503	0.000191389913	0.735564705871	0.688692357241	30	14	
68570000	472.926376	1	1.396626235656	0.000212835027	0.586557672342	0.806161050913	33	13	
68580000	473.631472	1	1.420489620397	0.000274020730	0.336434005582	0.546685180073	29	18	
68590000	478.505984	1	1.338342226395	0.000207603169	0.353947631755	0.692467737803	29	15	
68600000	476.197497	1	1.437359306531	0.000195819250	0.461589922250	0.805251361751	23	14	
68610000	483.394762	1	1.433078825832	0.000175464189	0.541328509146	0.633958347423	36	19	
68620000	476.757604	1	1.438128123638	0.000183488563	0.445550888738	0.748329828421	32	14	
68630000	485.310480	1	1.461538214451	0.000172469953	0.637160691687	0.715306074980	44	14	
68640000	477.448336	1	1.343129903552	0.000210171030	0.512078154645	0.734871743350	33	12	
68650000	478.010311	1	1.435596165418	0.000193890846	0.388467746440	0.715623228317	19	20	
68660000	481.242053	1	1.398206986968	0.000174517019	0.641698854895	0.819322963179	38	15	
68670000	490.160157	1	1.439077912912	0.000179368921	0.322757507627	0.611577403510	35	21	
68680000	480.185146	1	1.353602205807	0.000180545936	0.538654554126	0.926351949924	39	16	
68690000	468.942303	1	1.465917140881	0.000228599709	0.482148065359	0.748639153801	32	13	
68700000	482.284091	1	1.421652678382	0.000193117111	0.578620882405	0.564558307559	32	12	
68710000	479.150717	1	1.439859707012	0.000210968234	0.535645924923	0.835575392784	32	15	
68720000	472.031233	1	1.336058426026	0.000209998835	0.604596583514	0.892634776055	31	15	
68730000	474.662922	1	1.363752422897	0.000201149408	0.643706776793	0.855071242655	24	9	
68740000	486.468795	1	1.401291833608	0.000151128394	0.795893658180	1.019428241042	35	15	
68750000	487.579984	1	1.374342316137	0.000154081752	0.499999474319	1.294149356208	41	15	
68760000	468.813528	1	1.487631694448	0.000184958811	0.533463064213	0.803626819297	43	13	
68770000	482.116216	1	1.444335951366	0.000195195337	0.400837946512	0.643482217619	36	12	
68780000	479.399660	1	1.429763532920	0.000166373113	0.696375597713	0.897579709922	34	17	
68790000	474.860329	1	1.408403891324	0.000159102051	0.862167912565	1.195692458168	36	23	
68800000	471.282543	1	1.397075844844	0.000165894322	0.585098463458	0.898481137206	31	15	
68810000	466.379728	1	1.393287586317	0.000163345827	0.637515913489	0.636761670193	28	22	
68820000	487.798223	1	1.438328320911	0.000167257750	0.662507145367	0.701337844803	38	15	
68830000	474.568647	1	1.471667202946	0.000197835461	0.579532205000	0.742003056808	35	12	
68840000	477.040645	1	1.473350288770	0.000222419417	0.481342542244	0.817921522791	34	16	
68850000	481.733556	1	1.410027000813	0.000168098068	0.841605700478	1.250632516695	35	9	
68860000	491.207435	1	1.415747455362	0.000159922595	0.594465930663	0.964421797891	27	14	
68870000	470.263843	1	1.428636544183	0.000210698917	0.527241877230	0.794408315228	35	15	
68880000	480.447550	1	1.423838520529	0.000151612402	0.569733393818	0.683302686299	29	15	
68890000	471.302367	1	1.401992601461	0.000146961952	0.430334860917	1.214830578890	29	15	
68900000	495.369711	1	1.379418258464	0.000182519910	0.290888107716	0.597452309949	35	24	
68910000	482.825948	1	1.394638960255	0.000165089110	0.627380412556	1.331735710615	29	19	
68920000	486.443726	1	1.428672026864	0.000163595365	0.579776009555	0.869577647046	28	17	
68930000	477.895577	1	1.379635378136	0.000185712898	0.328355665348	0.710540145865	35	10	
68940000	482.918741	1	1.412320568383	0.000144861462	0.382939909321	1.115587439644	33	12	
68950000	470.570542	1	1.363316042819	0.000157583526	0.529662352848	0.809967632408	26	13	
68960000	475.153552	1	1.316186855857	0.000181723801	0.483255099735	1.006151067566	40	11	
68970000	476.160439	1	1.399237460173	0.000185339506	0.666835078127	0.721071725628	30	11	
68980000	482.317727	1	1.386758061025	0.000199457258	0.402712311944	0.691955554209	40	10	
68990000	471.223571	1	1.405053403618	0.000138568619	0.619766422819	1.188752494194	34	11	
69000000	477.412173	1	1.374908948360	0.000154564548	0.566089676154	0.895236266504	30	21	
69010000	476.578273	1	1.431627533180	0.000139077473	0.488876386614	0.802423101036	31	14	
69020000	472.364948	1	1.435732893718	0.000204541679	0.381287302606	0.622621042096	26	17	
69030000	485.104928	1	1.436665118859	0.000157630584	0.336553653340	1.167971568981	36	19	
69040000	475.095295	1	1.429718682137	0.000197603076	0.619102236866	0.805548087275	42	13	
69050000	483.696130	1	1.395528409090	0.000230929810	0.385806345854	0.844387911551	34	13	
69060000	471.659868	1	1.384133379925	0.000299277301	0.429944146458	0.626094870951	32	13	
69070000	481.645481	1	1.458416563564	0.000223783993	0.592381516948	0.632327875011	40	14	
69080000	478.455352	1	1.423754417439	0.000190602110	0.564135487477	0.749003847408	38	11	
69090000	490.235064	1	1.405861790106	0.000179552918	0.840166690329	0.934209546589	32	10	
69100000	478.075082	1	1.439139841229	0.000146585036	0.723992453131	0.849761888137	37	16	
69110000	475.263923	1	1.416526648921	0.000212727127	0.594895996039	0.933181070567	32	10	
69120000	478.738189	1	1.431258642172	0.000179993455	0.548446489431	0.922184732597	30	20	
69130000	487.874414	1	1.418938675265	0.000118188771	0.889086614456	0.877788277654	37	21	
69140000	473.377202	1	1.440184336651	0.000195168932	0.614576336102	0.953272071941	36	13	
69150000	478.136358	1	1.374922909219	0.000182240503	0.694152583428	0.631674760506	34	14	
69160000	476.126623	1	1.395690472308	0.000194382035	0.519052532728	1.013464111209	23	11	
69170000	464.768986	1	1.430738863816	0.000259702846	0.600998315387	0.715085475198	34	12	
69180000	481.001172	1	1.403101054575	0.000232030153	0.540864999942	0.580761551382	34	19	
69190000	463.104468	1	1.458107715868	0.000187024657	0.386875366993	0.778427780516	25	15	
69200000	467.987866	1	1.361912930499	0.000197581536	0.641619390459	1.052794581675	26	12	
69210000	470.988624	1	1.448579473161	0.000168184171	0.722198622446	0.839127478314	30	11	
69220000	476.468047	1	1.350885415520	0.000152131106	0.632761875368	1.217124322332	33	14	
69230000	471.648787	1	1.448795629587	0.000171751948	0.637107344565	1.186303745135	29	16	
69240000	475.931652	1	1.459937159551	0.000147522937	0.667628844983	1.022665316678	34	13	
69250000	472.275293	1	1.418048555645	0.000203452215	0.654894212413	0.647584100566	32	16	
69260000	485.485138	1	1.438787773930	0.000157004145	0.936478195208	1.081577519485	32	15	
69270000	494.138367	1	1.426203744941	0.000140465322	0.487957223240	1.209578699585	28	9	
69280000	485.754633	1	1.469066857424	0.000240066588	0.451692977940	0.700886217882	38	13	
69290000	475.452237	1	1.412923485288	0.000194758155	0.440357148406	0.876858513185	30	12	
69300000	476.538951	1	1.396791257025	0.000175740463	0.414561984025	0.764113964714	31	16	
69310000	484.534925	1	1.425299976409	0.000168870027	0.574636030148	0.988438156314	42	15	
69320000	470.155526	1	1.390273808385	0.000194831138	0.533028750243	0.808874720977	34	20	
69330000	486.198964	1	1.439750557923	0.000202736021	0.575770918400	0.658799586319	38	20	
69340000	469.074184	1	1.454064688006	0.000198409060	0.567770445519	1.373181761946	24	13	
69350000	478.559344	1	1.411761317192	0.000155327900	0.606968559801	0.891661133556	38	14	
69360000	475.845936	1	1.375969577498	0.000158884429	0.607637353621	0.949719292574	41	16	
69370000	486.867481	1	1.429241312247	0.000184329379	0.615935687242	0.786982562681	23	17	
69380000	474.538529	1	1.374450905698	0.000227522626	0.483970797212	0.534001574624	35	16	
69390000	482.891282	1	1.412128707725	0.000157600400	0.773857581233	0.833176815326	27	18	
69400000	473.612969	1	1.431454937675	0.000133731567	0.949048615166	0.838854460713	26	18	
69410000	474.926217	1	1.443761002256	0.000199028065	0.718869372732	0.793414552380	30	14	
69420000	480.837728	1	1.367584200204	0.000186819774	0.565293376814	0.715880714379	39	15	
69430000	489.106986	1	1.470964495128	0.000170693727	0.680277072583	0.934227464724	35	15	
69440000	479.269895	1	1.445870576460	0.000218963686	0.644726921856	0.470051024489	31	13	
69450000	485.840670	1	1.382737498644	0.000216287196	0.521735525116	0.509587397130	28	16	
69460000	470.261300	1	1.390236469387	0.000231147376	0.616366894201	0.717305806955	23	12	
69470000	462.409343	1	1.442822242422	0.000217582047	0.637279938835	1.108338602537	31	11	
69480000	474.503080	1	1.437398513343	0.000186653176	0.563319089220	0.712573763444	26	17	
69490000	487.642256	1	1.384814648427	0.000190250649	0.557731609587	0.808703928631	34	13	
69500000	471.812322	1	1.396692657828	0.000239224899	0.439480200898	0.704965890559	28	10	
69510000	483.835467	1	1.460048680302	0.000177712718	0.499585300993	0.851595973763	31	12	
69520000	485.132744	1	1.403257886135	0.000170920138	0.641876362305	0.732671309717	31	13	
69530000	482.275047	1	1.427937868845	0.000168068177	0.907554423470	0.872720330350	34	9	
69540000	467.251279	1	1.381870813082	0.000213057907	0.686756689444	0.841414607313	44	9	
69550000	470.650258	1	1.396752360543	0.000182984987	0.729301688133	0.796701277410	40	14	
69560000	478.680833	1	1.441367341985	0.000230398607	0.543213887856	0.582186715040	34	16	
69570000	472.099918	1	1.375341484031	0.000226505621	0.541135667136	0.857707402036	31	15	
69580000	482.624131	1	1.447757365281	0.000174982296	0.509175422112	0.785006545125	28	13	
69590000	476.298637	1	1.400565141966	0.000200472136	0.385868989683	0.965310963209	30	19	
69600000	463.842547	1	1.447854787000	0.000168234001	1.160366623429	1.190052014796	27	9	
69610000	473.462114	1	1.407599500284	0.000183620759	0.605442396400	1.101914905844	33	12	
69620000	490.433742	1	1.405739935646	0.000188103831	0.476156830371	0.669398142452	36	17	
69630000	484.142423	1	1.367822562807	0.000202086003	0.548328688178	0.866839146533	42	17	
69640000	476.064750	1	1.499010798137	0.000197680212	0.535533789857	0.717940882213	40	11	
69650000	475.089675	1	1.394661192536	0.000207788456	0.532100530482	0.794667513560	31	13	
69660000	479.900993	1	1.420057009058	0.000159941837	0.847691487894	1.066705949160	25	21	
69670000	483.393988	1	1.425896429567	0.000188596948	0.612704381941	0.801062025560	33	11	
69680000	476.645061	1	1.373607936031	0.000149001601	0.801223312911	1.070716374378	35	16	
69690000	478.251531	1	1.418659946909	0.000161567681	0.802972334469	0.742172306159	22	14	
69700000	484.133356	1	1.401942777879	0.000173474128	0.813672938545	0.950356923598	32	15	
69710000	478.949214	1	1.438470001107	0.000204977162	0.583951485608	0.839967605107	33	16	
69720000	476.757054	1	1.431178456555	0.000196186632	0.439118142197	0.772214159614	35	12	
69730000	481.175752	1	1.375880108763	0.000153305713	0.478610298648	0.710401283933	26	14	
69740000	481.954586	1	1.397405761733	0.000129035874	0.811686073697	0.967235391189	27	17	
69750000	474.998431	1	1.448914554277	0.000105121908	0.489410851855	1.606583749925	37	13	
69760000	481.754944	1	1.375539082494	0.000173470099	0.425823797120	0.563559603176	34	14	
69770000	477.696742	1	1.456290930745	0.000191436771	0.434406021173	0.832466886879	39	16	
69780000	471.997583	1	1.421200136146	0.000192987066	0.536457224022	1.278451595246	37	9	
69790000	484.430169	1	1.426728286480	0.000194328912	0.550799523865	0.840659397559	36	13	
69800000	465.038662	1	1.454313278703	0.000234207336	1.066821197975	1.264371282679	28	13	
69810000	474.749270	1	1.404419344150	0.000230005169	0.772537143271	1.254036191359	25	18	
69820000	474.625383	1	1.487179968825	0.000199853646	0.643887047966	1.034081219794	28	12	
69830000	472.035463	1	1.378540236103	0.000162440719	0.724605755969	1.122900180675	37	11	
69840000	484.958921	1	1.457838189162	0.000142165458	0.732634989000	0.973175196496	48	13	
69850000	463.984772	1	1.437820609204	0.000171730512	0.882010022369	1.241371322239	29	11	
69860000	467.656338	1	1.344402682432	0.000182441809	0.831989978030	1.236219225698	29	12	
69870000	476.044273	1	1.485458782019	0.000200477942	0.635998880333	0.923574178795	30	12	
69880000	468.757857	1	1.441113971809	0.000247808149	0.500702008698	0.555741764322	33	22	
69890000	475.362109	1	1.379574311519	0.000185436375	0.620875406510	0.770391574548	29	9	
69900000	475.373388	1	1.438643550396	0.000206551662	0.335192512580	0.623785370283	35	11	
69910000	487.452090	1	1.437421444331	0.000161969919	0.451515762173	0.684020762618	42	20	
69920000	499.387380	1	1.420412956413	0.000154412868	0.456817199232	0.542025282907	43	17	
69930000	487.867624	1	1.357903633570	0.000156355670	0.602693508412	0.845740478416	44	13	
69940000	471.225821	1	1.427119543935	0.000196883834	0.650780846245	0.733750530180	35	13	
69950000	472.081733	1	1.445536929772	0.000184138052	0.612907091435	0.868220317941	37	15	
69960000	472.439063	1	1.397055804084	0.000234839724	0.441952671967	0.836167025043	34	10	
69970000	472.381586	1	1.435522847741	0.000123780034	0.809680554051	1.262266309972	26	13	
69980000	484.644115	1	1.400199554064	0.000180976608	0.566909066315	0.731697112754	38	23	
69990000	478.650898	1	1.407097586968	0.000199589537	0.441357668512	0.685455263673	29	18	
70000000	471.950237	1	1.437249564714	0.000164398497	0.440913490913	0.474489518868	29	14	
70010000	491.484466	1	1.382997419837	0.000171237463	0.522310891377	0.866776537136	33	15	
70020000	486.176601	1	1.410400683962	0.000194711300	0.588956615777	0.661736945561	31	12	
70030000	480.124696	1	1.405369411902	0.000128267780	0.507207303233	0.752851816836	44	22	
70040000	489.973042	1	1.447099216959	0.000148198153	0.601402226006	0.681235840418	30	11	
70050000	484.115019	1	1.479396614111	0.000117379973	0.746232686462	0.992006099572	32	14	
70060000	483.128621	1	1.448053447481	0.000180302075	0.430795489904	0.841476806381	32	10	
70070000	480.691827	1	1.462602382142	0.000172289736	0.774504510689	0.795781820912	37	9	
70080000	478.874547	1	1.434828653746	0.000207839016	0.535937646680	0.799109290170	33	14	
70090000	472.082233	1	1.417737807698	0.000201864214	0.557139109048	0.859513702391	31	16	
70100000	476.445909	1	1.374861170629	0.000177592279	0.432286977738	0.790065237261	40	16	
70110000	481.602937	1	1.409503287927	0.000191551682	0.450895858632	0.852609346325	37	13	
70120000	463.455234	1	1.467719617379	0.000136570127	0.822921837853	0.924574684307	39	17	
70130000	481.476284	1	1.430679580986	0.000159561855	0.669882347435	0.852279399793	31	21	
70140000	464.816385	1	1.400830341378	0.000173454076	0.776711188950	0.907914564428	34	16	
70150000	493.226701	1	1.374645776360	0.000206581257	0.429998210511	0.540339486159	42	13	
70160000	477.081819	1	1.451415284887	0.000148564474	0.810559770857	0.984403524442	34	18	
70170000	464.384776	1	1.478280582286	0.000161002774	0.440931241623	1.175838312537	33	22	
70180000	475.894944	1	1.425271973921	0.000243755607	0.351874549021	0.746683202490	32	18	
70190000	465.934341	1	1.476430281974	0.000239045665	0.518816078722	0.706417980267	42	15	
70200000	462.096593	1	1.440559073224	0.000281393171	0.652730824256	0.695747649253	22	12	
70210000	484.342239	1	1.394268299329	0.000182952510	0.537138953528	1.062550411502	27	14	
70220000	473.030565	1	1.449763414449	0.000175528387	0.670454157863	1.149973618986	30	17	
70230000	490.278867	1	1.427230800279	0.000195059252	0.410308480653	0.748653703656	43	15	
70240000	482.808194	1	1.410777674616	0.000165222473	1.180355408641	0.822345327573	39	13	
70250000	471.785877	1	1.384772141619	0.000229230490	0.599097294258	0.895242467499	31	7	
70260000	478.948779	1	1.464195964182	0.000174079509	0.728303216878	1.161274860670	32	16	
70270000	488.608813	1	1.328291569885	0.000167318414	0.707522576322	0.813692618544	45	12	
70280000	476.504676	1	1.476012442464	0.000178063907	0.761957549416	1.044631203579	27	10	
70290000	487.466001	1	1.465524167838	0.000146571647	1.063942890761	0.929740443146	33	20	
70300000	482.926155	1	1.418814633585	0.000167013201	0.687763866263	0.969427579105	35	17	
70310000	504.409587	1	1.461753465263	0.000145055903	0.502138449763	1.039007922389	41	14	
70320000	490.150938	1	1.419184098048	0.000145059399	0.636873247833	1.640424644813	32	9	
70330000	476.667968	1	1.416531338209	0.000165474615	0.888606329978	1.252389795074	28	8	
70340000	491.018650	1	1.410020089836	0.000134252792	0.996399205987	0.854462328868	33	19	
70350000	481.745127	1	1.433469372767	0.000290895913	0.409699011722	0.778956189865	37	5	
70360000	476.927837	1	1.402517222213	0.000180367766	0.753546525550	0.662109484200	20	15	
70370000	480.965240	1	1.371112544747	0.000207114516	0.640313936620	0.669101604064	31	12	
70380000	474.770819	1	1.461489093119	0.000173524218	0.604503441932	1.108093153926	25	16	
70390000	482.790450	1	1.426354717057	0.000151479940	0.439030917783	0.754604975482	35	12	
70400000	482.503958	1	1.413749002901	0.000154194784	0.774159146900	0.764902989929	33	18	
70410000	477.606019	1	1.436724678408	0.000182003205	0.810979505964	0.709623461763	31	18	
70420000	476.440227	1	1.370289931173	0.000211940198	0.337603478209	0.609473152275	43	19	
70430000	479.577344	1	1.441325292426	0.000139434424	0.653100046538	0.857821067643	32	16	
70440000	476.491992	1	1.454826084186	0.000178665388	0.511570913494	0.883760264765	27	15	
70450000	482.349923	1	1.474023295853	0.000194957761	0.703184735175	0.760578397693	31	16	
70460000	484.061755	1	1.470096946690	0.000195273859	0.444937762388	0.639188945864	36	15	
70470000	476.278835	1	1.405735313979	0.000190245316	0.641125898247	0.917434977028	26	19	
70480000	473.225104	1	1.391664919301	0.000216677676	0.408990785877	0.846312223691	24	14	
70490000	479.955041	1	1.459787807425	0.000236972047	0.649893962034	0.616047991215	33	18	
70500000	481.318423	1	1.451886461834	0.000175977288	0.654564045402	0.973666054288	30	17	
70510000	485.375966	1	1.527987102925	0.000151994316	0.785986829589	1.133926076413	29	21	
70520000	487.695638	1	1.371586689025	0.000181429444	0.637294114344	0.667413817379	32	17	
70530000	464.089395	1	1.461967665924	0.000178307576	0.763822224406	0.811021017363	25	10	
70540000	464.232410	1	1.364784894399	0.000193916209	0.579657206909	0.800911517560	32	21	
70550000	482.680645	1	1.421326923999	0.000179343458	0.392072092126	0.684188040099	28	15	
70560000	478.832597	1	1.466930370128	0.000135596921	0.811497458464	1.279135665869	35	16	
70570000	470.095875	1	1.414558967394	0.000154036402	0.597538687710	0.845616051728	33	17	
70580000	493.280517	1	1.364575137381	0.000201087958	0.416550869234	0.659178142185	34	16	
70590000	485.292063	1	1.437187333404	0.000219531096	0.349869598027	0.416669734764	33	15	
70600000	482.409299	1	1.449317373881	0.000140449298	0.744315949300	1.045126818276	32	16	
70610000	464.532231	1	1.429305537216	0.000148204304	0.697698181559	1.065868124806	30	14	
70620000	458.940616	1	1.394836160255	0.000220412272	0.438903570713	0.641816149171	24	14	
70630000	481.689853	1	1.431722381716	0.000214988499	0.578697352223	0.719171133340	38	18	
70640000	480.314132	1	1.448531151562	0.000187142316	0.381577217009	0.655945671243	35	15	
70650000	484.789861	1	1.365797028300	0.000158953167	0.669336416791	0.850884557170	32	14	
70660000	478.292724	1	1.400127826904	0.000145695782	0.786115428162	0.881984453043	40	11	
70670000	470.472217	1	1.433551811607	0.000261127809	0.421198584970	0.642948149802	27	10	
70680000	485.971411	1	1.446191452050	0.000181390457	0.465875844755	0.795412270370	40	12	
70690000	484.079651	1	1.441561605173	0.000183977005	0.612031357875	1.138850355908	32	11	
70700000	479.813239	1	1.399473210506	0.000186653970	0.631557638773	0.786428559763	23	16	
70710000	473.799884	1	1.417817469246	0.000182339154	0.617308160070	0.932147371482	30	14	
70720000	473.985796	1	1.442854264337	0.000185027590	0.564458538768	0.959982275097	38	13	
70730000	482.258041	1	1.389382964316	0.000182234713	0.828319400135	0.885416377941	36	15	
70740000	471.673436	1	1.393238231922	0.000139213240	1.054783242899	1.517472141755	24	12	
70750000	477.193302	1	1.427516945083	0.000188981790	0.655804965498	0.874795856458	30	9	
70760000	474.264575	1	1.416576656298	0.000210929379	0.566011569853	0.775406679531	36	13	
70770000	493.551843	1	1.464845079819	0.000132132605	1.030007734183	1.183690156197	50	12	
70780000	490.566803	1	1.421479836018	0.000185510510	0.706717700944	0.807438777981	35	14	
70790000	502.298915	1	1.425608906445	0.000130482858	0.603020313452	1.013827191415	32	17	
70800000	486.320351	1	1.437351982828	0.000180052441	0.747273370285	0.768046239637	29	12	
70810000	474.226070	1	1.351858384035	0.000253525945	0.410081235607	0.711281148714	19	13	
70820000	479.738579	1	1.341644597227	0.000202002583	0.471025110446	0.678952898367	24	17	
70830000	486.608346	1	1.408961283803	0.000228826470	0.289764018531	0.609211489297	30	17	
70840000	474.251132	1	1.482566219358	0.000228351694	0.506291159161	1.012108708005	26	14	
70850000	489.183341	1	1.465275720365	0.000177386615	0.631984440274	0.937440576468	33	9	
70860000	471.886015	1	1.474960191757	0.000232454172	0.573559382859	0.654099753123	24	18	
70870000	483.210900	1	1.436052529538	0.000190159330	0.588236323599	0.790183212899	32	15	
70880000	478.386863	1	1.437918414487	0.000184914685	0.537768269771	0.867629890929	39	12	
70890000	486.255793	1	1.399623664108	0.000195176151	0.367552277056	1.027182747567	36	14	
70900000	479.770398	1	1.404739127233	0.000249630951	0.377442142304	0.586836457066	26	10	
70910000	471.462689	1	1.409120555690	0.000244235800	0.504961096517	0.627434740642	21	10	
70920000	471.852920	1	1.453574728171	0.000269141349	0.361395677846	0.640882315367	26	14	
70930000	473.432425	1	1.372822682570	0.000225276271	0.516769955804	0.756413094672	17	7	
70940000	487.142746	1	1.333372392530	0.000184551420	0.458168777034	0.797909167181	21	15	
70950000	475.081381	1	1.432575112480	0.000205608914	0.638551700239	1.180143981527	26	9	
70960000	478.206417	1	1.362292262466	0.000270715386	0.380155425247	0.581326438957	34	12	
70970000	474.912913	1	1.527891722093	0.000215843936	0.531737123875	0.785219213405	29	13	
70980000	478.228917	1	1.391265231575	0.000279139907	0.331523865470	0.511314552481	31	13	
70990000	492.994512	1	1.449844581074	0.000131475412	1.070454359153	0.854302363620	49	12	
71000000	495.482557	1	1.439840295680	0.000159792144	0.604671916705	0.917032149829	35	10	
71010000	477.678223	1	1.423781907433	0.000202047126	0.421680306968	0.891247330473	29	12	
71020000	472.607139	1	1.441513575892	0.000227820163	0.303598553075	0.802198806941	24	14	
71030000	469.265153	1	1.450524791534	0.000183960584	0.695648670560	0.964700605571	26	13	
71040000	466.537070	1	1.336569185727	0.000183517892	0.450568673444	0.950290336123	31	18	
71050000	463.189610	1	1.447937354820	0.000193256869	0.860409863081	0.842213545050	32	14	
71060000	490.139744	1	1.468658081767	0.000189552832	0.766488466580	0.898202512530	40	14	
71070000	490.939402	1	1.425761829961	0.000188482665	0.584129487877	0.735313673471	30	14	
71080000	476.369141	1	1.456399680243	0.000229295153	0.418079512540	0.327232918548	27	23	
71090000	481.455328	1	1.421414538598	0.000134312156	0.918790912109	1.133747063714	34	17	
71100000	472.064344	1	1.464052905594	0.000195211027	0.604783880636	0.872614771554	34	16	
71110000	489.838891	1	1.475667686909	0.000197236797	0.453784677114	0.741755301678	37	14	
71120000	477.675546	1	1.441355426829	0.000233301099	0.502404447663	0.818894106876	24	8	
71130000	487.162080	1	1.467407750566	0.000159146156	0.681075199415	0.779758234430	35	17	
71140000	473.167086	1	1.434416483971	0.000220456557	0.667134255876	0.579944461265	27	11	
71150000	479.119846	1	1.391527286932	0.000212845581	0.691513714533	0.616837180312	34	9	
71160000	488.050864	1	1.357493872960	0.000198364234	0.440593304648	0.684990890055	39	16	
71170000	474.593812	1	1.396529510346	0.000216364590	0.770000993475	0.716279261919	29	13	
71180000	467.905437	1	1.408629827436	0.000200393910	0.582159274324	0.960633087975	28	17	
71190000	474.916261	1	1.416741671191	0.000230751233	0.529140639485	0.614738195664	38	14	
71200000	489.614102	1	1.420415506699	0.000147129521	0.749341132217	1.268601248845	46	18	
71210000	473.678515	1	1.405717387593	0.000138239541	0.666678749754	0.834486405050	37	12	
71220000	466.518494	1	1.455249598896	0.000204171559	0.604306884290	1.047758895049	27	13	
71230000	470.342902	1	1.426277015205	0.000226683602	0.483980841505	0.718015551652	26	16	
71240000	489.715131	1	1.420583140698	0.000185459685	0.443265603254	0.738119855681	36	19	
71250000	478.670490	1	1.489580994488	0.000234570591	0.618471077365	0.727173064727	29	18	
71260000	489.439139	1	1.437151044369	0.000170444527	0.621778797506	0.847508392956	23	17	
71270000	478.804542	1	1.396305825861	0.000177017372	0.367375591901	0.783306640814	31	19	
71280000	478.071152	1	1.475459218559	0.000202722733	0.588493133307	0.831981599251	29	17	
71290000	481.877246	1	1.452721966016	0.000163122983	1.087565151927	1.169916773628	32	16	
71300000	474.479294	1	1.373929444507	0.000244214893	0.456702333487	0.620254813151	36	12	
71310000	477.071302	1	1.428966488722	0.000159676923	0.791238818725	1.309992555873	31	17	
71320000	467.868655	1	1.494736577865	0.000206761674	1.025008504206	0.972201522684	31	14	
71330000	472.722773	1	1.433036835015	0.000197539337	0.442352352186	1.234341646278	23	14	
71340000	487.528405	1	1.385187485047	0.000184303127	0.481371616191	0.702103788447	30	20	
71350000	480.729187	1	1.488890486131	0.000179669187	0.734065125970	0.866428564244	38	10	
71360000	462.949526	1	1.381262938769	0.000349964644	0.595253579054	0.480041616591	29	14	
71370000	481.941281	1	1.403216438897	0.000185571768	0.691661639379	0.579519181478	28	16	
71380000	475.457811	1	1.342918844875	0.000145220985	0.766855431694	0.938177278337	41	16	
71390000	480.795871	1	1.414473383249	0.000208101295	0.434587351361	0.450130345415	46	19	
71400000	474.541451	1	1.436235731904	0.000153318291	0.669805640611	0.928534444472	31	17	
71410000	477.223526	1	1.412264281065	0.000164181559	0.876238432323	1.173408291379	32	15	
71420000	473.708263	1	1.480433117462	0.000142681919	0.591796091620	1.341860410919	30	17	
71430000	476.965238	1	1.429451219316	0.000146681653	0.620351840864	1.304824349171	33	14	
71440000	472.011679	1	1.434522172942	0.000165321907	0.799950569444	1.023682879005	21	16	
71450000	470.262894	1	1.370489984801	0.000148776901	0.815657701717	1.329968431563	36	15	
71460000	469.412701	1	1.440975877181	0.000180230507	0.791045269174	1.166062489496	35	13	
71470000	469.337522	1	1.396122211589	0.000255777258	0.521936177147	0.609229513697	33	11	
71480000	481.680873	1	1.422985244612	0.000198541753	0.700827605542	0.780340510217	27	15	
71490000	486.182578	1	1.440794924979	0.000162748134	0.743674544887	1.330139812646	33	16	
71500000	476.156780	1	1.417381536382	0.000160111078	0.967750898402	1.542219127554	31	11	
71510000	484.985931	1	1.448008580317	0.000252467176	0.338930912936	0.549191158354	30	12	
71520000	457.051512	1	1.397806436688	0.000237157081	0.539575660143	1.081941446267	31	15	
71530000	480.188062	1	1.386899136824	0.000186807668	0.469065774473	0.778228663173	39	14	
71540000	474.920842	1	1.455537723335	0.000368232941	0.322556885240	0.544878063571	25	14	
71550000	481.353253	1	1.405944083515	0.000164716015	0.457731757646	0.647806905704	38	17	
71560000	471.568897	1	1.442783017767	0.000176341196	0.525992045858	0.509075466393	41	19	
71570000	493.609594	1	1.429347153977	0.000156596904	0.554251265607	0.748609681686	31	21	
71580000	481.624633	1	1.347049768197	0.000165470991	0.616049792162	0.870216491084	40	15	
71590000	482.414827	1	1.447807422985	0.000141533474	0.701787614784	0.942107589706	40	14	
71600000	485.811351	1	1.498808588606	0.000235874972	0.406127517463	0.812846626951	38	15	
71610000	471.723469	1	1.419956150938	0.000148065288	0.811528875627	1.360818870120	37	12	
71620000	466.532977	1	1.419110019738	0.000196267616	0.717830729636	1.090038352365	35	18	
71630000	477.083934	1	1.401735799834	0.000177160738	0.746350694037	0.769618872260	27	23	
71640000	472.856857	1	1.376414805690	0.000160974692	0.703094371435	1.079279913752	32	14	
71650000	461.974593	1	1.417057834707	0.000184537024	0.480780692506	1.312524406320	28	10	
71660000	467.329093	1	1.401265639867	0.000212035009	0.895438563324	0.816359522227	27	12	
71670000	483.977007	1	1.504991166302	0.000201358977	0.632421106256	1.060392692163	36	19	
71680000	474.809158	1	1.339338639793	0.000209619861	0.516165469308	0.952646598968	28	16	
71690000	478.636115	1	1.366611873017	0.000197472851	0.516237614986	0.821517677120	41	10	
71700000	471.401420	1	1.359318027113	0.000220028728	0.444258590127	0.622155485415	33	16	
71710000	480.175725	1	1.462070454101	0.000253180450	0.365899856183	0.775586280906	29	14	
71720000	474.860982	1	1.394258374972	0.000203409855	0.556631677654	0.826909189491	25	14	
71730000	477.998122	1	1.393120440335	0.000170011484	0.846675337175	0.763492025330	28	15	
71740000	475.842153	1	1.399459069481	0.000157586891	0.896935261049	1.267633947216	25	15	
71750000	477.082708	1	1.496438742898	0.000200267414	0.481672891897	0.915453782286	37	12	
71760000	488.809676	1	1.412912423908	0.000148927598	1.036632362459	1.256541662553	42	12	
71770000	460.680838	1	1.422193195204	0.000191140010	0.768319905453	1.115393301387	36	11	
71780000	477.888805	1	1.445045764895	0.000223512038	0.492146103834	0.650141668737	35	17	
71790000	482.679071	1	1.454126679467	0.000215276689	0.544685287591	0.810975735173	33	20	
71800000	473.219673	1	1.466139253145	0.000193393956	0.754796778293	0.777392695062	34	12	
71810000	475.376631	1	1.400220284463	0.000194779280	0.467469867023	0.750443844061	30	17	
71820000	480.541410	1	1.382694219278	0.000169589627	0.629744532617	1.388885189200	32	19	
71830000	477.713837	1	1.406462642303	0.000205775036	0.489901817539	0.890819549551	29	16	
71840000	464.807252	1	1.448611191489	0.000189048374	0.660026848586	0.864478789943	27	12	
71850000	491.445040	1	1.433285877791	0.000200002499	0.769630162593	1.354136409022	31	16	
71860000	473.045849	1	1.491833937859	0.000183007720	1.230718512039	1.039414075972	24	12	
71870000	488.423167	1	1.439748467963	0.000237390263	0.502140165895	0.643724177911	40	14	
71880000	487.144616	1	1.417353208315	0.000143072377	0.876082875653	0.922889665230	42	19	
71890000	480.978893	1	1.442746046678	0.000147582287	0.767497673313	0.838153956295	35	22	
71900000	472.419221	1	1.421605757915	0.000203451213	0.624047251104	0.950901241986	37	8	
71910000	477.320294	1	1.396989309577	0.000169022893	0.555302828013	1.440731975882	36	14	
71920000	476.898164	1	1.404756283263	0.000187612264	0.715118955384	0.888548927961	28	13	
71930000	485.631147	1	1.440209219316	0.000175704807	0.457687841458	0.723563932145	40	21	
71940000	489.229093	1	1.407848958275	0.000173617426	0.474376966430	0.939378191318	40	21	
71950000	487.113609	1	1.461422739342	0.000205107619	0.415892094511	0.869386785970	30	18	
71960000	469.918387	1	1.409780804980	0.000218824878	0.669254677677	0.859710455372	25	12	
71970000	481.003118	1	1.411195218810	0.000236115751	0.429288306286	0.771972239413	22	9	
71980000	483.042341	1	1.420606324681	0.000203307262	0.738328388408	0.742091217420	32	10	
71990000	459.554432	1	1.513136262925	0.000296680362	0.353484612731	0.461658933524	28	11	
72000000	477.639674	1	1.401671446979	0.000184867220	0.490113154286	0.860990369842	35	14	
72010000	478.994037	1	1.424554323847	0.000182481416	0.586142292495	0.834109216565	39	9	
72020000	477.434887	1	1.440155812029	0.000152739987	0.618855109264	0.987607449295	25	12	
72030000	481.836515	1	1.384555340802	0.000171350314	0.997521296292	0.869899577870	42	13	
72040000	457.292372	1	1.474062118378	0.000264873559	0.568798043455	0.873668678718	28	12	
72050000	474.904464	1	1.372001068716	0.000185297514	0.550178979354	0.842498140998	36	18	
72060000	474.882035	1	1.432894399629	0.000223107736	0.526005824864	0.700716737546	39	17	
72070000	480.182854	1	1.407232747471	0.000242140751	0.339093077576	0.825644599184	31	14	
72080000	476.556794	1	1.407179852315	0.000150006108	0.622334776373	0.873411375762	34	21	
72090000	478.434350	1	1.383115353391	0.000148605493	0.732152206207	0.881982622566	33	15	
72100000	480.325527	1	1.421393834505	0.000210290208	0.552598734603	0.612018715100	28	17	
72110000	477.803802	1	1.458264534367	0.000151271620	0.619484245465	1.380323283137	28	14	
72120000	483.622762	1	1.456565517472	0.000223762328	0.564665794838	0.685781177439	36	13	
72130000	482.360272	1	1.407904547236	0.000178727152	0.693481915331	0.908215904472	25	12	
72140000	461.493359	1	1.452626398537	0.000197209404	0.616936445621	0.634643386194	32	14	
72150000	467.155362	1	1.372147276693	0.000249333643	0.539447614667	0.999295057709	34	11	
72160000	479.023645	1	1.422801184476	0.000198964818	0.669890113383	0.810961091723	27	9	
72170000	481.104313	1	1.400414641294	0.000220181185	0.446844647903	1.022214575397	40	15	
72180000	480.736750	1	1.430281619811	0.000173866335	0.652608466804	0.975425346309	46	12	
72190000	481.420419	1	1.460156711350	0.000201086184	0.510971236635	0.698343382899	37	9	
72200000	468.368735	1	1.421690014762	0.000199185601	0.524815048479	1.081909843897	26	11	
72210000	470.452575	1	1.385733315152	0.000166128611	0.975932991648	1.034833303375	37	17	
72220000	470.176646	1	1.373070585248	0.000226794657	0.428313559027	0.645629585976	28	15	
72230000	481.640729	1	1.348115329261	0.000240013307	0.512152799139	0.614943885887	31	22	
72240000	475.293742	1	1.410381170049	0.000184700930	0.566702558652	0.685421108465	31	20	
72250000	486.027472	1	1.418643864104	0.000172353032	0.652747020248	0.773661879760	30	12	
72260000	490.939181	1	1.502483318530	0.000134223523	0.572258528138	0.985049567891	37	11	
72270000	487.798849	1	1.405340241156	0.000174059727	0.551430822287	0.848787970697	43	11	
72280000	485.606551	1	1.409332745693	0.000140238413	0.593230740045	0.781898365558	44	19	
72290000	472.437398	1	1.405517862644	0.000166242558	0.387067793566	1.153504414664	41	21	
72300000	482.791515	1	1.442833142547	0.000145685570	0.718255323079	0.863935755393	34	10	
72310000	474.887493	1	1.402578370678	0.000213374918	0.452323289805	0.571332455030	33	17	
72320000	477.107941	1	1.414872491262	0.000210460441	0.477334963353	0.779929023213	27	13	
72330000	487.782978	1	1.457034392896	0.000171705569	0.504554114991	0.758025762550	34	16	
72340000	483.464324	1	1.365172915862	0.000187950247	0.578188516951	0.656525635956	34	18	
72350000	468.160605	1	1.446982744299	0.000165047617	0.647215601961	0.979423882980	38	16	
72360000	479.618034	1	1.374423635080	0.000179172001	0.642482957420	0.881140149473	27	15	
72370000	480.543151	1	1.429863140860	0.000176071758	0.558280438475	0.872759343590	35	15	
72380000	473.189202	1	1.415344447470	0.000153215609	0.672108312304	0.913119174878	29	19	
72390000	469.810353	1	1.393897775308	0.000117962198	0.888826282734	1.418458690354	38	19	
72400000	476.915399	1	1.361954539405	0.000266123784	0.398434744956	0.845761837906	32	19	
72410000	482.394793	1	1.433989693688	0.000180056903	0.661238600991	0.688738761751	32	17	
72420000	484.354257	1	1.392662628062	0.000185090827	0.638825463486	0.887160145330	40	15	
72430000	477.783240	1	1.384799597411	0.000213992330	0.515140050833	0.534871683943	29	17	
72440000	486.714517	1	1.452394919627	0.000122776237	0.711958788088	1.272735461305	27	14	
72450000	480.789637	1	1.381796943921	0.000150291750	0.717195210448	1.088800617591	33	14	
72460000	479.126807	1	1.396905390402	0.000204334428	0.419829931718	0.875062545908	34	12	
72470000	485.048299	1	1.430827699887	0.000172961901	0.527857748770	0.558390694607	36	22	
72480000	477.958198	1	1.433471171006	0.000121226230	0.548389545046	1.389593622379	45	14	
72490000	494.317239	1	1.377804996785	0.000161111210	0.510904041558	0.714278368271	29	16	
72500000	477.501900	1	1.543776387220	0.000184503368	0.474647304440	0.737779136639	27	13	
72510000	481.860158	1	1.361207059324	0.000138330748	0.503076647762	0.887737177881	39	13	
72520000	482.624404	1	1.427684436487	0.000177167169	0.598034771311	0.568822931207	39	15	
72530000	482.404525	1	1.346961940572	0.000200569480	0.570312776507	0.711889367471	30	16	
72540000	487.042981	1	1.403433249310	0.000145874238	0.768475835705	0.984147605532	34	19	
72550000	479.849885	1	1.398968299627	0.000168042289	0.575831531521	0.966275490060	27	15	
72560000	470.186135	1	1.411689056552	0.000189942386	0.604246924292	0.577040456129	24	10	
72570000	483.532083	1	1.397732271631	0.000184379869	0.578417009095	1.272143211430	35	14	
72580000	476.506216	1	1.377894488260	0.000212519919	0.559169381118	0.814335166249	27	15	
72590000	460.561025	1	1.420806239380	0.000226868766	0.651893163153	0.613577868151	32	20	
72600000	483.351475	1	1.474823325732	0.000124488707	1.278974655694	1.136187488778	31	18	
72610000	480.585185	1	1.520422609286	0.000147969611	0.575922643256	1.203260902784	36	15	
72620000	492.954433	1	1.425188694766	0.000138948058	0.553471302092	1.069116433946	39	21	
72630000	479.083069	1	1.432945905777	0.000167395856	0.665157959599	0.925199043077	38	11	
72640000	480.678951	1	1.492766731505	0.000154853831	0.730380729878	0.998043243356	31	12	
72650000	479.480154	1	1.472006682344	0.000190848926	0.549688044392	1.085698069064	22	20	
72660000	490.143094	1	1.390984040341	0.000175523106	0.569183780983	1.075308414490	36	10	
72670000	474.663915	1	1.439319934491	0.000154296266	0.678771013972	1.059321650533	36	12	
72680000	475.473738	1	1.396665503305	0.000222755242	0.701940503268	0.732311427729	36	14	
72690000	479.123419	1	1.335338985983	0.000180756666	0.700659286880	0.885805293953	34	16	
72700000	478.280762	1	1.435404821259	0.000229209069	0.547330042610	0.656584514184	38	10	
72710000	482.020654	1	1.438515562799	0.000164286080	0.649046270361	1.006798211146	38	8	
72720000	485.342016	1	1.477927487627	0.000154418427	0.593607032620	1.142010794944	28	19	
72730000	475.260923	1	1.464006622071	0.000206456402	0.387442595114	0.686600037954	37	13	
72740000	481.294031	1	1.407438694251	0.000156698937	0.635379243728	1.044609347140	31	15	
72750000	484.821266	1	1.385573242707	0.000201703705	0.476938348842	0.766297313607	32	9	
72760000	478.910402	1	1.427262265040	0.000183700648	0.597797894375	0.860404038317	35	10	
72770000	480.842540	1	1.431618718427	0.000193458062	0.567985163876	0.880431686037	26	17	
72780000	480.656868	1	1.424998574565	0.000186914698	0.471859460449	0.736464109184	31	17	
72790000	475.901910	1	1.377996269697	0.000146101861	0.630198937369	1.290530253625	28	18	
72800000	474.839602	1	1.466286485924	0.000169108712	0.601571717329	0.679453344661	24	15	
72810000	471.098181	1	1.480070892549	0.000178482315	0.503923427115	0.883562249769	28	12	
72820000	481.439216	1	1.373487599128	0.000221284484	0.517468038814	0.542225966271	22	18	
72830000	481.792259	1	1.441428354203	0.000174364530	0.708651573084	0.733024694280	39	13	
72840000	482.266113	1	1.459152819790	0.000180878017	0.716773313072	0.752300876129	35	15	
72850000	480.463068	1	1.363276692621	0.000172559773	0.449858950265	0.817423420447	33	17	
72860000	485.297973	1	1.361181056452	0.000166860157	0.788898197151	1.257181725963	28	13	
72870000	494.265704	1	1.451361439474	0.000176768325	0.504980408734	0.789019901676	40	18	
72880000	481.867942	1	1.408347637023	0.000170935003	0.614036295028	0.836153894676	38	17	
72890000	476.650489	1	1.372462478553	0.000215074617	0.666162564862	0.719931381093	32	14	
72900000	491.941744	1	1.398818925831	0.000189312582	0.534786279913	0.816623617207	38	12	
72910000	460.878365	1	1.372454485768	0.000168826479	0.985660630922	1.254480935166	24	5	
72920000	485.567345	1	1.443540204075	0.000149989262	0.885304582496	0.774958058393	40	13	
72930000	480.473391	1	1.452960631798	0.000176037688	0.484980510724	0.637158952972	36	13	
72940000	466.973582	1	1.343401926312	0.000167008283	0.798501267070	1.120343578547	34	20	
72950000	483.686471	1	1.414498092516	0.000177139738	0.654189966341	1.075842140301	26	12	
72960000	470.570959	1	1.447254485220	0.000183749549	0.659521506085	1.000039767089	30	13	
72970000	470.135878	1	1.465179507490	0.000165294241	0.633649271527	0.733717348784	32	12	
72980000	476.642210	1	1.444701545183	0.000150238822	0.434417622382	1.038086056062	37	15	
72990000	469.184949	1	1.407899394240	0.000154086465	0.718848855052	0.925269968980	43	11	
73000000	483.341924	1	1.454603103697	0.000208863121	0.456810106601	0.770084047419	47	8	
73010000	472.530264	1	1.367747690168	0.000228665506	0.762383086885	0.708444960387	34	13	
73020000	481.434058	1	1.411697367060	0.000221830841	0.457537274907	0.630567226316	27	19	
73030000	470.633111	1	1.439303257185	0.000215252313	0.446898463650	0.703787848551	24	12	
73040000	471.754296	1	1.394717873103	0.000171464344	0.928641714357	1.057456972030	30	11	
73050000	482.999074	1	1.358747771048	0.000138904100	0.496221503399	1.501947794139	25	24	
73060000	468.790810	1	1.469485903146	0.000152081717	0.616184035522	1.129941046641	35	7	
73070000	484.437425	1	1.389152685701	0.000186980639	0.550097839739	1.076046053018	30	15	
73080000	481.764404	1	1.397979061659	0.000187976123	0.622048288909	0.907588106319	31	16	
73090000	485.752134	1	1.453859802609	0.000152768021	0.530507161983	0.837684694451	36	17	
73100000	475.927273	1	1.420755535768	0.000219075225	0.496878510863	0.766160195985	33	8	
73110000	469.085107	1	1.352913553943	0.000179757997	0.504022418640	0.961422636188	37	16	
73120000	482.725069	1	1.468682825568	0.000164149848	0.423355245193	0.941695723070	40	12	
73130000	481.487156	1	1.438420857777	0.000206189477	0.379846843980	0.522588864043	24	14	
73140000	477.534343	1	1.465893019463	0.000192889733	0.503781663559	0.809945614457	33	13	
73150000	466.848982	1	1.454397722982	0.000250675314	0.363813822243	0.776300285779	42	15	
73160000	480.770844	1	1.403530208565	0.000198456945	0.442573283660	0.531318546708	38	15	
73170000	480.177863	1	1.318104261208	0.000165135876	0.597593871017	0.825195140452	29	15	
73180000	475.039732	1	1.461119461652	0.000156897996	0.540840210437	1.073143792586	32	18	
73190000	467.854586	1	1.500007986913	0.000181752500	0.640284666735	1.107216737911	29	16	
73200000	484.650700	1	1.352452721890	0.000117659002	0.642693810081	1.304207618861	28	21	
73210000	484.291179	1	1.425262428128	0.000177081657	0.527626428783	0.974193486242	39	13	
73220000	490.353545	1	1.460467635975	0.000184186694	0.770746439317	0.777743471027	39	16	
73230000	478.838219	1	1.443100724531	0.000190458796	0.558480688162	0.964583938693	37	14	
73240000	480.104868	1	1.379446038459	0.000193003510	0.706495681675	0.748412976158	29	10	
73250000	475.167902	1	1.414618872070	0.000159968942	0.887386298579	1.260426820165	31	14	
73260000	476.049847	1	1.377736284078	0.000231046121	0.459390615655	0.854174560837	28	15	
73270000	467.917552	1	1.400343384503	0.000192668209	0.543339033712	0.976761466124	29	8	
73280000	469.080950	1	1.380547001174	0.000256112759	0.546629095816	0.610929098676	33	11	
73290000	475.013543	1	1.440749634615	0.000190772589	0.529994382789	0.584938295650	33	17	
73300000	473.503682	1	1.423153634129	0.000224184083	0.561780240766	0.702946807572	37	13	
73310000	482.750457	1	1.403298601886	0.000188038041	0.506476773596	0.877399436930	33	12	
73320000	488.275585	1	1.420335330559	0.000185326923	0.567808051289	0.521839256828	34	14	
73330000	469.612723	1	1.410783123997	0.000203846386	0.413752060993	0.847639931988	34	16	
73340000	480.379999	1	1.450387603842	0.000136934727	0.560856491430	0.788665467123	30	26	
73350000	480.515223	1	1.411959010367	0.000184721583	0.936562251567	1.169362025519	28	9	
73360000	474.260428	1	1.488637356839	0.000202077093	0.540688850862	0.654433360403	28	13	
73370000	476.814768	1	1.457907694225	0.000209770564	0.584008101090	0.659544205601	27	14	
73380000	473.304509	1	1.483963994685	0.000185328599	0.518861333594	0.822733989368	33	12	
73390000	477.239494	1	1.486008935512	0.000208148639	0.520631404883	0.907846188514	34	12	
73400000	470.017542	1	1.493220073121	0.000217318599	0.508990727021	0.893315999130	28	9	
73410000	485.231483	1	1.426136551346	0.000160443528	0.722371801514	0.792294786374	32	17	
73420000	469.178687	1	1.384768621845	0.000177377573	0.657488005325	0.746953756025	34	15	
73430000	482.708643	1	1.391172376682	0.000252728497	0.399178560627	0.459866837242	20	13	
73440000	471.988788	1	1.449753827786	0.000185118766	0.702841573149	0.728433201795	25	20	
73450000	478.273582	1	1.418920175514	0.000243513817	0.437588346564	0.509539302269	24	24	
73460000	490.381315	1	1.347765599947	0.000221224851	0.611890165323	0.580686532586	23	18	
73470000	489.815433	1	1.427437592361	0.000116376603	0.813888494315	1.140307747925	28	15	
73480000	475.961055	1	1.359374888430	0.000235817846	0.433760404677	0.726151920437	31	9	
73490000	468.510932	1	1.473717503917	0.000145966569	0.673502809752	1.122992804569	27	16	
73500000	474.813806	1	1.401588094217	0.000188908081	0.546316378652	0.645777519380	26	14	
73510000	472.878295	1	1.367003575176	0.000200323850	0.343909722153	0.773033760999	28	12	
73520000	467.085812	1	1.434919465055	0.000181774881	0.736242419313	0.968476169220	23	11	
73530000	478.855900	1	1.402376626767	0.000169893329	0.426182817148	0.615169879819	21	18	
73540000	498.108257	1	1.416375965527	0.000161523683	0.572180858992	0.932721018639	26	21	
73550000	492.832301	1	1.333592322712	0.000188461619	0.408026337562	0.878484161476	32	17	
73560000	468.314155	1	1.378835057536	0.000165064109	0.715864245489	1.159405710710	28	11	
73570000	479.363288	1	1.368132588524	0.000159467420	0.714077407273	0.660546215049	27	15	
73580000	483.461882	1	1.397884645754	0.000147073499	0.484278951384	1.112083950717	39	13	
73590000	478.017220	1	1.413634584881	0.000204979504	0.453516412026	1.060787752472	38	12	
73600000	467.611495	1	1.444935759460	0.000186529126	0.692167187117	1.316374120375	43	14	
73610000	474.174329	1	1.374425326981	0.000192209371	0.556274670353	0.593407816867	38	16	
73620000	478.922123	1	1.432879103371	0.000249300286	0.446882606897	0.866013954287	31	14	
73630000	478.174056	1	1.375075945315	0.000162652977	0.593146985599	0.858170354123	32	17	
73640000	478.085601	1	1.435367679956	0.000196164198	0.572134015311	1.058811436054	30	17	
73650000	480.906390	1	1.400361455922	0.000182457388	0.929100760817	1.014799047592	28	15	
73660000	477.025340	1	1.475633108387	0.000203024622	0.359030794532	0.637872130266	28	14	
73670000	476.467740	1	1.489507794605	0.000187028856	0.620274416403	0.983327139191	30	16	
73680000	462.269544	1	1.491055633918	0.000149508399	0.984693649426	1.611463733226	28	14	
73690000	476.457932	1	1.473801685361	0.000152510119	0.722777614744	1.539230883061	31	19	
73700000	488.780746	1	1.415187367756	0.000223858624	0.605131949815	0.595394243388	44	18	
73710000	490.906565	1	1.391521793761	0.000158897566	0.499811589029	0.851293686779	39	12	
73720000	486.307622	1	1.422719673924	0.000138640583	0.635610019399	0.796590421776	35	11	
73730000	477.218249	1	1.433130613174	0.000145934175	0.590041766318	0.904944760020	32	13	
73740000	480.206766	1	1.399668573920	0.000194707534	0.611029268496	1.051402605706	25	13	
73750000	479.355731	1	1.442461027140	0.000169487748	0.457852328342	0.757093393119	42	17	
73760000	478.120554	1	1.368117668347	0.000164213405	0.591171320004	1.001529840457	32	17	
73770000	478.702361	1	1.473172557010	0.000185523676	0.453291361954	0.845012168824	31	19	
73780000	469.034545	1	1.413787000553	0.000198089952	0.400684545201	0.698199656005	29	13	
73790000	482.021527	1	1.391101802779	0.000177241338	0.456894285810	0.784658099633	27	12	
73800000	479.379886	1	1.440160592477	0.000231776938	0.426147681495	0.582493199808	27	16	
73810000	463.878950	1	1.369191536435	0.000253251305	0.391497784571	0.752495595720	28	15	
73820000	477.637792	1	1.371560523316	0.000186332472	0.675665275863	0.684733102561	19	14	
73830000	476.256515	1	1.434638859888	0.000261266107	0.338670387739	0.644256378979	28	16	
73840000	475.979312	1	1.487844372908	0.000168853423	0.435448750817	0.889334007883	35	16	
73850000	485.331349	1	1.388173670853	0.000195201945	0.609480580685	0.573828649679	35	12	
73860000	469.590461	1	1.358577256864	0.000193900883	0.511026985202	0.699499992225	42	11	
73870000	478.511567	1	1.454809758095	0.000196338100	0.615470197405	0.737279672044	28	16	
73880000	483.165303	1	1.456625467751	0.000142968088	1.040071141663	1.007167500603	37	14	
73890000	466.043339	1	1.449922917833	0.000186957244	0.540383470541	1.106253972923	31	11	
73900000	491.316861	1	1.403113577455	0.000176588359	0.581933502152	0.813291261670	31	16	
73910000	487.265200	1	1.406792096008	0.000202705915	0.582365405812	0.727258656186	36	11	
73920000	478.846533	1	1.425561585046	0.000191524079	0.511242478700	0.698083888362	28	14	
73930000	491.085740	1	1.405594576130	0.000197320487	0.670915563141	0.928864631234	39	13	
73940000	475.923459	1	1.493044366196	0.000196031065	0.557770704987	0.748355109862	33	8	
73950000	484.848620	1	1.424617944236	0.000190642449	0.444295992619	0.856141017150	32	16	
73960000	493.355317	1	1.420278262979	0.000145917920	0.989333434314	1.069501730321	36	14	
73970000	479.905804	1	1.389961194111	0.000163651353	0.614184960400	0.716894188437	32	18	
73980000	478.472722	1	1.488278691233	0.000184978621	0.347775464731	0.682586604856	38	15	
73990000	483.468445	1	1.430188822453	0.000167692475	0.577299076057	0.866366921413	38	23	
74000000	475.391632	1	1.345499288069	0.000249421335	0.412528895545	0.859439602754	27	16	
74010000	479.135207	1	1.467675271576	0.000174146017	0.395754164235	0.890852661256	34	18	
74020000	474.248785	1	1.430247318772	0.000234555587	0.397320909366	0.842772684826	41	8	
74030000	482.335608	1	1.358827432222	0.000158257027	0.799273804762	1.122238142232	38	19	
74040000	469.481686	1	1.363554780126	0.000170582508	0.685171607805	0.830668324690	29	17	
74050000	467.852573	1	1.385650183748	0.000179683712	0.709484896252	1.213681659189	31	10	
74060000	468.618249	1	1.373321460963	0.000207100151	0.485796460436	0.888368375715	26	15	
74070000	482.726987	1	1.465472398768	0.000213811314	0.706464170174	0.847043097954	42	14	
74080000	475.932168	1	1.393534464498	0.000195606559	0.541629445836	1.107938478265	32	11	
74090000	471.303498	1	1.355011253315	0.000199203357	0.431227163492	0.702350183937	22	18	
74100000	467.337296	1	1.488612493559	0.000189860111	0.521180067297	0.691038441531	34	15	
74110000	489.507971	1	1.428188253839	0.000146191763	0.794602590412	0.728630973713	33	17	
74120000	469.980857	1	1.346576866703	0.000182022234	0.419058131809	1.064465268856	17	15	
74130000	467.523404	1	1.428304953817	0.000229080314	0.628627396384	1.083336409218	37	16	
74140000	492.949141	1	1.404740783847	0.000171317610	0.713452804897	0.940998920259	27	18	
74150000	492.468787	1	1.441295569249	0.000230245252	0.524731194635	0.767615382788	33	15	
74160000	470.774812	1	1.429011983783	0.000220232621	0.642996071121	0.828550143035	30	10	
74170000	471.789932	1	1.442479525708	0.000209285312	0.593890083124	0.924658753491	37	13	
74180000	478.704865	1	1.360694443863	0.000161582165	0.854207713431	1.178759975695	28	11	
74190000	467.425336	1	1.415900792159	0.000139660593	0.886415335017	0.974396162404	33	15	
74200000	483.002798	1	1.453147972762	0.000175340147	0.447177243099	0.791744021392	31	18	
74210000	489.021071	1	1.413381685178	0.000168604214	0.496929739680	0.683364722103	48	15	
74220000	462.250582	1	1.347138204003	0.000148007712	0.910647453364	1.062848164842	36	16	
74230000	476.385060	1	1.403943426772	0.000193224233	0.506221546066	0.653839464857	34	14	
74240000	482.736512	1	1.433362161228	0.000268713629	0.400302910199	0.589327840930	34	14	
74250000	480.209311	1	1.421537879052	0.000151674256	0.379763333288	0.910937056762	29	21	
74260000	478.299903	1	1.479551701940	0.000163201635	0.464182934173	1.118703993979	38	15	
74270000	464.637457	1	1.491769240946	0.000190874529	0.370947385016	0.820965948939	27	16	
74280000	483.916349	1	1.421285139125	0.000178049477	0.463070331210	0.677982216035	34	16	
74290000	487.106485	1	1.443584106483	0.000205201030	0.549211289415	0.685521390908	30	9	
74300000	473.098163	1	1.367463609953	0.000224824048	0.526420882087	0.761293452551	23	13	
74310000	491.532155	1	1.442413662867	0.000162982470	0.570269919290	1.146103928204	35	14	
74320000	475.064140	1	1.436007086042	0.000175688582	0.855677471358	0.971572876023	42	9	
74330000	485.849371	1	1.306537014295	0.000161256793	0.721272951519	1.540371700573	28	16	
74340000	466.321579	1	1.422578934205	0.000141724862	0.904213136769	1.417069528015	21	9	
74350000	465.756224	1	1.366391548867	0.000176737620	0.499446839933	1.199100326070	27	16	
74360000	471.826649	1	1.424072579388	0.000198884781	0.604268853667	0.587466710782	18	15	
74370000	469.072558	1	1.347509159141	0.000288120370	0.575337813055	0.426227720287	20	16	
74380000	481.802888	1	1.399271698770	0.000210555165	0.568434081820	1.094918740152	42	8	
74390000	475.419363	1	1.355730508617	0.000202404955	0.607830571619	1.052128684867	26	15	
74400000	478.597996	1	1.407833751018	0.000188441090	0.482044565467	0.646686511786	25	18	
74410000	477.493229	1	1.414257186716	0.000262158654	0.433680195602	0.766502635561	35	16	
74420000	469.504393	1	1.382415660166	0.000247089596	0.350001854294	0.788699105336	32	14	
74430000	477.175760	1	1.391673322761	0.000209487430	0.525138714375	0.740213121196	26	10	
74440000	475.537815	1	1.380499251374	0.000196279558	0.383872946131	0.753837627257	25	19	
74450000	488.556291	1	1.342405941385	0.000146672646	0.745729418030	0.962424102927	25	15	
74460000	472.746943	1	1.429738997599	0.000204998045	0.654895387262	0.745573553566	39	19	
74470000	473.657651	1	1.471349439575	0.000227786366	0.381860912123	0.838467284777	31	15	
74480000	457.709697	1	1.439743915166	0.000212414158	0.689988692054	0.556184736777	40	20	
74490000	472.850516	1	1.409598501457	0.000178122414	0.584632510918	0.973442437376	29	13	
74500000	485.581509	1	1.428939955907	0.000179254220	0.504637339161	0.691008792335	31	14	
74510000	462.679002	1	1.509085923244	0.000198540307	0.889118344925	0.887850477342	31	16	
74520000	471.589663	1	1.467979849640	0.000225336790	0.496613312361	0.780882452252	39	11	
74530000	477.880618	1	1.434177596387	0.000121401283	0.666184702653	0.877049628354	35	19	
74540000	493.206893	1	1.448512431079	0.000154848433	0.607259735263	0.981542506225	43	13	
74550000	461.493954	1	1.414092592989	0.000225799140	0.316454847153	0.654107809649	32	13	
74560000	469.745671	1	1.372794713972	0.000167070370	0.455726646426	0.572532137175	38	12	
74570000	477.075531	1	1.487594068849	0.000183173346	0.518245485651	0.977450191815	32	12	
74580000	471.562076	1	1.397921778662	0.000306811564	0.297015588911	0.625305302966	35	13	
74590000	480.120063	1	1.455379200621	0.000190073581	0.489742422718	1.022984579482	41	13	
74600000	483.219382	1	1.432169508190	0.000167520723	0.628281598779	0.922986922345	29	10	
74610000	486.039453	1	1.516588610153	0.000113882941	0.801896091552	1.247345787654	36	13	
74620000	474.805458	1	1.418136230227	0.000204663126	0.337329299074	0.569095697622	32	23	
74630000	475.923725	1	1.440293811477	0.000171173191	0.460063962346	0.950671649169	45	12	
74640000	479.899688	1	1.413175333199	0.000186093638	0.381535903592	0.502587427870	34	14	
74650000	491.243880	1	1.488919294455	0.000145069462	0.570907408568	0.801876967563	32	18	
74660000	485.622904	1	1.448326413749	0.000150241323	0.505785218748	1.244609671384	31	13	
74670000	485.917309	1	1.423362552463	0.000148538794	0.851556458746	0.804652177104	28	14	
74680000	478.923679	1	1.447061191860	0.000184921182	0.542337210631	0.728106545999	22	18	
74690000	481.711965	1	1.396201597282	0.000157216344	0.599678217304	1.015787167717	37	14	
74700000	478.246152	1	1.393775714797	0.000163798152	0.513173939732	0.965334208861	35	14	
74710000	485.491996	1	1.494627931293	0.000175603617	0.769741673611	0.688279428315	35	14	
74720000	469.886197	1	1.384613312094	0.000135898646	1.735533666814	1.182467407311	31	12	
74730000	489.124842	1	1.387272638848	0.000129547526	0.724001009440	0.995861122437	29	18	
74740000	483.163145	1	1.415079335537	0.000187888395	0.549832730965	0.980885100261	34	14	
74750000	484.985428	1	1.418544717612	0.000191675032	0.589881478168	0.817968640878	29	7	
74760000	476.868841	1	1.371179190771	0.000163220100	0.589041810099	1.089091314430	32	11	
74770000	478.168253	1	1.434520690735	0.000203916864	0.364777780793	0.631367589203	30	14	
74780000	466.876236	1	1.406782531670	0.000218001270	0.243041000067	0.750510996480	30	15	
74790000	480.592702	1	1.436505316609	0.000152315323	0.411039279467	1.264032298991	28	21	
74800000	471.423446	1	1.447899752712	0.000199742044	0.543904271422	0.674192552790	35	14	
74810000	466.983277	1	1.457605904818	0.000159386596	0.684718389220	1.272099373659	36	9	
74820000	472.327023	1	1.422267336404	0.000200015704	0.514260369208	0.654104711149	28	20	
74830000	471.665742	1	1.463060970814	0.000157786629	0.772370230653	0.908691112754	36	16	
74840000	475.400152	1	1.465863525951	0.000227941459	0.424869369089	0.453018248953	36	13	
74850000	481.905057	1	1.454781704140	0.000161854016	0.479802913023	0.754803833227	38	15	
74860000	472.210111	1	1.412212215411	0.000161009284	0.489363155422	0.843117489537	36	19	
74870000	490.654407	1	1.422949114778	0.000191854533	0.703660775532	0.507417027941	34	13	
74880000	482.555601	1	1.422639059366	0.000190428452	0.734145594235	0.681584582163	37	12	
74890000	487.351629	1	1.463061302483	0.000156142396	0.604846205309	0.740632991665	22	15	
74900000	469.570295	1	1.457322641146	0.000182519717	0.485028908584	0.921913852415	37	13	
74910000	473.475527	1	1.374094970629	0.000245015586	0.596083192016	0.819793002367	30	12	
74920000	484.308528	1	1.369586572809	0.000196082709	0.542958882462	0.864418904863	30	20	
74930000	486.445318	1	1.411457889842	0.000142867765	0.655577078478	0.877696904478	31	15	
74940000	488.399697	1	1.426946246780	0.000178249456	0.400264051744	0.600921747405	37	15	
74950000	467.072253	1	1.384727820249	0.000200669636	0.750156229004	0.789694264015	25	9	
74960000	463.771374	1	1.448175604333	0.000172902415	0.527457689049	1.224590902515	27	11	
74970000	468.863975	1	1.407863666803	0.000162498980	1.801339016782	1.834325800035	22	7	
74980000	484.662257	1	1.376656532198	0.000188080072	1.121482524714	1.068649190129	28	10	
74990000	476.878004	1	1.461479648278	0.000196527760	0.600442750521	0.875254930319	30	15	
75000000	485.576253	1	1.439582483188	0.000147940005	0.717550096596	1.600637981398	36	17	
75010000	473.410539	1	1.459937241485	0.000165608343	0.567950568518	0.490367613903	34	18	
75020000	484.860032	1	1.464798015992	0.000214885192	0.538672582869	0.633656964724	28	12	
75030000	495.185529	1	1.424202250381	0.000228773736	0.328996546906	0.601446782279	29	18	
75040000	484.263739	1	1.489170167706	0.000144796959	0.592225528037	1.301429642532	40	14	
75050000	479.256014	1	1.416412130444	0.000161419800	0.876574585891	1.117757660824	33	6	
75060000	485.850576	1	1.495181992763	0.000253093406	0.426314715656	0.555945618545	29	11	
75070000	469.198989	1	1.426187843600	0.000307080078	0.389677071968	0.302206709365	28	22	
75080000	487.886921	1	1.489454167089	0.000174065613	0.811713802921	1.023244799212	39	15	
75090000	477.181549	1	1.416932282392	0.000198044567	0.671267694964	1.011559151396	34	13	
75100000	479.136025	1	1.507429821722	0.000145042309	0.981917750232	1.030245766739	39	10	
75110000	492.379046	1	1.480586710227	0.000160240568	0.730511582010	0.981360261924	42	11	
75120000	483.099457	1	1.446746062868	0.000166442145	0.848988353246	1.154255160267	29	16	
75130000	484.125006	1	1.418841391090	0.000188585930	0.775410316808	0.805052539573	33	9	
75140000	485.304894	1	1.405599739426	0.000148962219	0.504730982156	0.960699225243	35	17	
75150000	481.771731	1	1.453616400111	0.000154004928	0.801998295568	1.231093682231	38	16	
75160000	487.067745	1	1.447862153452	0.000204598503	0.596227036193	0.676551921399	38	15	
75170000	473.827929	1	1.448604264173	0.000257784646	0.530474423589	0.433832391276	29	10	
75180000	484.549642	1	1.444531897114	0.000174663138	0.555077345572	0.836636438184	35	17	
75190000	481.670448	1	1.436017245920	0.000229191973	0.579930443586	0.890812105627	31	9	
75200000	476.327673	1	1.446679639392	0.000188578766	0.555302673630	0.990615585440	40	8	
75210000	480.915789	1	1.427492277283	0.000262875613	0.442205148224	0.470756929389	35	17	
75220000	469.889798	1	1.377985098934	0.000170841359	0.676177967883	1.358890183729	36	15	
75230000	479.990996	1	1.449981468424	0.000156895995	0.662799360163	1.064834215274	28	15	
75240000	472.384249	1	1.428640841393	0.000251537011	0.579310713221	0.772158779708	35	11	
75250000	472.971225	1	1.451472144528	0.000181210130	0.577351546482	0.945662202427	34	12	
75260000	474.901007	1	1.419545464165	0.000167695169	0.580413397728	0.733555282085	26	16	
75270000	471.383033	1	1.371683854949	0.000201031795	0.568125727697	0.565598496378	35	17	
75280000	468.711227	1	1.344915234677	0.000187318361	0.444850878242	1.032458835295	26	10	
75290000	487.469688	1	1.412607284542	0.000161507798	0.426512210206	0.521866962732	26	18	
75300000	489.045801	1	1.397418513211	0.000163830684	0.376853131602	0.836537846560	38	13	
75310000	478.323032	1	1.413362857568	0.000184421878	0.607148031957	0.803784369888	28	12	
75320000	470.544868	1	1.330663875814	0.000263632998	0.476520850999	0.573393331746	36	10	
75330000	473.076356	1	1.409886338160	0.000143839021	0.823481860103	0.826482356739	38	17	
75340000	468.136234	1	1.393395548149	0.000161810127	0.631649220614	1.222758397398	33	20	
75350000	475.109381	1	1.511080505389	0.000194113092	0.531436737145	0.744989139038	23	16	
75360000	454.025970	1	1.395182529747	0.000201546657	0.346498593288	0.745859125718	40	13	
75370000	474.061165	1	1.435046234386	0.000175563399	0.578245885407	0.941129187773	33	15	
75380000	479.593563	1	1.427046053444	0.000225571205	0.303792354774	0.922954028497	37	24	
75390000	478.209159	1	1.457900717623	0.000142210647	0.654924671600	0.719001519282	39	15	
75400000	481.202047	1	1.369959361707	0.000177601983	0.693333802278	0.866685983572	30	12	
75410000	475.914506	1	1.430566562553	0.000311050026	0.282981499015	0.577329605161	35	11	
75420000	479.185776	1	1.348793957793	0.000258785842	0.334351252141	0.533121762293	33	15	
75430000	488.567378	1	1.492358859571	0.000173079540	0.497761134390	0.922267883756	39	17	
75440000	485.781598	1	1.390209895573	0.000171358329	0.662065362875	1.166673468739	42	12	
75450000	479.729579	1	1.381361462943	0.000133352241	0.710577557621	1.220185812543	42	14	
75460000	477.738149	1	1.444405674091	0.000202283082	0.404255078811	0.590054184350	26	21	
75470000	480.196978	1	1.399758085146	0.000181288488	0.454873027711	0.660955356894	37	14	
75480000	483.875451	1	1.467916113253	0.000192766347	0.545264980436	0.607814812428	37	15	
75490000	479.800719	1	1.469118945456	0.000181399386	0.584201350864	0.700271754550	31	12	
75500000	477.410993	1	1.422995744458	0.000216490115	0.421523648313	0.873704029864	35	14	
75510000	476.544511	1	1.517485036056	0.000200244163	0.728171152309	0.949791224880	45	12	
75520000	480.566767	1	1.453904607935	0.000176210608	0.394617675470	0.606359586563	41	13	
75530000	474.838934	1	1.424229195064	0.000201840621	0.736081186091	0.926884251162	25	12	
75540000	472.856240	1	1.408687879647	0.000246488819	0.629731454484	0.733662428660	28	15	
75550000	472.949510	1	1.432797146288	0.000186615119	0.502563667957	1.189581718672	39	12	
75560000	480.409205	1	1.413679808787	0.000174719912	0.663315613973	1.222491760613	22	13	
75570000	481.497439	1	1.465943701164	0.000192437209	0.542276987169	0.783361161683	26	18	
75580000	474.452271	1	1.378614391332	0.000212925489	0.528036785326	0.680706178872	35	15	
75590000	484.787517	1	1.439416628969	0.000148916415	0.954536459287	0.965375309073	41	14	
75600000	474.310208	1	1.364799494504	0.000249997679	0.574725254391	0.902334527791	26	18	
75610000	471.036306	1	1.390962022290	0.000168010974	0.718680007019	1.304206001442	36	14	
75620000	485.387369	1	1.413500083769	0.000238804538	0.418911664803	0.775574694248	36	9	
75630000	482.023664	1	1.385156652483	0.000156005914	0.787816015277	0.754612578499	40	18	
75640000	471.389310	1	1.417264365190	0.000169159215	0.608242099175	0.935883154159	36	9	
75650000	482.148865	1	1.445667849936	0.000183144972	0.416182265015	0.575590440922	32	17	
75660000	483.220737	1	1.412923123685	0.000155676887	0.704216378128	0.969600168582	32	16	
75670000	476.403214	1	1.364972245888	0.000148050241	0.589173405441	0.949170067911	40	14	
75680000	477.633128	1	1.406498092163	0.000178974645	0.408793167683	0.679108753238	35	15	
75690000	492.871575	1	1.430983285658	0.000229866834	0.429564942965	0.725752881903	42	21	
75700000	485.806018	1	1.475944499737	0.000150122841	0.723085139359	0.950005472524	41	14	
75710000	463.576140	1	1.437188643731	0.000186295975	0.532917584956	1.124437172152	30	14	
75720000	488.390498	1	1.397933411919	0.000199041847	0.537795095201	0.663463644108	31	17	
75730000	461.663781	1	1.473402123481	0.000249174550	0.394066248061	0.558701230687	42	17	
75740000	485.263880	1	1.473124873645	0.000188954501	0.707678844270	0.788538943289	42	13	
75750000	472.813073	1	1.410222019608	0.000183810690	0.867873151427	0.689341096497	33	11	
75760000	487.237729	1	1.443152486027	0.000161698991	0.729306733297	0.665078927379	28	18	
75770000	473.991427	1	1.452505134937	0.000169083552	0.833518460028	1.143165140747	36	10	
75780000	484.141168	1	1.415524436927	0.000166106114	0.567897385342	0.774094746853	34	16	
75790000	476.739561	1	1.409762671298	0.000150518389	0.674620716082	1.178183430526	37	12	
75800000	486.092165	1	1.465787146792	0.000194141587	0.692340146657	0.829224832586	34	16	
75810000	471.262691	1	1.410156660826	0.000310370966	0.396864968072	0.646466619050	29	13	
75820000	465.717451	1	1.410736931827	0.000192151698	0.524798139960	1.025034474786	32	12	
75830000	479.995220	1	1.484793580650	0.000178453200	0.594304964606	0.793473569009	40	16	
75840000	478.567545	1	1.349118670349	0.000182681071	0.520856250004	0.800115772483	32	18	
75850000	476.642128	1	1.393961593463	0.000154443250	0.652192344330	0.959037677924	43	14	
75860000	480.025060	1	1.441982369107	0.000170962590	0.723280967937	0.919143917368	32	13	
75870000	466.455461	1	1.385849067593	0.000225573615	0.481343984363	0.860308503109	44	14	
75880000	483.607251	1	1.402285634232	0.000167204828	1.056491302110	0.611390035186	35	16	
75890000	468.385181	1	1.385146845563	0.000193307398	0.632315016029	0.866119963052	30	18	
75900000	483.150610	1	1.420940783329	0.000181417848	0.361216741547	0.734600590398	28	15	
75910000	481.599416	1	1.446183453070	0.000188128717	0.477087208270	0.905332219142	34	9	
75920000	476.791478	1	1.498139416255	0.000160681191	0.495454184208	0.823509301144	42	12	
75930000	481.890333	1	1.401227294951	0.000220050922	0.397320730948	0.603127548103	23	14	
75940000	479.854091	1	1.436322064118	0.000159127893	0.625121441786	0.769812856644	28	13	
75950000	474.851127	1	1.402922581575	0.000191808747	0.342514684329	1.024380726031	28	9	
75960000	484.878987	1	1.435109871909	0.000166379099	0.512278175920	0.534612032804	27	19	
75970000	475.237075	1	1.486987508183	0.000207254811	0.404448039591	0.599790245180	39	14	
75980000	484.767050	1	1.457358166135	0.000197279063	0.455479291463	0.553521875829	32	14	
75990000	471.550725	1	1.408634688342	0.000173017742	0.431756197893	0.608811322857	28	14	
76000000	473.980742	1	1.420962593060	0.000228432855	0.479401510733	0.581437110798	32	14	
76010000	468.730364	1	1.420974658826	0.000178311679	0.515323106788	0.663912771869	37	15	
76020000	476.054660	1	1.409755483948	0.000179711551	0.568931610647	0.991594151265	35	12	
76030000	483.382970	1	1.426642584183	0.000135736367	0.659723063979	0.888504361087	43	16	
76040000	461.935453	1	1.420154213006	0.000249668303	0.259423322826	0.530423471738	35	7	
76050000	486.051045	1	1.441696899813	0.000165834117	0.545702350936	0.650854552704	25	14	
76060000	478.301461	1	1.397501296604	0.000155304329	0.584887092884	0.790379360762	26	13	
76070000	490.455329	1	1.404630506586	0.000256179677	0.481397172712	0.654547686068	24	14	
76080000	481.230242	1	1.413124627374	0.000137145727	0.803251120232	0.921342458959	29	16	
76090000	468.726647	1	1.453166165089	0.000199955308	0.795365107384	0.846788174742	32	15	
76100000	465.317650	1	1.508572378862	0.000210419497	0.681092082158	1.160123671263	28	12	
76110000	483.932881	1	1.447005262990	0.000223603329	0.469535131179	0.982625066274	31	12	
76120000	461.221821	1	1.390994954352	0.000257512344	0.581644578460	0.826656008903	31	12	
76130000	494.613323	1	1.400061055176	0.000155210705	0.765498803035	1.018754512181	39	13	
76140000	463.188139	1	1.463218349863	0.000276019184	0.357825468165	0.676382690590	32	9	
76150000	468.206368	1	1.436596274703	0.000213232796	0.501892777243	1.009469482493	30	12	
76160000	465.776881	1	1.368344644065	0.000209080035	0.724141536350	0.699917264664	34	12	
76170000	482.698364	1	1.385537641162	0.000230956895	0.479029027063	0.671204028935	34	19	
76180000	470.974841	1	1.391773911857	0.000183396327	0.929517255405	1.216551566962	28	16	
76190000	478.585032	1	1.425544858802	0.000217513754	0.687245450759	1.222794787741	29	12	
76200000	478.283199	1	1.439134208623	0.000251052216	0.518759832724	0.520518104587	31	14	
76210000	475.937343	1	1.398489887389	0.000203961946	0.511723814943	0.832044517183	33	17	
76220000	491.071250	1	1.449455672531	0.000280093001	0.300112947799	0.486982851835	25	13	
76230000	485.697356	1	1.380306145255	0.000219626410	0.732789658007	0.626791400884	26	16	
76240000	481.034358	1	1.400750196071	0.000205371346	0.572280631797	0.598710775269	34	13	
76250000	481.309731	1	1.443850835107	0.000163343872	0.655513378738	1.152443652264	36	13	
76260000	469.456642	1	1.480357454717	0.000253387360	0.582768574834	0.512981731912	26	17	
76270000	481.580817	1	1.427463713443	0.000217328109	0.492959706984	0.679686355268	39	10	
76280000	472.832017	1	1.414425195140	0.000209340686	0.685408462978	0.555038330961	35	9	
76290000	482.418251	1	1.491440956618	0.000171435814	0.498629477885	0.828693432940	37	10	
76300000	489.532090	1	1.409431632675	0.000179161908	0.689817566234	0.693495865734	36	18	
76310000	486.904697	1	1.519870148102	0.000179407491	0.516961531155	1.006566123233	36	12	
76320000	488.942939	1	1.396738906306	0.000192659291	0.516333427246	0.788229546067	32	15	
76330000	485.030608	1	1.354236601511	0.000205193371	0.622677972129	0.916964031906	43	15	
76340000	467.386747	1	1.404855714815	0.000172632952	0.465812462004	0.820087158917	40	16	
76350000	481.223066	1	1.460071076191	0.000193767905	0.353322164974	0.634855324284	36	14	
76360000	474.533446	1	1.457230272602	0.000192601078	0.655752684295	0.624353439816	31	12	
76370000	478.519383	1	1.427951927631	0.000188000443	0.648464781952	0.711409769699	30	17	
76380000	482.369304	1	1.383113642252	0.000186776145	1.031981845722	1.017689494688	29	14	
76390000	476.277125	1	1.437076423221	0.000204694923	0.444142150749	0.709440383094	34	11	
76400000	479.366838	1	1.409361882167	0.000198714582	0.691153117106	0.851857424952	33	15	
76410000	481.245258	1	1.409463599191	0.000145823010	0.640473430247	1.370515875474	36	17	
76420000	474.771545	1	1.362620886982	0.000158450282	0.639157776597	0.973419492663	32	14	
76430000	487.179767	1	1.432951541050	0.000234164472	0.428210526104	0.478977097301	31	12	
76440000	475.969958	1	1.405563753015	0.000202088790	0.437001996634	1.012193518891	30	12	
76450000	476.229776	1	1.383707741851	0.000176062423	0.547750495925	0.829152019139	25	18	
76460000	488.817962	1	1.398286305857	0.000142397982	0.572824621093	1.099895100109	37	12	
76470000	467.066037	1	1.441777000369	0.000241595535	0.526510446149	0.764100400855	30	13	
76480000	473.090088	1	1.441655674984	0.000186993646	0.286843740553	0.596242812185	31	20	
76490000	470.784620	1	1.429688064943	0.000180822764	0.379374151156	0.640043479295	34	16	
76500000	480.833740	1	1.390228809041	0.000177408145	0.428063579394	0.886243272988	30	18	
76510000	469.124890	1	1.458233068453	0.000190653386	0.412510372004	0.704090689725	37	14	
76520000	475.187925	1	1.427744148117	0.000185547500	1.142388434133	0.692044705805	31	17	
76530000	483.014167	1	1.445471100329	0.000188245022	0.685032233879	0.735458754505	37	7	
76540000	493.070468	1	1.436704362009	0.000199863890	0.601295739474	0.656195615012	36	12	
76550000	479.596393	1	1.440414202563	0.000235250212	0.402407269708	0.757281241023	26	11	
76560000	486.822766	1	1.415631233589	0.000158201303	0.641335019700	1.022055821533	40	16	
76570000	478.536797	1	1.412349993342	0.000216106041	0.605654406944	0.794555469095	35	13	
76580000	472.969612	1	1.456529436840	0.000229803869	0.395238832309	0.576209037349	34	15	
76590000	477.925241	1	1.386157428430	0.000180018255	0.624640421966	0.764479918176	41	17	
76600000	472.162701	1	1.476353112993	0.000175803501	0.697817111764	1.144769108790	28	18	
76610000	483.703980	1	1.393267512173	0.000194625435	0.583069395206	1.252778514629	33	19	
76620000	474.423839	1	1.404677787530	0.000169604168	0.803849753494	1.394319430902	32	10	
76630000	479.460622	1	1.472043873066	0.000176813070	0.704745525035	1.215301579447	34	14	
76640000	479.794271	1	1.421838798080	0.000313379316	0.367025201137	0.452959881644	33	13	
76650000	486.363215	1	1.430844187911	0.000303344729	0.277328391236	0.604790268945	33	17	
76660000	479.212041	1	1.369079502067	0.000160491586	0.540746692783	0.832662576044	28	14	
76670000	487.935960	1	1.403690859128	0.000164698563	0.757912222273	0.917774859570	37	12	
76680000	478.285509	1	1.449021614836	0.000156400749	0.605197129395	0.788597810744	29	18	
76690000	481.923426	1	1.421341297332	0.000160457180	0.565952471659	0.754764620702	30	18	
76700000	479.853969	1	1.413433617582	0.000188951517	0.473219509274	0.645168590044	40	13	
76710000	475.565152	1	1.471010453158	0.000163037271	0.739909811404	1.035223193905	26	17	
76720000	467.799012	1	1.417433627787	0.000134002561	0.777196179006	1.294631670917	37	16	
76730000	469.573279	1	1.444101456294	0.000174563898	0.490905204251	0.775606677832	36	21	
76740000	465.110803	1	1.448099219847	0.000243608885	0.566848512375	0.693340900340	39	13	
76750000	483.874976	1	1.400318514679	0.000222059444	0.549726401481	0.524447280526	31	12	
76760000	487.097217	1	1.406099079955	0.000236046676	0.357454965505	0.536787170045	25	15	
76770000	479.858750	1	1.373305592627	0.000239624691	0.449874003910	0.692818202341	32	21	
76780000	470.927987	1	1.396772112001	0.000189449839	0.605642689456	0.750563650197	30	11	
76790000	478.513417	1	1.420725275824	0.000210727579	0.418654762500	0.706782804904	32	12	
76800000	476.006880	1	1.386723964387	0.000183950778	0.664746137710	0.815785580466	38	13	
76810000	474.946630	1	1.396806614838	0.000200840411	0.573131857676	0.863131715604	26	10	
76820000	480.294479	1	1.436668404956	0.000178676909	0.485802788077	0.835118354412	39	20	
76830000	491.353331	1	1.351702224593	0.000166891249	0.616494730668	0.666929282515	30	25	
76840000	457.647643	1	1.499850467015	0.000233560289	0.391611906126	0.581021680789	31	12	
76850000	481.266358	1	1.408833028336	0.000230217455	0.335006786773	0.533275080082	32	15	
76860000	492.659034	1	1.406823313654	0.000155024649	0.620933101086	0.934118300488	28	14	
76870000	485.608761	1	1.370716976984	0.000201953817	0.471142505199	0.742460384068	34	11	
76880000	485.288599	1	1.449847133114	0.000191656769	0.662040996170	0.779325835131	44	14	
76890000	483.672001	1	1.366622312828	0.000196948376	0.564040069692	0.770823564177	34	19	
76900000	478.645363	1	1.460811663790	0.000175223578	0.580102204309	0.991466448448	28	9	
76910000	478.956440	1	1.472363484757	0.000210741058	0.616841434198	0.705027941324	19	19	
76920000	474.217429	1	1.428481670194	0.000201641595	0.562360042451	0.802406472071	27	14	
76930000	473.964239	1	1.436512136615	0.000182563787	0.793281682046	0.999343181124	26	12	
76940000	481.503290	1	1.370570141739	0.000178944305	0.711516844044	0.772414498771	20	17	
76950000	476.951844	1	1.442275596100	0.000174737853	0.537462191537	0.951008338679	23	17	
76960000	472.398210	1	1.405481140282	0.000195277298	0.419517812958	0.804479240865	26	18	
76970000	482.180734	1	1.362266662190	0.000209536941	0.490829618397	0.695560404504	31	15	
76980000	485.976247	1	1.379724590800	0.000158848233	0.528338330216	1.207718893101	31	13	
76990000	469.957560	1	1.457323164549	0.000155857653	0.830524402486	1.690466831520	29	12	
77000000	476.595694	1	1.386024883283	0.000177106195	0.699555072452	1.165328881095	31	17	
77010000	473.616346	1	1.482767542267	0.000188078426	0.772742813525	0.963122680142	31	13	
77020000	476.089007	1	1.411547204775	0.000227610814	0.543658779766	1.072296067265	35	18	
77030000	481.670301	1	1.417137921123	0.000197237425	0.393278615028	0.599441001555	35	17	
77040000	479.959361	1	1.445213937704	0.000213162448	0.573802589296	0.821161690097	34	18	
77050000	481.499822	1	1.389221257076	0.000165983808	0.802966008968	0.887220774382	34	13	
77060000	476.871923	1	1.397322173393	0.000282999629	0.316774075410	0.761137106119	32	13	
77070000	491.374271	1	1.394852796179	0.000158919414	0.730234820523	1.028664764398	38	16	
77080000	470.638497	1	1.358995458429	0.000141615982	0.665689671230	1.011631900813	25	26	
77090000	478.039697	1	1.481651783274	0.000172666531	0.571718244412	1.245028632037	25	18	
77100000	480.685563	1	1.426053519409	0.000206264255	0.522127635500	1.023837928589	31	10	
77110000	490.617154	1	1.395640091647	0.000174042616	0.550300032815	0.550997998632	40	13	
77120000	464.113060	1	1.257662039122	0.000158002211	0.709526659849	1.204448313746	41	18	
77130000	475.661137	1	1.419788198451	0.000180672839	0.587042125430	0.722660711057	40	10	
77140000	466.667667	1	1.402919325179	0.000198451361	0.485509722272	1.011670160841	34	11	
77150000	471.466410	1	1.434917865203	0.000181631489	0.590558842889	1.053696583268	35	20	
77160000	481.694733	1	1.430514072372	0.000209003306	0.424373434769	0.910464084725	32	16	
77170000	476.443115	1	1.471995357265	0.000128603240	0.811048850717	1.287090070682	27	12	
77180000	479.528115	1	1.438392136877	0.000180223768	0.917320402300	0.900304937529	28	12	
77190000	493.934340	1	1.431499050643	0.000194460281	0.512443300200	0.605369386595	41	17	
77200000	477.985993	1	1.445887069504	0.000173748061	0.401110481297	1.176352130848	27	17	
77210000	476.364695	1	1.506938259334	0.000207084348	0.407729620879	0.501564417326	36	19	
77220000	478.020524	1	1.493860362119	0.000171405900	0.466360808470	0.548362568006	28	22	
77230000	491.014040	1	1.451840764170	0.000150356539	0.598240297212	0.913815779390	32	14	
77240000	475.884139	1	1.394519992008	0.000247084921	0.435647310268	0.730679543592	35	9	
77250000	486.153469	1	1.400803693721	0.000246583920	0.557838330272	0.623403817442	28	14	
77260000	491.263670	1	1.457230834367	0.000214077283	0.381265903425	0.592069233312	33	11	
77270000	490.223045	1	1.367023139400	0.000170771985	0.554315861416	0.584683048031	33	15	
77280000	465.970528	1	1.403256691355	0.000202077468	0.517940845754	0.809011795801	31	15	
77290000	476.754972	1	1.455264287056	0.000145977633	0.416299524244	0.777450048086	45	19	
77300000	481.452910	1	1.402776368496	0.000172656105	0.692033771904	0.544589215621	34	10	
77310000	487.284177	1	1.439112803797	0.000148559917	0.629497614995	1.166097124911	35	11	
77320000	485.416537	1	1.427859191577	0.000139236514	0.621181223922	0.950555795680	38	15	
77330000	472.261419	1	1.340751237002	0.000179209428	0.638958520484	0.787292010303	34	21	
77340000	485.633175	1	1.386912222611	0.000178336713	0.356508182729	0.667641624865	24	15	
77350000	476.357617	1	1.393231181088	0.000176416814	0.434581297936	0.979457959622	31	12	
77360000	479.999784	1	1.389959098286	0.000159733916	0.422827962798	1.320376393091	31	17	
77370000	476.500198	1	1.446478119142	0.000137280526	0.512372539132	0.859822939771	30	19	
77380000	483.174513	1	1.417584848280	0.000183274027	0.315298123169	0.651346416607	18	17	
77390000	472.161168	1	1.465429564137	0.000183224751	0.750307033055	0.805065131373	29	11	
77400000	484.250471	1	1.417421818802	0.000167557141	0.591890349206	0.693459093564	33	14	
77410000	483.660170	1	1.410114062343	0.000226370296	0.362555184135	0.701424148821	28	14	
77420000	495.265575	1	1.389196907910	0.000158310885	0.409395486354	0.989108176779	31	17	
77430000	482.574324	1	1.454768933283	0.000202765889	0.431412256739	0.823646642569	31	12	
77440000	484.870465	1	1.349906769538	0.000221778979	0.326578165158	0.509404686195	41	13	
77450000	477.529230	1	1.414866390504	0.000122260052	0.744727558277	1.187978386818	37	15	
77460000	487.322479	1	1.467824016588	0.000193720951	0.457419836078	0.698412281064	33	16	
77470000	487.161057	1	1.410202319490	0.000229045265	0.299421742135	0.796505768152	29	13	
77480000	478.082747	1	1.404689986314	0.000133999368	1.047347444949	1.468894127993	30	17	
77490000	473.179459	1	1.434178383477	0.000131683273	0.798418173023	1.005680978499	37	17	
77500000	485.128859	1	1.395083497526	0.000122127362	0.611778485032	1.054598454765	41	13	
77510000	485.892577	1	1.469920995662	0.000186175803	0.411519040191	0.643996102635	28	14	
77520000	483.996196	1	1.436027258302	0.000165647296	0.543250766995	1.108655777587	40	18	
77530000	487.953077	1	1.448720140489	0.000139067278	0.744140899218	0.901756107930	39	18	
77540000	483.103057	1	1.438610773686	0.000192095341	0.543986677918	0.779959617262	35	17	
77550000	477.369926	1	1.410264846771	0.000172439966	0.563602569740	0.964905525902	23	16	
77560000	470.548102	1	1.388660540134	0.000196436030	0.440484507199	0.969943697961	27	12	
77570000	473.946144	1	1.399482828838	0.000129774945	0.687725877832	1.030117820296	37	13	
77580000	470.562087	1	1.435049822126	0.000193322518	0.600298756911	1.336601458605	24	14	
77590000	459.363678	1	1.396012035975	0.000207334850	0.713078835828	0.597932553659	25	18	
77600000	475.577615	1	1.378907952100	0.000185374497	0.590176564792	0.681509763565	38	12	
77610000	476.782467	1	1.400595272374	0.000194004650	0.617406946140	1.040234740520	32	19	
77620000	471.563701	1	1.380983096173	0.000164534044	0.757925510801	1.072525463319	27	13	
77630000	476.012840	1	1.425924739345	0.000174182013	0.505082309521	0.750956444377	27	12	
77640000	480.993421	1	1.479957989024	0.000153660110	0.445877831865	0.984629932702	25	17	
77650000	483.544578	1	1.426678042681	0.000156541681	0.474176494120	1.188444779257	38	9	
77660000	489.867876	1	1.429267321969	0.000169686078	0.457790585299	0.681374220923	33	14	
77670000	489.423780	1	1.466007173676	0.000144512359	0.535614981658	0.813707270869	39	16	
77680000	477.704291	1	1.399772410462	0.000168538451	0.610515592628	0.803824519475	24	9	
77690000	475.000851	1	1.460596862642	0.000181915924	0.631003459247	1.029886342742	32	9	
77700000	482.518338	1	1.409547047004	0.000232406472	0.360965310316	0.470205503765	36	18	
77710000	479.227785	1	1.449238290665	0.000157738764	0.585941631124	0.901842344607	36	19	
77720000	481.674607	1	1.367881407064	0.000235777786	0.455457867441	0.597112870718	25	13	
77730000	481.531198	1	1.432483204302	0.000150384992	0.868361653294	1.156307321201	37	13	
77740000	477.571955	1	1.396261770903	0.000190048393	0.992354309862	0.956742082350	33	14	
77750000	476.559791	1	1.424510448387	0.000207886115	0.531220909090	0.702538604895	24	12	
77760000	483.403470	1	1.479976667497	0.000212907837	0.409164184045	0.517904069370	27	20	
77770000	475.140448	1	1.367489801442	0.000194756427	0.466175382645	0.989239665638	33	16	
77780000	467.908499	1	1.455738020202	0.000199679678	0.603392041487	0.755396065669	32	14	
77790000	481.195775	1	1.439232004297	0.000151990477	0.661337156724	0.954761463817	30	18	
77800000	485.187181	1	1.433512089585	0.000203344722	0.517466391249	1.109299741114	31	9	
77810000	472.222868	1	1.388486484316	0.000238410697	0.599046530360	0.540254835502	30	15	
77820000	487.897682	1	1.444994764399	0.000232068618	0.441644294023	0.502611448428	32	12	
77830000	473.377641	1	1.454726939584	0.000178509725	0.977484676582	0.933366811460	34	14	
77840000	482.628027	1	1.487636405150	0.000210506437	0.513785491938	0.650674631291	27	10	
77850000	475.935041	1	1.385782101370	0.000195149532	0.701880718658	0.766096826307	40	14	
77860000	473.744028	1	1.480593781877	0.000276899752	0.475884284029	0.899335038999	25	12	
77870000	480.971971	1	1.429073702307	0.000204468063	0.515611340261	0.871530346980	21	15	
77880000	481.862569	1	1.343535732823	0.000127913995	0.594025571718	0.695444547676	36	16	
77890000	476.418880	1	1.363272509297	0.000173898225	0.899725944944	0.968080313560	30	12	
77900000	476.391425	1	1.473610279852	0.000220531910	0.467628756984	0.614667515553	29	13	
77910000	481.968955	1	1.400292261013	0.000210443759	0.444742988142	0.852413480506	22	13	
77920000	488.320807	1	1.376026865406	0.000190864381	0.498043717398	0.841562335411	37	13	
77930000	483.935011	1	1.347011758122	0.000204941794	0.595235207050	0.648723363716	37	16	
77940000	490.197436	1	1.433223325842	0.000126839721	0.595543852098	0.775206513658	38	17	
77950000	484.119289	1	1.415574826649	0.000144197812	0.605819378832	0.909318538658	35	16	
77960000	489.604657	1	1.442200406930	0.000196366519	0.532174915253	0.927714101693	37	14	
77970000	477.448423	1	1.450772938235	0.000177131129	0.453180129031	0.885676051219	32	14	
77980000	476.699114	1	1.430371414162	0.000159244863	0.638514267242	0.738059084792	27	14	
77990000	483.477814	1	1.430760220064	0.000184053916	0.456327881108	0.852701018510	35	18	
78000000	487.874339	1	1.434853627949	0.000143779374	0.705317737374	0.918545105904	27	15	
78010000	481.507383	1	1.421250127905	0.000152256106	0.630603915475	0.698769713648	39	19	
78020000	497.388893	1	1.430351744033	0.000152456772	0.654642086183	0.933536637541	36	17	
78030000	474.154377	1	1.490967105490	0.000219829915	0.424188382757	0.730230891366	37	17	
78040000	474.732615	1	1.464570435677	0.000168687857	0.668011484317	1.073242248523	36	17	
78050000	476.101832	1	1.398892591022	0.000247630133	0.498736877500	0.536726114828	35	16	
78060000	467.665095	1	1.479887517870	0.000187831369	0.519547901923	0.778408136913	28	18	
78070000	484.831593	1	1.444833110309	0.000157533412	0.889872308834	1.261696160581	32	10	
78080000	485.776596	1	1.417590837636	0.000179582150	0.592106537128	0.874756120530	34	13	
78090000	477.112236	1	1.416045268891	0.000197084511	0.492288640916	1.016742303492	36	15	
78100000	495.865622	1	1.447003186094	0.000165226376	0.439420955232	0.770845407568	36	13	
78110000	477.839216	1	1.447279668238	0.000177689652	0.591877566356	0.639704873327	32	17	
78120000	485.018401	1	1.386115186734	0.000151786909	0.753842897371	0.768031773917	36	20	
78130000	483.908775	1	1.461037157059	0.000143894252	1.093650905387	1.071840649696	35	22	
78140000	481.656473	1	1.429358151063	0.000204820078	0.536630838042	0.988456588701	26	15	
78150000	468.935299	1	1.349657007217	0.000227435639	0.369750397648	0.719077599866	27	13	
78160000	488.813586	1	1.376567939994	0.000140242908	0.571342682358	1.084299825453	39	16	
78170000	481.027433	1	1.498591344718	0.000192925805	0.786395882477	0.834719221586	47	10	
78180000	476.598327	1	1.483268747960	0.000203636837	0.524560956546	0.687289125155	30	13	
78190000	484.949517	1	1.424939278383	0.000195337475	0.690244634757	0.681053246706	31	13	
78200000	490.842532	1	1.375967857813	0.000180842011	0.377305223484	0.773897759847	35	16	
78210000	482.885015	1	1.439452536465	0.000148488144	0.446774994858	0.861789553368	38	12	
78220000	493.629800	1	1.424049517152	0.000196344475	0.614476929804	0.783251708655	22	7	
78230000	474.818112	1	1.405189151702	0.000129515682	0.673040258056	1.858406493299	41	15	
78240000	476.553061	1	1.406520450276	0.000188568902	0.619949623420	0.966410253163	28	21	
78250000	487.129283	1	1.411604707844	0.000163446768	0.918427309752	1.114659997128	39	18	
78260000	469.773536	1	1.468312555962	0.000188337918	0.790610420562	0.808268760440	40	19	
78270000	471.018394	1	1.368340830122	0.000210352893	0.440709863035	1.171240718405	32	10	
78280000	481.252744	1	1.435892996348	0.000192927297	0.535123375387	1.027172291455	36	7	
78290000	474.918716	1	1.406968452991	0.000179649213	0.575327178759	1.169412376334	31	12	
78300000	480.970957	1	1.398014744283	0.000144886503	0.628641223760	1.061109523226	29	17	
78310000	483.153226	1	1.452301873413	0.000161561187	0.645819459958	0.657376530218	36	14	
78320000	490.251997	1	1.435025898068	0.000154185080	0.619517994517	1.026784808336	36	15	
78330000	484.167546	1	1.416388729479	0.000154256206	0.666625743038	0.858387823512	40	19	
78340000	475.932583	1	1.377057434557	0.000237904083	0.404589694652	0.557416040668	31	13	
78350000	470.638150	1	1.449960784553	0.000236671260	0.375825072884	0.895235901024	17	7	
78360000	471.354574	1	1.425422346933	0.000176619831	0.514096526536	0.567198919752	21	12	
78370000	481.782719	1	1.420603974192	0.000149683148	0.750258077924	0.975707127557	34	16	
78380000	474.042126	1	1.409383771876	0.000125711387	0.880552446623	1.425899541574	27	13	
78390000	476.997380	1	1.428910805755	0.000176514350	0.591000875551	1.214782817281	26	19	
78400000	477.480772	1	1.402201571141	0.000136172926	0.749950513490	1.368516512432	28	11	
78410000	476.953529	1	1.371028443125	0.000195860940	0.505413998040	0.751696180169	32	20	
78420000	467.451461	1	1.388148924595	0.000266713949	0.410004032982	0.895246271233	38	16	
78430000	466.156673	1	1.405652962249	0.000195836629	0.464947312084	1.151019023756	38	13	
78440000	470.377968	1	1.391744892425	0.000162150645	0.728388241718	1.214717883478	39	18	
78450000	471.275052	1	1.401470945763	0.000178358631	0.617359852528	0.751937837504	30	16	
78460000	469.765787	1	1.369994727528	0.000177405714	0.783423155286	0.813223585864	30	9	
78470000	483.884973	1	1.390388898767	0.000116845972	1.065664924730	1.335931083838	31	23	
78480000	467.227622	1	1.311696107156	0.000228370806	0.530744936029	0.830421135613	32	20	
78490000	497.696477	1	1.391940561387	0.000148560628	0.762327676805	1.099295410477	40	7	
78500000	484.349587	1	1.430661086336	0.000205065782	0.548241060190	1.132300756735	44	12	
78510000	476.545778	1	1.403724142984	0.000155712575	0.710006753237	0.914877872053	32	21	
78520000	490.071199	1	1.478378927080	0.000128436431	1.100023266252	1.075965727463	35	15	
78530000	482.259425	1	1.415758785309	0.000179193086	0.786963858975	0.676281307285	24	17	
78540000	487.606033	1	1.424927656248	0.000186986597	0.661642384479	0.647771797360	35	12	
78550000	492.799745	1	1.453631395631	0.000160224813	0.618048193128	0.760865015369	46	17	
78560000	463.703139	1	1.364614770156	0.000256616942	0.589802904912	0.631866674244	38	11	
78570000	470.632463	1	1.307886366969	0.000152764623	0.424247843390	0.838233492301	27	17	
78580000	478.114494	1	1.373084540048	0.000235307996	0.401415256519	0.426980007178	27	15	
78590000	469.639429	1	1.419687548743	0.000220239196	0.548031078547	0.958370377253	31	12	
78600000	474.963393	1	1.404189812301	0.000188856465	0.611455116902	1.018642699726	35	18	
78610000	475.873353	1	1.391080201213	0.000162082946	0.682317041274	0.971578594166	34	17	
78620000	470.312065	1	1.370151226062	0.000375596703	0.255876009636	0.512114917847	27	10	
78630000	485.650677	1	1.388959593402	0.000245834546	0.461125957361	0.744528285393	35	15	
78640000	473.111117	1	1.476563913948	0.000164558559	0.870154565447	0.777705434563	33	17	
78650000	482.754870	1	1.402965183804	0.000172654283	0.525565767448	1.256112560676	28	6	
78660000	468.779278	1	1.433524888036	0.000150574789	0.666389111036	1.152038592693	32	14	
78670000	474.899915	1	1.350203334678	0.000174731208	1.025480854031	1.014031754505	32	15	
78680000	491.574889	1	1.421546015237	0.000218203617	0.572477866890	0.769601155262	30	12	
78690000	477.877806	1	1.369245912563	0.000210770546	0.502104444685	0.740099405821	27	14	
78700000	474.813674	1	1.409497969238	0.000136733817	0.967572631189	1.067334723489	34	20	
78710000	479.587192	1	1.429783984492	0.000186730916	0.526024723297	0.755483892406	29	17	
78720000	465.768954	1	1.419853096016	0.000160454535	0.882768870892	1.038353441898	25	18	
78730000	477.080631	1	1.418348728769	0.000234934178	0.375282323286	0.709902282560	37	11	
78740000	483.208041	1	1.382963598283	0.000216384288	0.433762157438	0.652038011934	28	11	
78750000	486.562338	1	1.370100631267	0.000200330273	0.613432830460	0.793111426295	34	11	
78760000	495.128836	1	1.469687566429	0.000148125195	0.873804433775	1.200645744943	41	11	
78770000	478.845127	1	1.447450211221	0.000129186131	0.871856513426	1.431675475698	37	11	
78780000	470.787405	1	1.425717637117	0.000169384018	0.710492318627	1.251897233306	28	11	
78790000	482.023933	1	1.338653594173	0.000155910912	0.586659041196	0.974220639695	29	20	
78800000	487.103978	1	1.378829141562	0.000105038771	1.061452252673	1.156582633414	39	19	
78810000	470.042381	1	1.404756261572	0.000245237147	0.394422798857	0.584390655814	19	10	
78820000	473.520328	1	1.439685886671	0.000165513522	0.460601691043	0.779710365017	41	19	
78830000	474.920830	1	1.392481003694	0.000195402714	0.450080418028	0.757091602093	32	12	
78840000	473.363044	1	1.449154665519	0.000224795418	0.392351458738	0.792599321334	39	13	
78850000	475.314063	1	1.434770103506	0.000212177600	0.635509692571	0.588237779934	36	15	
78860000	471.321455	1	1.331653823346	0.000207596487	0.718936966178	0.841338875424	34	8	
78870000	476.418572	1	1.463578184677	0.000207579938	0.778356694241	0.570601062005	31	17	
78880000	485.388874	1	1.464122522155	0.000197589564	0.537688172722	0.862767555003	34	10	
78890000	468.301970	1	1.338557894256	0.000210865938	0.668229772712	1.094536755628	31	5	
78900000	491.548045	1	1.450183255919	0.000186475341	0.816173279576	0.854274752460	26	11	
78910000	471.011849	1	1.410736943498	0.000240134912	0.403906498819	0.931421770427	31	10	
78920000	481.432433	1	1.373857586520	0.000204046824	0.555822255114	0.607802230680	31	19	
78930000	485.094427	1	1.439286999316	0.000148864044	0.794283459718	0.860281431993	40	20	
78940000	493.820508	1	1.444031979362	0.000150848488	0.765714992040	1.131511055223	29	19	
78950000	465.855192	1	1.439939741299	0.000193790728	0.767503765403	0.964252813038	30	9	
78960000	481.471074	1	1.405582306129	0.000162803534	0.681016858936	1.023847615118	40	15	
78970000	474.230722	1	1.352835258100	0.000289092658	0.476609305914	0.909967752079	26	22	
78980000	479.960402	1	1.430916634638	0.000147813630	0.728692988386	1.101167569880	27	23	
78990000	482.173150	1	1.414405411349	0.000179295289	0.915363219615	0.817037138802	29	16	
79000000	482.805807	1	1.419008977694	0.000176858947	0.590856772742	0.922275146763	28	14	
79010000	467.160459	1	1.391654152998	0.000188603636	0.782110612317	1.361163170362	31	13	
79020000	494.205232	1	1.435015484451	0.000156571543	0.727155614838	0.794999627644	36	12	
79030000	470.750734	1	1.408059207501	0.000169900394	0.788505379019	1.039848591129	34	15	
79040000	481.038384	1	1.455032630845	0.000175986766	0.783250747975	1.065004393230	32	10	
79050000	487.655641	1	1.350673327054	0.000188140431	0.561792998780	0.883689757949	30	7	
79060000	481.968192	1	1.373243735462	0.000163245513	0.819496471046	1.039563860746	37	16	
79070000	472.547730	1	1.431461009953	0.000169783870	0.684540096397	1.203013299074	38	13	
79080000	470.929036	1	1.395434523444	0.000157291558	0.747241952723	1.082072998651	31	15	
79090000	483.778090	1	1.391950883275	0.000189859223	0.470374231960	0.978746610233	30	13	
79100000	470.200934	1	1.383002353336	0.000261371904	0.553405726980	0.743640837645	27	11	
79110000	476.221278	1	1.438778187912	0.000179887492	0.658965652150	1.046264200644	33	10	
79120000	482.731279	1	1.428024141285	0.000199307053	0.622919978045	0.630570596126	40	13	
79130000	471.301890	1	1.375831668123	0.000229977746	0.470508453906	0.990091416456	29	11	
79140000	472.097087	1	1.427413666621	0.000171928423	0.664774960520	1.135575452306	32	14	
79150000	472.735857	1	1.441072534360	0.000197083694	0.786372025791	1.194591178419	27	11	
79160000	468.573221	1	1.443286862775	0.000222843274	0.529223014592	0.832757565938	28	16	
79170000	472.027504	1	1.355798043083	0.000231224276	0.539388546279	0.633537702121	31	12	
79180000	461.720710	1	1.421989529632	0.000169405444	0.662231014171	1.324563582377	26	17	
79190000	477.597447	1	1.478771683085	0.000211092951	0.684888933959	0.718262207617	30	14	
79200000	488.205957	1	1.393454650282	0.000175313124	0.972481387941	1.126254397484	39	12	
79210000	470.138260	1	1.448927130571	0.000187219917	0.561238045670	0.883930857972	36	12	
79220000	476.995116	1	1.438704682326	0.000205355796	0.682955841710	1.072130106944	32	7	
79230000	487.415953	1	1.456830417642	0.000146250956	0.940102927365	0.935508410008	36	14	
79240000	482.944389	1	1.435018345047	0.000166817024	0.828011175280	1.225763647954	39	12	
79250000	485.632555	1	1.397027657254	0.000153654786	0.738396915495	0.709272017513	38	15	
79260000	478.353392	1	1.362755084885	0.000185454480	0.607237865531	0.655588718129	23	21	
79270000	470.314117	1	1.413808328776	0.000158899452	0.457690467546	0.874608299997	27	17	
79280000	478.494696	1	1.424045556385	0.000159071712	0.468591717509	1.131881085178	28	10	
79290000	463.757348	1	1.375078792502	0.000208532878	0.697536036262	0.704112250499	32	15	
79300000	471.697100	1	1.445283849671	0.000169898849	0.812083447137	1.090266388331	27	14	
79310000	489.977092	1	1.372192695471	0.000138213597	0.730747303786	1.129216079150	41	17	
79320000	459.434287	1	1.469731286596	0.000192449347	0.553409918560	0.973743956846	41	9	
79330000	478.442157	1	1.453128838857	0.000150571062	0.701656047485	1.222545211250	39	16	
79340000	480.714917	1	1.380282089062	0.000165695942	0.628713628575	0.927066241480	42	13	
79350000	471.257135	1	1.415427037768	0.000226440215	0.589539904754	0.567846624211	32	18	
79360000	477.914059	1	1.410646751505	0.000162676339	0.725218949767	1.027083866409	35	9	
79370000	477.931808	1	1.471463053569	0.000201060867	0.435546186039	1.020654201757	29	16	
79380000	475.826854	1	1.478320118053	0.000197120329	0.577528118416	1.158529941779	34	10	
79390000	478.670307	1	1.410232574945	0.000153648920	0.827273380672	1.087447544464	25	14	
79400000	469.556717	1	1.344193322050	0.000160651648	0.725627128499	0.964684998166	32	17	
79410000	478.948348	1	1.361804278178	0.000177561929	0.658997892840	0.973773211565	31	15	
79420000	477.742727	1	1.414635664502	0.000165956867	0.872287449607	0.931101220500	30	17	
79430000	488.447774	1	1.409368800846	0.000198781949	0.614894168512	1.002361741314	28	17	
79440000	458.833645	1	1.422138335939	0.000246099258	0.515129798689	0.904686068189	23	11	
79450000	473.896582	1	1.345510962782	0.000227242530	0.500743498344	0.869329650669	35	14	
79460000	464.621303	1	1.431189268619	0.000184136142	0.849424497427	0.840940823869	35	16	
79470000	474.230651	1	1.410729704775	0.000151854354	0.941296870692	1.175769010787	22	17	
79480000	486.796958	1	1.468737689622	0.000187905580	0.718295703262	0.619011614691	37	24	
79490000	472.200179	1	1.353695153427	0.000240666935	0.500236214260	0.663223191236	36	18	
79500000	471.469363	1	1.415803840412	0.000176110675	0.630580195668	0.778673269155	34	17	
79510000	477.989312	1	1.424594597638	0.000151943300	0.617148231022	1.188582927804	42	17	
79520000	481.619465	1	1.475780649362	0.000200743719	0.404668544523	0.977676064246	24	19	
79530000	474.307500	1	1.380589634521	0.000193071779	0.620566314068	1.123719806078	17	15	
79540000	481.231924	1	1.371141264391	0.000182656402	0.525904832627	1.219533565856	27	11	
79550000	474.950923	1	1.442533988158	0.000218687612	0.628720427156	0.838309418012	26	19	
79560000	471.957275	1	1.433079450266	0.000169603730	0.555515401172	1.298752768365	28	14	
79570000	468.187250	1	1.428146561999	0.000223842541	0.497723663738	0.560298070326	30	15	
79580000	482.496071	1	1.441426023691	0.000143998738	0.744959020875	1.073758738361	28	19	
79590000	473.930158	1	1.414414112509	0.000133772544	0.627782695554	1.642363180570	36	13	
79600000	485.003266	1	1.465258412072	0.000222284056	0.497660699387	0.895116831639	26	10	
79610000	477.289589	1	1.425586355958	0.000204885042	0.664461213237	0.974178295727	25	16	
79620000	487.701423	1	1.401608861882	0.000199619459	0.416030364819	0.673225151207	37	12	
79630000	481.096460	1	1.385123288436	0.000194025487	0.555903568972	0.602166178678	27	13	
79640000	485.618936	1	1.495129861575	0.000170556209	0.474682691222	0.995263596857	45	14	
79650000	485.422627	1	1.434378829318	0.000177417588	0.849729818705	1.099411876569	35	17	
79660000	473.519156	1	1.357212943423	0.000167838083	0.727680365049	1.236745609797	31	12	
79670000	491.047347	1	1.470143204748	0.000172179079	0.624072775996	0.715188344260	37	17	
79680000	476.843270	1	1.482530769269	0.000160691443	0.736206649950	0.930529491427	33	14	
79690000	469.696176	1	1.346019865157	0.000159318290	0.571408344718	0.884319434284	33	16	
79700000	495.566199	1	1.387238442675	0.000147660334	0.560241086385	0.800213060372	28	18	
79710000	474.964637	1	1.425168624135	0.000183186835	0.418926041797	0.786040783372	37	12	
79720000	482.534571	1	1.419786000867	0.000244287127	0.479360801637	0.719517628820	29	18	
79730000	488.677692	1	1.449356634387	0.000169530042	0.454779024862	0.927015266414	29	8	
79740000	460.971192	1	1.382110478079	0.000183201186	0.363982537059	0.764254011200	34	11	
79750000	481.130482	1	1.438587941043	0.000151150349	0.409424035124	0.832410280862	39	11	
79760000	473.332271	1	1.430209440525	0.000146041264	0.756427255009	0.832186531707	32	16	
79770000	478.200091	1	1.419111855072	0.000125081606	0.596615534296	0.689247563821	37	18	
79780000	474.197087	1	1.445001445890	0.000215869910	0.563923829032	0.708809322246	22	14	
79790000	482.708796	1	1.436497164974	0.000209812851	0.618134814637	0.727552818774	34	12	
79800000	480.136512	1	1.430844183519	0.000218463221	0.676164987491	1.223734983052	29	13	
79810000	489.888153	1	1.358104235371	0.000291807431	0.327697496393	0.499633637338	23	14	
79820000	489.895864	1	1.403819209832	0.000184466721	0.666900260636	0.675985836275	22	15	
79830000	485.085045	1	1.406617499757	0.000239693567	0.466918389799	0.409664134748	27	21	
79840000	484.931443	1	1.451233523126	0.000262237080	0.513445911704	0.699927543753	36	18	
79850000	475.350555	1	1.445192447049	0.000209771443	0.641021130387	0.891632676771	35	10	
79860000	475.621801	1	1.438856913999	0.000172645546	0.835391980805	1.171081669745	38	19	
79870000	470.961001	1	1.340651349393	0.000175677041	0.661301884739	0.779257429537	39	16	
79880000	469.489119	1	1.442922059540	0.000193710320	0.662689939888	0.818867576126	36	8	
79890000	459.204888	1	1.377277307799	0.000247222693	0.382433325693	0.873657088368	28	17	
79900000	472.984268	1	1.414867736223	0.000281286032	0.451762046671	0.704487856192	27	14	
79910000	478.587761	1	1.405724649710	0.000200922118	0.541041807319	0.713204566606	28	14	
79920000	471.129529	1	1.394564680066	0.000177872595	0.541220341324	1.102677939799	25	15	
79930000	474.848635	1	1.347782499836	0.000200064626	0.666326745744	0.798208207291	31	22	
79940000	490.781490	1	1.423391436725	0.000134215208	0.736175131492	0.948478336457	32	16	
79950000	481.593851	1	1.441595387478	0.000154859400	0.789676638413	0.850370654689	36	13	
79960000	477.775525	1	1.406179775567	0.000155918173	0.577043799711	0.961366194007	33	13	
79970000	477.994378	1	1.465673989391	0.000190948107	0.544521287607	0.678008686695	28	21	
79980000	482.024418	1	1.394088908576	0.000162431922	0.475431152037	1.142167889838	38	16	
79990000	484.541448	1	1.373835073194	0.000190324714	0.384002289421	0.726635011747	38	15	
80000000	469.619737	1	1.382509852671	0.000163879296	0.729661380883	1.068975059517	33	16	
80010000	495.685062	1	1.474521157669	0.000203532378	0.522091805023	0.987398767864	34	13	
80020000	470.479293	1	1.357702892843	0.000203780053	0.373999500815	0.828354782783	39	16	
80030000	480.868544	1	1.456405567703	0.000185207462	0.432022591408	0.683025067219	37	14	
80040000	464.362500	1	1.459330751863	0.000150711519	0.531101523540	1.644402228010	23	15	
80050000	472.558323	1	1.381629448309	0.000207885202	0.503058530713	1.187880828900	33	10	
80060000	480.030100	1	1.407920456882	0.000199416043	0.518880824782	0.704003732174	25	16	
80070000	485.106606	1	1.459163493265	0.000185330781	0.701771981696	1.004395825432	29	14	
80080000	477.485867	1	1.417583255109	0.000190403163	0.765530785594	1.056305121098	26	8	
80090000	482.841258	1	1.401911242559	0.000328854969	0.383740744734	0.512269295308	31	10	
80100000	471.373720	1	1.410875575023	0.000187912558	0.941755148858	0.986262044245	37	18	
80110000	477.778181	1	1.447118968725	0.000141850795	0.912680640570	0.922750946009	38	9	
80120000	480.435417	1	1.482753242144	0.000144816753	0.632394739295	0.965723540283	39	13	
80130000	474.868513	1	1.454958419734	0.000164893104	0.617144425889	1.215461980884	38	9	
80140000	491.412591	1	1.398662672713	0.000186286684	0.588972203805	0.652705570208	42	15	
80150000	475.388797	1	1.347067209844	0.000163480839	0.536792644748	0.861593421813	41	19	
80160000	468.327395	1	1.413494629446	0.000213224516	0.436095194513	0.753161519844	29	14	
80170000	468.647510	1	1.451441347777	0.000234666158	0.621056073901	1.107143040692	26	14	
80180000	479.206729	1	1.452591938798	0.000178970184	0.540776070077	1.295559566238	39	14	
80190000	475.788800	1	1.383785922999	0.000196570726	0.519253050469	0.693138573604	32	17	
80200000	477.352791	1	1.457625029161	0.000167467531	0.915577806251	0.844505167086	27	25	
80210000	481.890612	1	1.380387941538	0.000184883671	0.357211850247	0.735631221336	31	14	
80220000	467.372559	1	1.479914416047	0.000160658994	0.879173777663	1.125439188056	28	18	
80230000	480.025259	1	1.459223149974	0.000214805145	0.446739626475	0.625256345718	39	17	
80240000	487.012314	1	1.402027888246	0.000163570860	0.631637682075	0.863978893231	34	17	
80250000	483.899146	1	1.427832147199	0.000155703225	0.564603942530	0.945847453001	28	12	
80260000	478.871403	1	1.407526183473	0.000205061589	0.656564535441	0.728858719873	39	13	
80270000	470.172312	1	1.387023376394	0.000246938094	0.595864256048	0.967221658728	37	9	
80280000	482.019325	1	1.475362261159	0.000163439278	0.839577386682	0.892384235554	34	11	
80290000	480.248149	1	1.445512905931	0.000194429420	0.634987668610	0.886273087991	36	20	
80300000	458.839408	1	1.397692586104	0.000180950261	0.885440625802	1.231367950916	36	16	
80310000	479.477630	1	1.410590831508	0.000198184261	0.673273943951	0.714130902345	30	13	
80320000	479.942593	1	1.369538707902	0.000169542844	0.455377542301	0.860949352508	27	15	
80330000	479.671832	1	1.387602570435	0.000167153652	0.714284729849	1.008060932540	36	14	
80340000	463.652879	1	1.454353325079	0.000198142509	0.531566182098	0.649061118182	30	20	
80350000	482.302272	1	1.451010684046	0.000216227745	0.437942230567	0.505423212503	28	17	
80360000	477.282771	1	1.388934227456	0.000158489716	0.638264077602	1.044422026636	40	13	
80370000	468.230420	1	1.442923887706	0.000130208758	0.942372002530	0.887627025765	36	16	
80380000	480.926272	1	1.391361589453	0.000209251285	0.655956062922	0.748254727630	44	15	
80390000	471.982495	1	1.379626093854	0.000136207800	0.714189238429	1.168225548835	42	14	
80400000	490.139532	1	1.465347300827	0.000170046288	0.524793279472	0.550516518192	46	17	
80410000	479.188973	1	1.465317277408	0.000193030773	0.714494120741	1.002916762835	39	14	
80420000	482.514861	1	1.421981804333	0.000212356543	0.340454123086	0.650544071893	33	13	
80430000	490.576039	1	1.439901685633	0.000142878409	0.591947642205	0.888524102044	27	19	
80440000	465.834294	1	1.400369789199	0.000225892403	0.532003401235	1.063052580930	31	12	
80450000	485.682785	1	1.445371713032	0.000166079381	0.712799279960	0.823922685146	32	10	
80460000	474.445281	1	1.411908868746	0.000175700678	0.610284355851	1.102825354821	36	14	
80470000	461.797759	1	1.372414316591	0.000181229998	0.588545174996	0.828661441131	34	12	
80480000	483.255260	1	1.411262030929	0.000205554860	0.703820909955	0.854769349208	30	9	
80490000	483.376066	1	1.431004406945	0.000164569693	0.552590908866	0.882643668138	20	17	
80500000	480.933182	1	1.410105259788	0.000208932965	0.643445752676	0.509952599087	22	14	
80510000	478.858416	1	1.343651015547	0.000235664479	0.528588916777	0.825976219437	32	13	
80520000	482.319892	1	1.404799031847	0.000143382769	0.582860973768	1.368586413250	47	17	
80530000	483.936525	1	1.439653773924	0.000211444745	0.449631984794	0.948397180475	43	16	
80540000	484.475763	1	1.335864132681	0.000131414591	0.908481662589	1.321675808359	38	18	
80550000	489.049232	1	1.382685172626	0.000210151010	0.556663030933	0.554946035248	48	12	
80560000	463.911984	1	1.448433600065	0.000191221475	0.514650610158	0.887628463237	30	17	
80570000	475.447948	1	1.375036670215	0.000211065977	0.603927712076	0.766962688656	40	11	
80580000	479.281601	1	1.410576173809	0.000180449960	0.462318766985	0.627625631297	35	19	
80590000	470.349271	1	1.364221292046	0.000199257708	0.475249138541	0.848203957228	34	8	
80600000	475.392285	1	1.419023085926	0.000264113423	0.505618157164	0.502096525461	34	10	
80610000	499.154073	1	1.424242480126	0.000151478694	0.555502259116	1.112125534607	33	17	
80620000	482.380670	1	1.386276431853	0.000173439675	0.459414948387	1.256107205355	36	17	
80630000	474.806223	1	1.424896446143	0.000182290664	0.615434599530	0.858943836947	19	16	
80640000	462.200296	1	1.457468391410	0.000147609145	0.639236225861	1.763567829725	27	21	
80650000	463.816641	1	1.459302009001	0.000208131547	0.373905363818	0.681559813532	34	17	
80660000	480.660367	1	1.455724427997	0.000204391074	0.323412548114	0.842933770111	35	16	
80670000	473.288698	1	1.400691350949	0.000150027256	0.683952261900	1.110990238857	27	16	
80680000	473.628397	1	1.401824930281	0.000128645894	0.607273132418	1.297494279962	41	16	
80690000	469.790919	1	1.465264244294	0.000198062542	0.946180015552	0.700894461001	32	16	
80700000	473.110353	1	1.351459601644	0.000125299954	1.017644052491	1.202484910459	37	13	
80710000	460.895945	1	1.434365137190	0.000182623850	1.099585489090	0.928033287032	45	9	
80720000	480.994602	1	1.417599602746	0.000219515052	0.608105262676	0.898030781637	37	14	
80730000	491.833153	1	1.433209536015	0.000176905703	0.610471936574	1.049964934473	35	12	
80740000	478.050198	1	1.434775786959	0.000164648293	0.689298456319	1.398814398789	31	15	
80750000	480.958307	1	1.386943955047	0.000206047235	0.752926757721	0.696359639910	36	16	
80760000	462.988055	1	1.426649107027	0.000203039336	0.663204604693	1.133548336262	27	15	
80770000	476.523201	1	1.435966841240	0.000155870326	1.234255924230	1.647823507439	29	11	
80780000	480.027929	1	1.427635887180	0.000228924129	0.401920480610	0.676262785976	39	7	
80790000	475.764072	1	1.413847025983	0.000160641772	0.592780379474	0.982786874099	38	17	
80800000	475.866295	1	1.410190941018	0.000197717944	0.517204525052	0.767304137345	42	16	
80810000	484.655156	1	1.414101518795	0.000170509649	0.649340688885	0.898146173113	29	10	
80820000	477.604970	1	1.401564562760	0.000222277745	0.760781404295	0.875117928526	22	7	
80830000	479.611783	1	1.421544319931	0.000180056781	0.640554481399	1.068341522720	31	13	
80840000	481.408640	1	1.444752997412	0.000235540351	0.486614610044	0.750705446429	30	17	
80850000	483.181845	1	1.443914232827	0.000191716023	0.543322891225	0.804249037701	25	18	
80860000	482.574964	1	1.422081147283	0.000157191985	0.752239464691	1.120833704014	32	14	
80870000	484.408578	1	1.414151110733	0.000179704506	0.707880322178	0.974484160485	32	12	
80880000	486.412216	1	1.427394752976	0.000157822312	0.466162504058	1.494040856550	40	16	
80890000	484.218480	1	1.429261517806	0.000159708252	0.654932419826	0.662102976155	28	17	
80900000	469.915130	1	1.338641056698	0.000237057139	0.552279547378	0.591671657789	27	10	
80910000	482.252890	1	1.349306158828	0.000199797702	0.629703223305	0.490545349097	32	16	
80920000	479.163123	1	1.440776303272	0.000185714876	0.509191440514	0.783380991540	30	13	
80930000	482.005389	1	1.354778674362	0.000181191523	0.498916819178	0.862021426749	40	14	
80940000	473.212522	1	1.418059520774	0.000193631096	0.612342956850	0.498091512382	31	19	
80950000	480.356399	1	1.427577872949	0.000182424268	0.685224941917	1.226109075785	31	17	
80960000	479.301691	1	1.499241202737	0.000186706783	0.719980052440	0.809300529883	27	11	
80970000	486.728114	1	1.394814760768	0.000161493238	0.853729070971	0.847028940540	28	11	
80980000	458.754969	1	1.536178239526	0.000204470780	0.740431136389	1.268687014315	34	4	
80990000	472.713031	1	1.399746766061	0.000222149351	0.529515318801	0.949592640369	31	13	
81000000	462.326147	1	1.410989996742	0.000189133756	0.454959945243	0.528470382401	34	12	
81010000	466.599542	1	1.422494720644	0.000168077015	0.763304775218	1.797013312767	33	16	
81020000	478.763799	1	1.384703699728	0.000183663725	0.327772826899	1.012790098332	32	12	
81030000	472.296751	1	1.394347386454	0.000146431342	0.503095417268	1.314236897455	21	21	
81040000	476.799803	1	1.452298102650	0.000213590800	0.331882029368	0.713090210605	27	14	
81050000	479.711722	1	1.426244344080	0.000133064174	0.536039069184	1.018554258605	37	13	
81060000	466.008495	1	1.431717365752	0.000222034960	0.346121777699	0.649242011077	32	10	
81070000	473.692081	1	1.407499076427	0.000205677478	0.418687528858	0.661499331421	28	13	
81080000	467.044517	1	1.384042281403	0.000199016697	0.287867583460	0.607551038460	29	14	
81090000	488.899674	1	1.354807187901	0.000205355921	0.482726615705	0.898342457261	32	14	
81100000	461.046852	1	1.495725430730	0.000215004225	0.678461428539	1.102695020172	26	13	
81110000	479.283430	1	1.432810634520	0.000192742769	0.665553186847	0.669524047517	26	13	
81120000	477.590490	1	1.456762137056	0.000173666129	0.706672784212	1.065688828993	32	9	
81130000	474.264948	1	1.382441340810	0.000184373342	0.699976509031	1.019920310872	31	17	
81140000	476.822619	1	1.367672035127	0.000165319491	0.633239535807	0.884612880375	24	17	
81150000	487.544305	1	1.374071121672	0.000177313222	0.724826863810	0.719397224477	31	11	
81160000	484.230825	1	1.401503002763	0.000212273181	0.371902625670	0.588267008057	35	17	
81170000	476.630278	1	1.349266928171	0.000224897434	0.601865485452	0.572342621695	34	9	
81180000	470.988468	1	1.388735749489	0.000205739554	0.571343948173	0.653747673763	26	21	
81190000	492.073983	1	1.411643050778	0.000148242742	0.862374262313	1.046013822052	40	20	
81200000	474.761703	1	1.393663725604	0.000157005306	0.544734105627	0.778167823578	28	15	
81210000	469.743439	1	1.461201714133	0.000190553161	0.553461155788	0.952504563286	28	16	
81220000	480.780146	1	1.431208744351	0.000171056960	0.694224997712	1.376746837667	36	16	
81230000	464.304340	1	1.376239960449	0.000156871515	0.727472812054	1.337790519809	24	10	
81240000	483.647345	1	1.438645223699	0.000197403150	0.807171520909	0.717677514654	35	11	
81250000	476.620094	1	1.378383753241	0.000191544386	0.839325987977	1.406189614987	34	12	
81260000	485.298393	1	1.458637025001	0.000197776106	0.430846140602	0.867237302618	24	13	
81270000	484.973980	1	1.439278185658	0.000175794234	0.647452543406	0.974164195887	32	13	
81280000	473.156428	1	1.363266047854	0.000230538683	0.471179323825	0.717725944872	29	6	
81290000	474.962122	1	1.387737513864	0.000124473867	0.665765862316	1.252066941548	24	15	
81300000	475.014521	1	1.430781508839	0.000152142552	0.520767403101	1.077309330025	27	16	
81310000	482.747797	1	1.428033417219	0.000187694897	0.515189993078	0.850526239273	29	10	
81320000	473.563343	1	1.424415722827	0.000244343871	0.424748208309	0.619564423391	28	10	
81330000	476.095236	1	1.428758334762	0.000199753773	0.618701545710	0.879052947941	23	12	
81340000	479.369031	1	1.405700959126	0.000250740740	0.497104072511	0.614785250826	29	8	
81350000	477.809291	1	1.386742798947	0.000248604496	0.456381425966	0.558560902629	30	11	
81360000	466.691720	1	1.494023227582	0.000166664550	0.505270897875	1.023168423080	32	14	
81370000	484.655869	1	1.445044692079	0.000176229022	0.657436215692	0.642009379804	35	12	
81380000	481.600813	1	1.360847779694	0.000227525287	0.537281671501	0.778937616593	33	11	
81390000	477.053328	1	1.399478584166	0.000178619486	0.720653308643	0.806504987625	39	12	
81400000	477.725611	1	1.427865305184	0.000185946587	0.465272887858	1.026287201651	38	13	
81410000	488.629056	1	1.401614318759	0.000174883641	0.514296632710	0.971715131085	40	16	
81420000	476.784161	1	1.471869978887	0.000158364788	0.533504540303	1.112855216401	24	11	
81430000	461.909949	1	1.372078625421	0.000249479057	0.480963674980	0.684314715018	30	12	
81440000	472.330496	1	1.459326535616	0.000182833256	0.776647608131	0.970422799040	29	13	
81450000	475.708005	1	1.420143389859	0.000189350647	0.588920973762	0.963932364897	31	16	
81460000	480.328596	1	1.420045983161	0.000192628564	0.592742187088	0.895299583376	37	12	
81470000	481.069257	1	1.366539711658	0.000179062524	0.461551811840	0.846484890038	35	17	
81480000	467.896482	1	1.400073706237	0.000198723334	0.487790539090	0.583950036458	26	17	
81490000	474.665418	1	1.418404962123	0.000212818473	0.676678921840	0.574122934431	41	14	
81500000	482.575230	1	1.442268350969	0.000175166137	0.653980798528	0.801508800491	35	23	
81510000	477.189541	1	1.423438766956	0.000213941008	0.638179414570	0.759734276700	28	16	
81520000	483.247316	1	1.451022060161	0.000176071611	0.393579701243	0.680803103669	36	18	
81530000	487.150275	1	1.453031077274	0.000144961761	0.654988016063	1.156810736925	47	14	
81540000	479.300259	1	1.398697483750	0.000196584087	0.516213890960	0.561099685615	29	20	
81550000	487.882037	1	1.470999838775	0.000133791761	0.500491299784	0.750936397037	32	22	
81560000	477.049773	1	1.399862324770	0.000196791195	0.508521973105	0.752025490227	16	16	
81570000	467.204666	1	1.359138745609	0.000259558726	0.304894146180	0.667709668358	21	18	
81580000	479.557643	1	1.377522873537	0.000203702108	0.464015686495	0.734814789964	24	15	
81590000	481.262204	1	1.459948955956	0.000245456833	0.491919573701	0.353278084955	44	15	
81600000	477.487130	1	1.550090254511	0.000213737619	0.489024673241	0.900906503867	36	17	
81610000	476.272151	1	1.374135271926	0.000160875315	0.457039906262	0.764773410207	33	12	
81620000	469.933460	1	1.478436774677	0.000229866891	0.363915896563	0.955344272650	24	15	
81630000	472.829757	1	1.498362153753	0.000220962179	0.712865066714	0.885115619054	36	11	
81640000	481.575729	1	1.402505854557	0.000148941432	0.593634047771	1.086684076842	22	12	
81650000	476.062351	1	1.430788269944	0.000208612312	0.456770609791	0.682769662369	32	12	
81660000	491.111011	1	1.450945265071	0.000159928771	0.589726623689	0.728565530704	39	21	
81670000	473.804013	1	1.463978655427	0.000208262612	0.540684737362	0.945359788986	31	15	
81680000	465.714171	1	1.441773683383	0.000222275381	0.519424910645	0.849372627959	38	17	
81690000	482.897953	1	1.420100057923	0.000159186364	0.581732065517	0.696633940237	34	12	
81700000	474.957820	1	1.419665457617	0.000170391996	0.954473662398	0.850978193580	31	17	
81710000	476.239161	1	1.384347677227	0.000178747116	0.503491196311	0.823156425271	29	20	
81720000	479.636320	1	1.379709193631	0.000165459661	0.718470641878	1.222400418320	30	15	
81730000	491.662835	1	1.445391085482	0.000154118785	0.533171840464	1.040136237598	34	18	
81740000	461.311299	1	1.428351401354	0.000241544882	0.501202255942	0.911399448316	26	10	
81750000	461.633207	1	1.370855172790	0.000164120558	0.852662503515	1.373046313275	32	15	
81760000	468.749540	1	1.499254618024	0.000191950658	0.713275474468	0.623885095465	31	12	
81770000	482.035922	1	1.512789186565	0.000223998347	0.465850220345	0.782058817271	29	10	
81780000	468.691430	1	1.375515637221	0.000211170123	0.584250855995	0.707988063246	37	9	
81790000	471.347023	1	1.480886813114	0.000184185490	0.446383290467	0.922798195010	28	20	
81800000	470.455000	1	1.435518655294	0.000207346025	0.406782751216	0.808662399143	36	15	
81810000	475.040734	1	1.465736688965	0.000244281337	0.378779964485	0.815715414341	38	11	
81820000	478.049381	1	1.446702051152	0.000178629828	0.484908864953	0.847873446453	32	15	
81830000	482.863987	1	1.476323739319	0.000193142467	0.588328669193	0.709879085299	25	14	
81840000	484.953094	1	1.425076829831	0.000188044701	0.467230727005	0.585440207624	28	16	
81850000	480.063442	1	1.447786565796	0.000199122487	0.529930168771	0.732107560445	37	17	
81860000	470.749350	1	1.445960676607	0.000187227477	0.754632060528	0.776769110170	23	13	
81870000	489.311733	1	1.414377328861	0.000169392844	0.760845216895	1.031003551611	23	14	
81880000	463.292623	1	1.421202357495	0.000216931804	0.611037551890	0.940580147075	35	11	
81890000	478.177472	1	1.460940524964	0.000153772104	0.494113966682	0.890770021562	33	15	
81900000	480.140661	1	1.436193987352	0.000171917659	0.765268389966	1.052958450873	25	12	
81910000	467.504319	1	1.387948746543	0.000162315475	0.737889703768	0.770424370009	31	12	
81920000	478.227623	1	1.472457002014	0.000179191928	0.740239785162	1.035854815297	29	15	
81930000	475.976158	1	1.335067251003	0.000206623561	0.599987108625	0.648474713057	31	14	
81940000	459.532809	1	1.402047587516	0.000245921986	0.694663334378	0.821960084112	21	5	
81950000	471.592334	1	1.425245031919	0.000167983255	0.721778549016	0.844836217654	26	16	
81960000	477.344021	1	1.376613494887	0.000147209701	0.774191312491	0.937087603654	29	12	
81970000	474.068357	1	1.443535597850	0.000170288282	0.554056631010	0.968938314266	34	18	
81980000	487.737411	1	1.393588516686	0.000215073905	0.532051115454	0.588011290322	36	20	
81990000	472.168711	1	1.439631020046	0.000231486869	0.772164283425	0.776215147310	22	10	
82000000	471.525037	1	1.479748983808	0.000208210535	0.448858664165	1.103802308128	33	16	
82010000	475.928987	1	1.394027330255	0.000158130604	0.696390693854	0.932041098116	23	16	
82020000	460.097090	1	1.430977900923	0.000188326839	0.609832569867	0.680520628686	33	11	
82030000	475.342877	1	1.458273615858	0.000188222493	0.641615755550	0.806052503505	34	12	
82040000	483.517198	1	1.420780514230	0.000231668766	0.420886767943	0.698626699296	34	11	
82050000	471.988418	1	1.439293897040	0.000160430439	0.634157813206	1.227612392607	27	13	
82060000	467.629092	1	1.448816656816	0.000210054712	0.491912602392	0.671777439563	22	14	
82070000	463.429192	1	1.419442285093	0.000178402344	0.788812718577	0.922517738717	20	22	
82080000	484.952761	1	1.407787108634	0.000202812247	0.685669405796	0.666414740191	39	12	
82090000	479.395370	1	1.401293337479	0.000179130652	0.710414278842	0.886136084311	28	14	
82100000	471.010101	1	1.462065913735	0.000179740888	0.305110889724	0.580995599846	32	21	
82110000	476.040065	1	1.369779661226	0.000188880693	0.478689992721	0.705421445607	25	15	
82120000	484.469999	1	1.451777992907	0.000258932629	0.524842256644	0.600548774036	31	11	
82130000	467.573842	1	1.426102986116	0.000223062956	0.523649292740	0.692801520546	33	12	
82140000	485.490036	1	1.419608127962	0.000177166532	0.460253789290	0.986820946305	36	7	
82150000	485.730344	1	1.440659702428	0.000156846494	0.501133140874	0.848295904523	39	19	
82160000	483.481587	1	1.447868749038	0.000168522477	0.604241134642	1.295728166510	33	16	
82170000	489.754908	1	1.399640315270	0.000159157291	0.489562503840	0.937756928122	31	13	
82180000	488.980823	1	1.377541836297	0.000143451618	0.646563119167	1.119970807258	30	12	
82190000	493.537415	1	1.434400909522	0.000181579682	0.634459876705	0.900818122892	45	13	
82200000	462.756340	1	1.399527707253	0.000197076731	0.505843476654	0.721697207278	32	19	
82210000	471.642400	1	1.446389993160	0.000177790345	0.868850735596	0.810643077589	27	17	
82220000	466.295301	1	1.491077337564	0.000223404119	0.566982495471	0.856187247967	24	14	
82230000	487.262046	1	1.416522391778	0.000192741169	0.651303454945	0.752264269663	29	16	
82240000	482.215857	1	1.405955318946	0.000226500261	0.778116664690	0.658098968054	34	11	
82250000	477.776257	1	1.469268255900	0.000182518595	0.481114395123	0.765385523981	32	17	
82260000	474.662308	1	1.440963110880	0.000220036412	0.643766477393	0.649427600557	26	13	
82270000	476.573431	1	1.429846018679	0.000182493448	0.486949500442	1.155123645939	33	18	
82280000	472.153115	1	1.379053423576	0.000187521971	0.686516408994	1.197031933770	36	10	
82290000	474.501818	1	1.431778368582	0.000183617014	0.703155238350	0.858219411861	32	14	
82300000	472.767619	1	1.431897681731	0.000158429322	1.021709142770	1.295051403806	36	14	
82310000	482.120008	1	1.390118344261	0.000172515961	0.648582752390	0.718094848547	44	14	
82320000	468.087302	1	1.507435733070	0.000232114728	0.478508611001	0.880949102190	30	11	
82330000	480.193919	1	1.360672902182	0.000136312198	0.586085078025	1.415196849090	38	17	
82340000	479.724375	1	1.377937068762	0.000156119146	0.760752950354	0.948796314431	35	18	
82350000	483.601953	1	1.401434081332	0.000176850363	0.655969385355	0.848768658123	32	12	
82360000	467.056554	1	1.489965040051	0.000154051990	1.011106777877	1.725756736671	47	11	
82370000	481.233786	1	1.392545731976	0.000211207094	0.380631571650	0.466691426149	33	15	
82380000	479.400974	1	1.415145832486	0.000153532395	0.514097766290	0.970469358359	37	18	
82390000	482.259947	1	1.396965197724	0.000180924942	0.652161276665	1.086811550122	35	11	
82400000	473.758819	1	1.482922848792	0.000239443226	0.590479828457	0.879785862945	24	10	
82410000	490.064598	1	1.394537016476	0.000159847008	0.468128364287	0.990590408392	33	21	
82420000	482.937954	1	1.455948334056	0.000206614415	0.640325387919	0.738351660956	30	17	
82430000	466.401651	1	1.421196727377	0.000204875443	0.728087511510	1.012845529506	27	6	
82440000	467.949623	1	1.348926316804	0.000146562505	0.762800382360	1.259572056865	42	19	
82450000	470.296511	1	1.378024168369	0.000184341831	0.623443204394	1.059339644557	37	12	
82460000	466.648339	1	1.401187851805	0.000214517465	0.666753547639	0.879253851576	36	15	
82470000	472.220855	1	1.421158757894	0.000228241755	0.607577472754	0.691261059885	31	14	
82480000	469.136147	1	1.417354335473	0.000199324747	0.461563472395	0.648023692116	36	13	
82490000	476.603852	1	1.354078727125	0.000188587279	1.167608561231	0.815209443083	32	19	
82500000	474.692985	1	1.370195225326	0.000228911006	0.370422024838	0.860452517035	34	13	
82510000	483.870287	1	1.390347468695	0.000222227734	0.668167602262	0.817644205849	32	12	
82520000	474.310351	1	1.412943184965	0.000215808767	0.682540540479	0.620738942979	28	15	
82530000	467.048317	1	1.426885058780	0.000158029473	0.835953324952	1.187442648965	28	12	
82540000	476.552090	1	1.443186321144	0.000199666185	0.424740276462	0.775313760308	31	15	
82550000	488.066392	1	1.419051930000	0.000194944087	0.510215158873	0.765114482185	34	14	
82560000	464.784946	1	1.333796040752	0.000204355786	0.447662846078	0.451870134365	37	14	
82570000	480.367428	1	1.466839806405	0.000187311031	0.694970298426	0.909401807159	28	11	
82580000	469.512014	1	1.416057315943	0.000216434801	0.586968240183	0.807152572793	27	16	
82590000	485.512154	1	1.366421143491	0.000201530071	0.670365650118	0.670915023103	37	13	
82600000	486.467943	1	1.453710683390	0.000186404682	0.575615799240	0.538483820994	38	13	
82610000	475.576595	1	1.373996710821	0.000187823623	0.563322135964	0.823745279727	33	14	
82620000	475.993285	1	1.383234021857	0.000236238839	0.425622366924	0.806436587498	29	12	
82630000	472.409019	1	1.449885661138	0.000207938389	0.552517082969	0.625986601842	25	23	
82640000	477.179982	1	1.396637066051	0.000172141052	0.794189325197	0.903308527716	35	16	
82650000	472.138346	1	1.341016812160	0.000185227978	0.801169299548	0.969206355065	26	14	
82660000	474.404900	1	1.371512684556	0.000159689927	0.611056271829	0.415287175518	36	19	
82670000	470.197239	1	1.515799806732	0.000205293497	0.339943234381	0.737456463283	33	14	
82680000	481.897393	1	1.441739011558	0.000209190669	0.646761933816	0.948726098251	22	13	
82690000	466.746978	1	1.452600955291	0.000210884547	0.698775784802	0.890666826241	32	15	
82700000	474.487835	1	1.365553933749	0.000172153446	1.080442195572	1.600867398975	27	13	
82710000	475.478169	1	1.397152158154	0.000214807460	0.647096226628	1.008190196836	30	13	
82720000	478.980100	1	1.370736512665	0.000207237862	0.598205319292	1.048226029216	30	9	
82730000	482.000242	1	1.416897661650	0.000226574097	0.521732964854	0.596603142448	30	13	
82740000	480.142751	1	1.444518590432	0.000198025476	0.788367660465	0.797492066810	28	10	
82750000	491.542456	1	1.476241823536	0.000216096816	0.530856978039	0.669765216354	37	15	
82760000	485.433869	1	1.428657360151	0.000160896774	0.904929853738	0.921411324970	38	12	
82770000	475.311578	1	1.391183459643	0.000217626529	0.556863007005	0.963940017046	29	10	
82780000	484.479766	1	1.418251017346	0.000148109853	0.820534690272	0.988752403973	31	14	
82790000	474.546782	1	1.450770762227	0.000188874571	0.464517460670	0.812817888388	35	19	
82800000	468.036395	1	1.437072371605	0.000204560998	0.626693669840	0.951510245488	29	9	
82810000	486.674994	1	1.395379624255	0.000175661971	0.726276488327	0.917197139982	40	15	
82820000	469.137689	1	1.389201505794	0.000216281109	0.373705189019	0.880364382684	24	21	
82830000	484.454316	1	1.399765146973	0.000202252207	0.598088662209	1.029141993257	35	13	
82840000	482.909591	1	1.409835549661	0.000226832734	0.618493541656	0.626665178056	45	11	
82850000	481.064365	1	1.415674647433	0.000186578743	0.717173829959	0.878951659943	42	15	
82860000	480.271985	1	1.414392277111	0.000152248063	0.590501909349	1.141105210160	27	15	
82870000	470.169567	1	1.457058229735	0.000182346421	0.737887638819	0.880399022071	27	15	
82880000	475.980926	1	1.453949514913	0.000181963263	0.598308539680	0.608613661785	43	16	
82890000	474.498916	1	1.516998284656	0.000214044152	0.562493731278	0.762611389436	40	13	
82900000	468.877798	1	1.432050239034	0.000188008016	0.707103747304	0.830986907538	35	7	
82910000	468.839852	1	1.432426476394	0.000227216823	0.484170751891	0.674286425154	40	7	
82920000	472.690409	1	1.423847708504	0.000295776926	0.569565163520	0.609211322418	28	10	
82930000	481.803811	1	1.432068971076	0.000165764327	0.629851548386	1.096868358672	35	13	
82940000	483.789489	1	1.447025805510	0.000173134960	0.935824792338	0.943668401890	35	14	
82950000	467.679475	1	1.431398603213	0.000127456584	0.462152821664	1.070185395083	29	17	
82960000	481.334283	1	1.422985848896	0.000215412230	0.382080987038	0.774678985154	29	13	
82970000	476.194148	1	1.389069844627	0.000152277568	0.499414555985	1.055854307140	41	9	
82980000	486.295007	1	1.472830159118	0.000156050332	0.637656808322	0.979763592576	26	12	
82990000	473.078792	1	1.396797952308	0.000154326655	0.819425069882	0.674641928544	32	18	
83000000	469.644956	1	1.421130438142	0.000236325011	0.629068551874	0.733169542110	23	12	
83010000	474.699768	1	1.410316343441	0.000176575418	0.598375057906	0.848224862486	27	14	
83020000	489.846219	1	1.403769118583	0.000190511429	0.370546977019	0.522583540274	34	18	
83030000	483.607981	1	1.410575129016	0.000141060235	0.966510009793	0.852040211742	25	14	
83040000	493.706535	1	1.455200390334	0.000100518921	0.867746217218	1.073465288910	38	14	
83050000	495.615313	1	1.427399542637	0.000148830438	0.471566465160	0.927788325090	41	10	
83060000	476.945079	1	1.441895216231	0.000231420467	0.643386724150	0.909921066186	35	12	
83070000	476.555332	1	1.400357818789	0.000169854211	0.632086166540	1.101738977173	28	11	
83080000	487.406547	1	1.365435951102	0.000165020545	0.588636313768	0.883116338820	34	18	
83090000	476.284164	1	1.406619018843	0.000240411355	0.623698732373	0.680411864023	30	13	
83100000	465.262410	1	1.412257232893	0.000256230583	0.214623332144	0.720905152431	23	16	
83110000	480.173144	1	1.418543150428	0.000202407655	0.358239737981	0.639273023371	32	17	
83120000	482.017555	1	1.375002795394	0.000170012906	0.437734859291	0.684616982601	36	16	
83130000	479.291807	1	1.439959835001	0.000197904540	0.631060709899	0.779909991204	31	18	
83140000	486.314584	1	1.433491229319	0.000177761752	0.650315365583	0.756589616227	33	11	
83150000	473.844218	1	1.373524059620	0.000200418218	0.666278445707	1.314303268498	25	14	
83160000	484.628291	1	1.376349160022	0.000202955049	0.559177985910	1.051907746961	24	18	
83170000	496.125970	1	1.390672921612	0.000144503590	0.595054044778	0.927940393727	35	12	
83180000	471.664310	1	1.416882612995	0.000221350528	0.588164518100	0.835383729802	21	9	
83190000	488.986722	1	1.380832224429	0.000160631706	0.575676851094	1.012384277920	22	18	
83200000	475.443736	1	1.404093077475	0.000156112270	0.534657171679	1.302363202937	33	15	
83210000	481.431368	1	1.367961618686	0.000166149058	0.695540208491	1.067229984837	43	12	
83220000	473.325605	1	1.466451626498	0.000209072489	0.366556596810	0.606918237916	41	10	
83230000	480.409586	1	1.505836398504	0.000179389949	1.135858420275	1.359174148092	29	15	
83240000	487.108137	1	1.380441469493	0.000170618498	0.862296791837	1.164266118095	31	23	
83250000	469.786632	1	1.451153504675	0.000223267669	0.954501366861	0.945637070927	24	15	
83260000	471.999611	1	1.431506494665	0.000143785735	1.215843467795	1.228928691175	33	8	
83270000	485.413605	1	1.410205989955	0.000208714608	0.635976571681	0.844328364087	36	13	
83280000	497.046020	1	1.456246520464	0.000136765393	0.932285290432	0.742240595463	39	19	
83290000	479.431877	1	1.395494244629	0.000184334776	0.801257107836	0.785634325405	34	17	
83300000	474.550655	1	1.386312048071	0.000154962963	0.884472153857	1.381801095312	33	14	
83310000	471.826349	1	1.467897670469	0.000205191210	0.546556410812	0.970023698845	35	12	
83320000	484.556793	1	1.405800401948	0.000144554236	0.626208714936	1.261825843844	37	29	
83330000	486.753170	1	1.386803164662	0.000166074169	0.951870898420	1.016124179564	35	13	
83340000	488.807816	1	1.294277836088	0.000221933028	0.456605059479	0.792105411163	36	13	
83350000	480.197390	1	1.387571924472	0.000184465025	0.680482789987	1.075770209176	42	15	
83360000	486.601100	1	1.333585510488	0.000208950676	0.783639680458	0.899633738204	40	14	
83370000	481.106414	1	1.418705071253	0.000176271036	0.803367877807	1.387138572071	36	8	
83380000	482.585658	1	1.404292228372	0.000235524756	0.566647295120	0.960503405524	31	9	
83390000	476.187384	1	1.418604834797	0.000209163191	0.803694298609	1.043195434630	26	11	
83400000	467.656054	1	1.440375921271	0.000243660681	0.361634975817	0.629210884367	27	19	
83410000	498.052226	1	1.431457079665	0.000180812852	0.558906442674	0.703935968652	26	16	
83420000	474.174964	1	1.495332179659	0.000150943033	0.666347909365	1.353639476844	32	16	
83430000	495.441953	1	1.395233110814	0.000136671854	0.464667006125	0.931772438948	39	15	
83440000	477.385270	1	1.453381399587	0.000186132002	0.468177058444	0.807152859541	36	12	
83450000	467.915633	1	1.439824837277	0.000243763929	0.415675074970	0.624189433695	31	11	
83460000	477.362440	1	1.451795374554	0.000167254192	0.491544348471	0.935516686286	27	12	
83470000	471.182054	1	1.428025523319	0.000168965855	0.372123400404	0.625179234471	28	20	
83480000	481.629561	1	1.449674860479	0.000198023378	0.439535241986	0.563056468811	31	15	
83490000	487.877713	1	1.440866341449	0.000158879833	0.555903254474	1.082493659203	26	22	
83500000	482.674423	1	1.403841238362	0.000206882482	0.324944213864	0.694342599585	35	13	
83510000	487.145037	1	1.441622359522	0.000167543183	0.472031736806	0.891186434403	38	14	
83520000	480.398794	1	1.363947276775	0.000192815037	0.769573694139	1.093020390898	31	13	
83530000	486.277132	1	1.427994784637	0.000160342578	0.474472775119	1.149885565695	36	16	
83540000	473.119584	1	1.405646853362	0.000174489113	0.432330141466	1.615280715256	32	19	
83550000	495.205982	1	1.372684299520	0.000185140885	0.346975705685	0.643246414222	35	16	
83560000	489.109685	1	1.392129228902	0.000159502020	0.372620853744	0.874401594336	38	14	
83570000	474.621330	1	1.414142497672	0.000193491920	0.383589311008	0.937225757696	35	14	
83580000	484.829013	1	1.429958892171	0.000165764133	0.518261038065	0.943091804191	29	12	
83590000	480.788010	1	1.452682953886	0.000174348846	0.725579217125	0.981509542517	34	9	
83600000	490.788504	1	1.404112643523	0.000191465518	0.652904142474	0.963847253851	31	7	
83610000	478.382951	1	1.369576409960	0.000169706600	0.362449578342	0.909492372529	26	10	
83620000	465.574354	1	1.426304145910	0.000171341397	0.514741468638	0.675347221059	26	11	
83630000	479.382533	1	1.364686837961	0.000147328590	0.455489619241	0.945286802805	35	15	
83640000	486.089941	1	1.440316863932	0.000193395514	0.522824905325	0.684744892482	35	13	
83650000	479.109286	1	1.454965092492	0.000175175504	0.413269763945	0.710462895915	29	14	
83660000	471.504999	1	1.381892794591	0.000171179929	0.627484003702	0.906474417054	26	14	
83670000	486.039474	1	1.442251261084	0.000196161131	0.515562736344	0.779100529105	27	13	
83680000	470.410581	1	1.442565790435	0.000165684388	0.576705478723	1.223089715698	31	12	
83690000	485.754540	1	1.404241955769	0.000235321656	0.279394016297	0.496407871078	29	14	
83700000	481.589408	1	1.383053433371	0.000146667917	0.465665748710	0.933156965016	36	15	
83710000	458.075828	1	1.375539501462	0.000194173538	0.358896997964	0.875478464046	31	14	
83720000	474.250013	1	1.417130703218	0.000196852535	0.575491034302	0.622367774472	31	15	
83730000	472.342129	1	1.408369711457	0.000135761011	0.498023538028	1.007517261037	26	16	
83740000	479.948777	1	1.460473565539	0.000180949426	0.666818065159	0.814013088913	37	11	
83750000	481.789636	1	1.453228621890	0.000189208685	0.550801224122	0.945285523799	32	17	
83760000	476.657395	1	1.414116316247	0.000215974452	0.449476525677	0.576709450883	26	8	
83770000	476.668472	1	1.393850933893	0.000197948321	0.782123005944	0.799255093505	36	13	
83780000	482.829634	1	1.355413725402	0.000128901133	0.982189894256	1.438465196390	33	17	
83790000	466.968729	1	1.465168633938	0.000154019565	1.000971397228	1.169242721270	33	14	
83800000	478.132874	1	1.426382760609	0.000266667485	0.505592589954	0.478377096783	30	16	
83810000	473.299537	1	1.503329765148	0.000189222884	0.489376320890	0.811559625419	25	16	
83820000	481.832767	1	1.432194408675	0.000171392124	0.615480572221	0.993270363588	30	12	
83830000	470.547227	1	1.382421784424	0.000207495564	0.682690786933	0.722015358082	28	6	
83840000	487.478330	1	1.383358894643	0.000168656040	0.652933746304	0.846846246252	30	11	
83850000	479.329142	1	1.462146001538	0.000177659505	0.488964359024	0.995748471489	26	23	
83860000	473.429210	1	1.357107380206	0.000179468140	0.804732335408	0.673589500569	37	9	
83870000	468.918154	1	1.412488510232	0.000241933546	0.575876266670	0.495366292114	29	15	
83880000	480.314715	1	1.366058410306	0.000159663745	0.895399303599	0.986049540953	28	16	
83890000	481.986974	1	1.477618100476	0.000171296625	0.840505426700	0.968825966995	38	11	
83900000	487.527128	1	1.427786132430	0.000120808455	0.561325949563	1.455301694251	35	15	
83910000	477.722552	1	1.459801191307	0.000183832368	0.501951106154	0.681590347630	28	13	
83920000	488.272905	1	1.447496090932	0.000127540892	0.625432812929	0.871926198993	31	25	
83930000	483.176417	1	1.421186760537	0.000186378951	0.386126850478	0.680001471947	18	18	
83940000	483.785048	1	1.475033870189	0.000198794238	0.698584170882	1.081651882606	40	18	
83950000	473.286125	1	1.363740088512	0.000257516239	0.453958842844	0.700402038402	35	12	
83960000	480.745174	1	1.415367522788	0.000207515564	0.398526399239	0.744014200781	24	16	
83970000	485.897464	1	1.423574349665	0.000179981440	0.615883516868	0.970951094875	28	17	
83980000	467.805110	1	1.358841253699	0.000205708069	0.675187081177	0.763545183472	35	7	
83990000	468.799045	1	1.434482877322	0.000143578948	1.221895692591	1.156748700992	27	20	
84000000	469.922207	1	1.396412198238	0.000209784456	0.722646461022	0.572828930741	27	16	
84010000	477.024044	1	1.383059468513	0.000224317672	0.458863222692	0.650925354125	33	13	
84020000	476.745759	1	1.450444088593	0.000150671086	0.801312666259	0.942142563150	41	15	
84030000	469.073774	1	1.479265723762	0.000166352452	0.681846023426	0.718842099089	29	13	
84040000	488.184870	1	1.472071497994	0.000155526440	0.472740433570	1.183985513125	44	11	
84050000	480.327169	1	1.361923716378	0.000180628336	0.437937667181	0.837317481757	33	20	
84060000	473.702062	1	1.423001437218	0.000152497031	0.744749964423	1.108521785898	28	16	
84070000	474.695973	1	1.315981465306	0.000233890224	0.420943539769	0.961157486994	33	6	
84080000	467.965368	1	1.439763472487	0.000168053954	0.861009416083	0.953774798952	43	14	
84090000	477.759523	1	1.439959860511	0.000139295954	0.846832121056	1.162902253227	36	12	
84100000	459.473083	1	1.384038302757	0.000257819389	0.424018792246	0.774692060796	25	8	
84110000	489.077839	1	1.374924041018	0.000214176860	0.729289245980	0.796833979894	36	12	
84120000	487.478252	1	1.374856539108	0.000170440181	0.722708708562	0.980463708156	24	11	
84130000	487.209392	1	1.451083667008	0.000147053612	0.394634435737	0.862830900747	29	15	
84140000	478.550717	1	1.394742633490	0.000202971937	0.422701663483	0.695623402080	43	8	
84150000	495.455964	1	1.407086138960	0.000172261022	0.310577104005	0.704173641888	38	19	
84160000	478.099907	1	1.386608377631	0.000161635539	0.571698592216	0.908803553017	30	14	
84170000	470.912549	1	1.495529399981	0.000170667260	0.571554578863	1.014593934519	46	18	
84180000	476.219213	1	1.462369083156	0.000181439688	0.740098797293	0.724827523533	33	17	
84190000	480.307531	1	1.439932803563	0.000167828481	0.834735227484	0.999207486872	36	16	
84200000	482.490848	1	1.433987216379	0.000171531008	0.641081218929	1.219743558010	34	12	
84210000	471.860341	1	1.455390508385	0.000251545398	0.349482513709	0.729270126348	41	11	
84220000	478.420052	1	1.447366677218	0.000219548167	0.642365008269	0.693611416058	32	12	
84230000	487.065393	1	1.399801179136	0.000196989924	0.468735878115	0.614386402614	40	12	
84240000	480.856591	1	1.414006950494	0.000188362849	0.651192585412	0.506065744022	40	16	
84250000	477.828366	1	1.418081816728	0.000201435074	0.632960312082	0.960839421469	34	17	
84260000	464.525798	1	1.386085521654	0.000190365720	0.910680570906	1.033911782720	37	14	
84270000	481.961442	1	1.459525533169	0.000176104186	0.591331644346	1.160484883825	34	19	
84280000	475.611791	1	1.378080156904	0.000269704044	0.385663703046	0.488679912601	43	13	
84290000	480.998088	1	1.451841259334	0.000144404392	0.782124839876	1.079610242403	49	14	
84300000	495.850682	1	1.403698553355	0.000165098125	0.578313886519	0.657016764538	43	15	
84310000	471.148916	1	1.447407661451	0.000213480298	0.361407527274	0.634076750667	33	14	
84320000	475.986706	1	1.416161869544	0.000266377844	0.382935989751	0.530367723752	34	12	
84330000	484.643720	1	1.380345790845	0.000164173276	0.845914045924	0.902756857791	25	13	
84340000	475.352293	1	1.407186402408	0.000158508980	0.647841683609	1.196434080439	28	13	
84350000	469.141060	1	1.415701305859	0.000232924615	0.368165842609	0.604365440842	26	9	
84360000	473.169887	1	1.401368251267	0.000217933337	0.473695041701	0.930057287611	32	13	
84370000	478.278296	1	1.398756491998	0.000212391074	0.421784656271	0.843968708385	26	14	
84380000	486.635379	1	1.436682048274	0.000177683178	0.507808073231	1.015037784952	28	11	
84390000	475.235462	1	1.484389399249	0.000149935496	0.980725820065	1.139406866061	32	16	
84400000	470.355070	1	1.389490847760	0.000197290415	0.586677615080	0.863213184233	21	17	
84410000	475.691839	1	1.493935361335	0.000193354453	0.375795265593	0.669195610856	28	17	
84420000	473.440044	1	1.341330578027	0.000188670457	0.490012534426	0.721185015029	33	12	
84430000	485.682066	1	1.410966711839	0.000155789084	0.602504939306	0.915575158575	39	23	
84440000	475.518989	1	1.489660709259	0.000218130864	0.416483361185	0.829543619894	32	19	
84450000	471.459686	1	1.452674365234	0.000193099531	0.443330077171	1.065907284180	27	17	
84460000	469.587027	1	1.423237291999	0.000190780415	0.457718147781	0.827964638400	27	18	
84470000	475.241829	1	1.454327690965	0.000141574042	0.765835989911	1.013080932267	30	14	
84480000	484.350157	1	1.424321004014	0.000215330495	0.541065355083	0.913547761278	24	16	
84490000	477.467107	1	1.423090691975	0.000171419516	0.665878436535	0.783754653212	26	13	
84500000	491.875658	1	1.448744376456	0.000180068910	0.509968914964	1.024544363173	33	18	
84510000	478.352033	1	1.407647747168	0.000154972925	0.781037543294	0.875018420835	29	12	
84520000	471.991795	1	1.441660855112	0.000155483562	0.488954527745	0.884823902634	36	14	
84530000	482.947922	1	1.314506037595	0.000165722752	0.497040063443	0.837146258282	35	18	
84540000	467.576790	1	1.454947370628	0.000166452572	1.063651598933	0.640035980496	43	13	
84550000	474.022974	1	1.377147786535	0.000177980839	0.648746056580	0.905703086660	33	16	
84560000	486.077320	1	1.405684470991	0.000146706079	0.642927663438	1.050166094926	30	9	
84570000	481.175682	1	1.417988804374	0.000152284392	1.021368219027	0.953002626822	35	15	
84580000	469.454647	1	1.449976577415	0.000137242519	0.621104600637	1.374565368463	32	16	
84590000	478.819559	1	1.382326974816	0.000246851600	0.383148422102	0.567612443128	34	15	
84600000	479.574857	1	1.413320101712	0.000168254072	0.630478304337	0.792486669432	37	9	
84610000	480.327046	1	1.439181379204	0.000175589129	0.612259735786	1.006755724352	35	14	
84620000	470.873794	1	1.393611486512	0.000201785656	0.485475670039	1.048162592715	41	15	
84630000	471.880360	1	1.462626404716	0.000203639531	0.642998288485	0.550582197199	26	16	
84640000	490.728918	1	1.390234636014	0.000152507903	0.574501842763	1.083243141293	44	18	
84650000	483.175718	1	1.381792828467	0.000195634462	0.408194068399	0.622798766181	30	10	
84660000	475.814680	1	1.461786743069	0.000148897297	0.639544123116	0.799927540031	42	12	
84670000	499.141899	1	1.408325083616	0.000166270625	0.507322275334	0.752669425665	45	13	
84680000	484.219029	1	1.478911046393	0.000185547902	0.747294149622	0.850394452904	31	11	
84690000	479.301076	1	1.419768669640	0.000186799658	0.484613296497	0.883175187140	37	11	
84700000	481.799207	1	1.344641251067	0.000205935002	0.637404640294	0.718048422615	39	12	
84710000	477.167680	1	1.480862707475	0.000170346267	0.821079187900	1.083437996895	39	10	
84720000	480.939019	1	1.416007794893	0.000208299303	0.500107674246	0.822506653969	34	11	
84730000	476.197594	1	1.410660195343	0.000181554261	0.672018427514	0.816495774713	36	17	
84740000	483.266460	1	1.399338245671	0.000175190010	0.556588547509	0.538923291872	33	17	
84750000	478.111338	1	1.404818570369	0.000214337098	0.444882108865	0.602949782152	33	12	
84760000	486.870564	1	1.393434824182	0.000157483416	0.604604510648	1.058233941297	33	10	
84770000	482.266336	1	1.392990364359	0.000161491229	1.018193172526	0.768510681477	29	17	
84780000	474.309122	1	1.355255759157	0.000208967343	0.611948882092	1.049121351092	35	11	
84790000	474.049330	1	1.407529938518	0.000142553817	0.780974029022	1.089002631269	27	21	
84800000	480.760471	1	1.441318942459	0.000185634112	0.623044198348	1.060059146950	26	12	
84810000	484.471951	1	1.437701954248	0.000154670290	0.509347006969	0.728716059402	31	12	
84820000	478.694570	1	1.431845552237	0.000169119166	0.430469487381	0.761473409427	30	14	
84830000	461.360040	1	1.486530676527	0.000192839345	0.470321802069	0.902454304548	27	11	
84840000	472.615924	1	1.388041026776	0.000151074792	0.636000589262	0.950150057674	25	14	
84850000	489.915972	1	1.398960994875	0.000156686278	0.773494126574	0.886213625316	33	16	
84860000	474.896133	1	1.421741520981	0.000140011151	0.561782483522	1.172104381414	35	21	
84870000	472.970874	1	1.364090501055	0.000239863937	0.541162025269	0.753791464966	26	16	
84880000	478.766800	1	1.410264582703	0.000226558394	0.587116942505	0.716882159826	25	15	
84890000	475.529577	1	1.474529097569	0.000172354408	0.466495895747	0.815970171323	36	16	
84900000	464.170967	1	1.463711498278	0.000153749123	0.611429409554	1.387950907525	38	13	
84910000	486.813771	1	1.485847970010	0.000182734141	0.636152305108	0.994674919578	32	14	
84920000	474.833509	1	1.423417583295	0.000283209774	0.426448525869	0.584579284398	28	10	
84930000	468.063493	1	1.404782340899	0.000173478520	0.948907794829	0.858480074525	31	12	
84940000	476.514067	1	1.413694387015	0.000182650092	0.648087944242	1.015513201498	31	12	
84950000	483.869249	1	1.416566658925	0.000198625541	0.510106573655	0.694118026716	35	21	
84960000	477.387265	1	1.486062915396	0.000171987555	0.759378155472	1.069317389604	29	11	
84970000	462.393704	1	1.355911740252	0.000203980301	0.645960125612	0.839091957543	30	15	
84980000	477.836806	1	1.414253617465	0.000170521676	0.548634767203	0.755215199380	30	17	
84990000	484.726857	1	1.444044850183	0.000177454618	0.578713141872	0.876335189288	29	11	
85000000	472.415129	1	1.356834406932	0.000188519183	0.751439069348	0.979047067310	30	10	
85010000	475.802435	1	1.417417055077	0.000189076759	0.328980030832	0.854519546938	42	15	
85020000	479.278940	1	1.436558437451	0.000215914131	0.548556862781	0.736872268808	37	15	
85030000	470.844925	1	1.366456926124	0.000166153575	0.622450353891	0.633245703548	40	7	
85040000	484.951479	1	1.388961329623	0.000182188077	0.335832234371	0.929376531784	32	16	
85050000	484.381665	1	1.456460072304	0.000195573076	0.347155899240	0.918643213715	28	11	
85060000	479.982637	1	1.463384030686	0.000173621950	0.438462182485	1.132919194521	37	17	
85070000	479.807222	1	1.446611868755	0.000170804236	0.612098498044	0.968554432816	42	10	
85080000	455.071508	1	1.431125515440	0.000199190982	0.273414827653	0.909550522291	34	12	
85090000	467.856863	1	1.401169296056	0.000196586723	0.278764335776	0.496792446728	34	12	
85100000	489.244465	1	1.402791705331	0.000135804117	0.541864756936	0.819355366542	29	16	
85110000	476.415492	1	1.382147840304	0.000117799910	0.778943242362	0.994263987491	37	17	
85120000	480.600474	1	1.468094646984	0.000174954441	0.367437632435	0.899248077911	37	18	
85130000	477.746848	1	1.366418161670	0.000170718585	0.662583732895	0.972721784625	34	16	
85140000	485.725295	1	1.378938842690	0.000137594441	1.020162056168	1.058962433045	33	24	
85150000	483.955901	1	1.435335926557	0.000149683672	0.381777921214	1.137347538925	32	12	
85160000	478.887579	1	1.411507064857	0.000183315752	0.526057762998	0.692578765957	16	21	
85170000	478.661290	1	1.400530997417	0.000186401946	0.328793341004	0.605349036431	31	12	
85180000	476.743722	1	1.422417672559	0.000221927842	0.500213746300	0.572527773535	20	15	
85190000	475.943211	1	1.452566824350	0.000255064553	0.366108518628	0.533394622362	42	14	
85200000	475.022470	1	1.372381077801	0.000195968350	0.440384778666	0.676615173036	39	15	
85210000	497.030565	1	1.382062735481	0.000198682737	0.492850335580	0.623435205012	25	14	
85220000	477.391110	1	1.379156836683	0.000225882039	0.507944987168	0.519124918858	25	19	
85230000	479.961152	1	1.410657720451	0.000215808081	0.383385204317	0.566685506367	31	13	
85240000	488.917643	1	1.465681400444	0.000197658675	0.573331627814	0.682411324834	30	14	
85250000	476.706272	1	1.434437733251	0.000204154462	0.731108544084	0.863178586893	33	12	
85260000	463.106402	1	1.455665627928	0.000174931992	0.742414063964	1.087760092945	23	16	
85270000	476.020866	1	1.425724390943	0.000198680401	0.680935494388	0.779605739775	29	11	
85280000	472.243246	1	1.414823157791	0.000201571544	0.640115315771	1.138873038280	19	17	
85290000	468.919703	1	1.417512685537	0.000175298459	0.652281671587	1.163770601448	27	15	
85300000	478.622280	1	1.415830301756	0.000174682575	0.671971271720	0.943241869305	26	18	
85310000	478.281757	1	1.444040994999	0.000155716699	0.976906871874	1.385894782453	29	19	
85320000	469.680904	1	1.346591059988	0.000227595443	0.480880672238	0.698158889905	37	12	
85330000	469.573270	1	1.485992405297	0.000158897253	0.616570190301	1.209639540539	33	11	
85340000	476.164519	1	1.399517081095	0.000193991763	0.465645481925	0.719342517175	39	14	
85350000	480.335805	1	1.382650506531	0.000163465256	0.453333981384	1.067573334558	35	8	
85360000	477.978476	1	1.470854730318	0.000214730398	0.488192043712	0.609637103100	49	14	
85370000	480.197548	1	1.429211306071	0.000166011998	0.588176943806	0.872802602946	35	15	
85380000	463.118063	1	1.360401291871	0.000207759488	0.943194045855	0.915720554389	30	13	
85390000	470.178508	1	1.396216383367	0.000175847376	0.604395406057	0.714681656600	34	13	
85400000	474.549246	1	1.480663009091	0.000228488125	0.542352746778	0.596676181072	39	9	
85410000	480.199426	1	1.407226671040	0.000160873077	0.970257141438	1.240827093250	37	17	
85420000	481.959700	1	1.394750330961	0.000187321173	0.814065323179	0.810002546069	28	11	
85430000	494.776947	1	1.487223868229	0.000157571350	0.720109876099	1.031444147916	37	13	
85440000	479.892658	1	1.430414165547	0.000151817170	0.842378928561	1.042992447706	33	15	
85450000	488.594501	1	1.492080010508	0.000264038066	0.342919710630	0.795953547089	36	10	
85460000	469.214562	1	1.466059602253	0.000237027892	0.653394263329	1.083025748257	28	15	
85470000	476.841461	1	1.425655015879	0.000207099278	0.480497943673	0.796354625320	37	12	
85480000	472.279709	1	1.430351017100	0.000204767423	0.515151045661	1.167330141845	28	14	
85490000	474.976786	1	1.416953146023	0.000195893967	0.534744527411	0.818587525656	29	17	
85500000	482.766685	1	1.372435263295	0.000212232322	0.558634049863	0.726494568889	29	17	
85510000	463.197060	1	1.462882861116	0.000158678868	0.802483396796	1.676782187753	22	19	
85520000	482.619031	1	1.458934061776	0.000162661040	0.638971281007	1.026892098566	38	18	
85530000	477.883121	1	1.415096774062	0.000209770315	0.491512910497	0.898119422841	30	13	
85540000	484.831088	1	1.420546369932	0.000207526308	0.430306708858	0.523351726609	31	18	
85550000	482.181254	1	1.405762290414	0.000175549784	0.676572746437	0.783444300466	33	12	
85560000	484.374178	1	1.365051979458	0.000188721413	0.556604434584	0.983734681646	33	14	
85570000	472.917285	1	1.430041214171	0.000310678527	0.409696846768	0.503080935011	32	8	
85580000	470.805616	1	1.386795369083	0.000186207077	0.627216418333	0.860010970335	23	13	
85590000	479.876962	1	1.437014485671	0.000216877054	0.450383174278	0.590343518185	28	14	
85600000	476.084392	1	1.369733674117	0.000166457448	1.046063602129	0.916598842388	33	14	
85610000	460.940529	1	1.502927669459	0.000186308203	0.877931378232	0.712819318555	25	18	
85620000	477.099972	1	1.363409208755	0.000184607805	0.658682940647	0.872914688753	29	12	
85630000	457.577496	1	1.412543361593	0.000212291665	0.473935901396	1.044832204640	42	14	
85640000	478.217077	1	1.419822002003	0.000137104095	0.813806467149	1.172518711369	33	27	
85650000	469.784484	1	1.410211314853	0.000196551976	0.541069527011	1.513341955672	29	11	
85660000	469.519815	1	1.457325562537	0.000123411242	1.148012565493	1.114202740362	31	19	
85670000	483.841555	1	1.393362580063	0.000172561326	0.699375941108	1.142636124897	28	11	
85680000	479.761826	1	1.415899366176	0.000174712618	0.535409353441	1.055576335372	37	17	
85690000	483.248706	1	1.350207798095	0.000181109032	0.520588777850	0.577407637279	41	8	
85700000	475.761795	1	1.381961050829	0.000219014884	0.372428896567	0.715711071424	30	15	
85710000	480.066199	1	1.430959987802	0.000176408756	0.769949898487	0.684046845948	40	14	
85720000	471.228076	1	1.418533454963	0.000219532672	0.554184032808	0.650794379875	38	11	
85730000	484.850272	1	1.382372550449	0.000179907616	0.712790762025	0.916348606482	31	13	
85740000	483.632921	1	1.404335294130	0.000164174984	0.492662446835	0.828075901873	32	11	
85750000	479.928470	1	1.379711710316	0.000155812360	1.034316202582	1.518210992930	29	14	
85760000	473.521449	1	1.399938607722	0.000230068275	0.673022362451	0.845774711495	25	12	
85770000	475.537043	1	1.366217495848	0.000157475203	0.836751275078	1.383914456381	32	18	
85780000	475.783294	1	1.472362360150	0.000221758670	0.575489470997	0.792309991425	33	10	
85790000	488.259592	1	1.441702146494	0.000218016624	0.453594318445	0.833151656550	25	14	
85800000	474.235995	1	1.349017684127	0.000175016965	0.561217145720	0.825730545823	26	10	
85810000	479.143832	1	1.389681207376	0.000200130116	0.463008975556	0.802588291405	34	17	
85820000	472.043605	1	1.375871641928	0.000189405672	0.793872464435	0.980706817229	34	17	
85830000	477.734069	1	1.410080548274	0.000170231110	0.548602983619	0.861890582976	37	13	
85840000	483.773664	1	1.429394427873	0.000175983576	0.550697796770	0.679967075994	39	12	
85850000	474.909219	1	1.434560530925	0.000186589836	0.551551062514	0.880309624581	32	9	
85860000	477.264046	1	1.423312094408	0.000181854910	0.589210273073	1.136140299797	25	18	
85870000	479.314653	1	1.368964608240	0.000163019056	0.672378942668	0.840673220812	30	16	
85880000	485.550543	1	1.435278282889	0.000186939787	0.764227755747	0.832757805702	23	12	
85890000	466.048905	1	1.399159233548	0.000204146401	0.739144077813	0.799012343431	26	14	
85900000	473.119125	1	1.389558100418	0.000197035739	0.600657605597	0.822423929258	27	14	
85910000	460.968868	1	1.447998814051	0.000175553323	0.905999427418	1.194586172789	32	19	
85920000	476.744350	1	1.418508404738	0.000245532305	0.635546562139	0.751427249120	34	11	
85930000	473.618809	1	1.404310421201	0.000169221621	0.860567805457	1.586435348912	34	9	
85940000	480.284644	1	1.387547569726	0.000205840173	0.672271549953	0.677677349562	36	10	
85950000	484.100698	1	1.451304521644	0.000215967260	0.689768235542	0.871599592212	37	12	
85960000	467.511208	1	1.433476790914	0.000301076001	0.431938814071	0.538083368002	33	16	
85970000	483.745106	1	1.459186253033	0.000215437825	0.526209400513	0.849937002414	26	17	
85980000	480.820438	1	1.432931649465	0.000228212138	0.645695976332	0.473353146962	35	22	
85990000	471.600974	1	1.368110198435	0.000216274516	0.368042024514	0.454876648273	27	23	
86000000	490.509683	1	1.424843480626	0.000162537876	0.586035663549	0.818599459732	35	13	
86010000	482.785397	1	1.409474115843	0.000164772740	0.624488888351	0.900165961166	36	18	
86020000	470.225432	1	1.417932682927	0.000169119573	0.672286529658	0.953119255428	37	10	
86030000	485.497825	1	1.400210483306	0.000178241025	0.604454558207	0.932923394096	32	16	
86040000	473.618645	1	1.327355089432	0.000174875827	0.588107159378	0.782400602832	37	15	
86050000	481.827973	1	1.390522238477	0.000206099068	0.597629384281	0.736474789278	35	13	
86060000	478.906837	1	1.443368166448	0.000186152351	0.726499297063	0.881579623618	39	15	
86070000	473.242503	1	1.426100084968	0.000150744730	0.537503123757	1.076321652941	24	19	
86080000	487.170652	1	1.437449388290	0.000185053973	0.545155535740	0.942005768619	35	18	
86090000	486.811759	1	1.435356949304	0.000163723596	0.677483161367	1.257853873691	41	14	
86100000	474.737685	1	1.342339591852	0.000189032034	0.550742828082	0.763568383450	28	11	
86110000	475.295250	1	1.429625987601	0.000173740678	0.505613996591	0.665257809378	26	16	
86120000	469.865333	1	1.439394218781	0.000215291625	0.470948897469	0.741161978078	24	13	
86130000	477.422564	1	1.420948080912	0.000161191343	0.680537328186	0.835549258656	36	19	
86140000	476.585784	1	1.391421571985	0.000156515906	0.698932275633	1.465978310027	33	20	
86150000	470.853726	1	1.444616110152	0.000213399400	0.618510073502	0.850679365841	26	13	
86160000	478.735912	1	1.420478482052	0.000166107039	0.647881807900	1.022912057015	40	15	
86170000	472.535550	1	1.360986091504	0.000195136614	0.701801179037	0.988019214251	32	14	
86180000	478.530995	1	1.365056557504	0.000159942128	0.578434793676	0.723016227236	35	17	
86190000	491.783738	1	1.408427077919	0.000200958088	0.408588635387	0.557860740506	30	20	
86200000	476.388751	1	1.371766660333	0.000219452466	0.583871228314	0.836085014981	30	11	
86210000	465.463809	1	1.491389185285	0.000214092172	0.373697496791	0.738220797658	35	13	
86220000	476.302038	1	1.413626063454	0.000206576582	0.381984014071	0.545204452326	36	20	
86230000	480.611840	1	1.417879462176	0.000257579052	0.417324223943	0.402176624569	36	13	
86240000	485.522647	1	1.384387922662	0.000152260104	0.745152601698	0.987112764800	30	15	
86250000	478.266494	1	1.402656895506	0.000204603317	0.374605993884	0.947012515065	33	14	
86260000	468.531635	1	1.415132779803	0.000221141080	0.474072470084	0.649325005051	26	11	
86270000	472.287101	1	1.450299257169	0.000187288421	0.832255994026	1.056563228723	32	12	
86280000	489.915503	1	1.401192662979	0.000146072516	0.546004326123	1.068271766329	33	19	
86290000	476.662736	1	1.396982127436	0.000191282455	0.401849608089	0.641605446342	30	13	
86300000	481.118426	1	1.392768073117	0.000157179220	0.472322906224	0.795000278644	20	20	
86310000	472.564060	1	1.335149031017	0.000202399989	0.619134329194	0.701125244805	29	20	
86320000	473.296704	1	1.411003926737	0.000155108298	0.955621122003	0.772067385914	32	15	
86330000	486.847199	1	1.372695612559	0.000128609215	0.726312665608	0.732244983337	38	19	
86340000	475.450897	1	1.408870396359	0.000215047498	0.412159533223	0.816541663840	28	16	
86350000	479.983179	1	1.442750835025	0.000178182636	0.323697311210	0.740402062182	40	14	
86360000	488.820092	1	1.415572381164	0.000157394019	0.454418359342	0.701544057576	36	16	
86370000	476.623503	1	1.405388900962	0.000169761226	0.665681311790	0.975562795738	28	19	
86380000	488.548331	1	1.374355894778	0.000187320054	0.496068936388	0.973051499401	35	12	
86390000	485.744356	1	1.408497478632	0.000171622928	0.477659498765	0.689254453367	35	15	
86400000	467.644606	1	1.359475092676	0.000202898947	0.354533320531	0.673125013150	29	17	
86410000	471.022427	1	1.445015481073	0.000133494598	0.892436906007	1.218936611813	28	13	
86420000	468.251610	1	1.395025947232	0.000227756113	0.660556893411	0.783946930378	35	13	
86430000	486.521407	1	1.429378750211	0.000170525150	0.583690989211	0.953852198259	45	13	
86440000	478.877544	1	1.410484424449	0.000186806441	0.569081890721	1.108604345927	27	13	
86450000	472.020437	1	1.421168908123	0.000244324941	0.417289335664	0.521493511620	23	15	
86460000	488.695540	1	1.442295004215	0.000138597362	0.587390144636	0.955891107505	41	15	
86470000	475.364508	1	1.447802453492	0.000182757949	0.627753727180	0.887760657199	40	12	
86480000	488.034186	1	1.401197681478	0.000162659909	0.463228875291	0.664836308622	38	18	
86490000	477.288505	1	1.356460500130	0.000155521403	0.740768961406	1.033280674229	30	11	
86500000	473.364404	1	1.376725674462	0.000199734779	0.623789707590	0.811544437859	45	12	
86510000	483.091590	1	1.389165696992	0.000204302803	0.487146902355	0.603927240035	40	19	
86520000	483.743258	1	1.396077884198	0.000166687509	0.862940624918	0.873032778864	37	11	
86530000	478.299747	1	1.423739151024	0.000207136674	0.427785062578	0.986589537392	40	11	
86540000	480.653099	1	1.426902635359	0.000218110224	0.684174404530	0.626316956421	30	9	
86550000	481.564997	1	1.391441401163	0.000172069002	0.469933023294	0.912503598509	20	19	
86560000	472.135912	1	1.459640639504	0.000239302281	0.349887849066	0.783705360564	23	16	
86570000	472.283024	1	1.407692468320	0.000193378945	0.593078116988	0.881078242410	25	18	
86580000	474.699147	1	1.413731164337	0.000202748947	0.286851747652	0.662573093753	36	17	
86590000	477.098062	1	1.401891214898	0.000224477641	0.933353210722	1.369310843836	28	14	
86600000	477.295941	1	1.484803111625	0.000299332128	0.465802037637	0.765295859637	35	16	
86610000	475.215336	1	1.438574176903	0.000219308553	0.642591512739	1.112850289252	28	18	
86620000	476.991987	1	1.450195392707	0.000266596706	0.490937119964	0.678342849997	29	17	
86630000	472.707668	1	1.480330127300	0.000312649441	0.440248677549	1.185045366325	28	16	
86640000	473.810918	1	1.472997715139	0.000421105383	0.458867934559	0.632350919793	36	17	
86650000	477.288566	1	1.374588412952	0.000374561505	0.461588980652	0.982119030236	33	19	
86660000	478.904691	1	1.402077212414	0.000355707510	0.888308577319	1.141392240806	35	12	
86670000	473.798190	1	1.496961422314	0.000309210567	0.559851729754	1.050126916224	37	17	
86680000	485.508764	1	1.386707793625	0.000337344028	0.560006753895	0.837561444105	35	16	
86690000	483.672430	1	1.450987944924	0.000329846866	0.501283834108	0.715815863651	24	12	
86700000	480.125017	1	1.445712229443	0.000241294893	0.690475174956	1.037598243832	37	11	
86710000	487.170644	1	1.417385870034	0.000223806319	0.810033068398	1.041452321908	35	13	
86720000	483.114247	1	1.343243322529	0.000163362776	0.707032040873	1.114919606018	33	12	
86730000	480.620150	1	1.412327829950	0.000183753093	0.554964458648	0.527764333051	39	14	
86740000	487.744256	1	1.412765189315	0.000202637731	0.450662580896	0.676489393245	27	13	
86750000	494.939887	1	1.448723290055	0.000162712106	0.680774340953	0.766301305486	36	17	
86760000	486.036896	1	1.451709357562	0.000158926211	0.505005163527	0.675600910048	34	13	
86770000	480.736112	1	1.458477915792	0.000188906170	0.436319990645	0.882643272310	24	16	
86780000	474.196753	1	1.457742658695	0.000175094161	0.442651648534	0.847765279313	24	11	
86790000	476.727161	1	1.455715365403	0.000201752087	0.603739661248	0.573699665869	37	13	
86800000	490.253756	1	1.409801857798	0.000226803814	0.421926119121	0.612633557071	34	10	
86810000	472.322524	1	1.381467882261	0.000184428285	0.590218463174	1.082831406008	33	13	
86820000	475.978644	1	1.453505797820	0.000206335962	0.311637461928	0.814405734835	28	13	
86830000	476.885374	1	1.532439146663	0.000187119857	0.768065505211	0.951907761525	33	15	
86840000	475.248968	1	1.403622485712	0.000160958848	0.741333608498	1.120379294011	33	17	
86850000	481.018925	1	1.412744403912	0.000154222701	0.648288830751	1.159088893361	33	16	
86860000	483.933156	1	1.463650424197	0.000156795052	0.631357701913	1.082915103419	29	15	
86870000	479.239049	1	1.434420179140	0.000151803562	0.653702109169	1.109352953267	26	18	
86880000	466.758223	1	1.358856502245	0.000191892200	0.483018258255	0.977044159686	31	21	
86890000	478.865289	1	1.375468336789	0.000206895284	0.690794475218	0.753747522655	23	12	
86900000	475.358583	1	1.454181233323	0.000165340657	0.682781043147	0.682075867675	36	14	
86910000	473.722077	1	1.441455838473	0.000171769200	0.549303589118	0.969782406129	30	18	
86920000	476.757204	1	1.455821782406	0.000179479679	0.726799327549	1.268162346376	33	14	
86930000	468.449741	1	1.272825148740	0.000222270021	0.605599828060	0.758535863745	28	14	
86940000	483.623957	1	1.414633914644	0.000135038803	0.579478425358	1.208536518823	41	13	
86950000	482.912681	1	1.290325432707	0.000209041351	0.506492590897	0.757334562671	39	15	
86960000	479.846284	1	1.393293170544	0.000175907235	0.483826443940	0.707148405193	37	21	
86970000	486.139342	1	1.396309587116	0.000178687968	0.835659139414	0.761685242215	28	14	
86980000	478.681726	1	1.404781038545	0.000182518767	0.637846188241	0.922515656225	40	15	
86990000	469.016595	1	1.436110405576	0.000232871099	0.684926898233	0.781026775080	35	10	
87000000	472.390988	1	1.469302597078	0.000191929948	0.798272559179	1.160687477061	33	13	
87010000	481.572588	1	1.406577398928	0.000136116686	0.814551359285	1.217712930505	26	19	
87020000	477.493936	1	1.412817350079	0.000184069569	0.334586511885	0.530447036627	26	18	
87030000	462.520691	1	1.453398340016	0.000176224904	0.508961967309	0.769230197746	27	16	
87040000	486.403167	1	1.517663790538	0.000137346829	0.712596641850	1.348324860508	37	18	
87050000	475.679502	1	1.363792759400	0.000183519392	0.520132289326	0.822931873051	37	14	
87060000	475.814048	1	1.397373864088	0.000247080634	0.552861527116	0.660192351930	39	18	
87070000	481.919251	1	1.483955279396	0.000176913935	0.600760021105	0.942409878688	38	10	
87080000	483.157523	1	1.425946412350	0.000176183251	0.603582696912	1.192718339746	36	17	
87090000	499.836767	1	1.418437460106	0.000181258194	0.579536827444	0.554074906397	39	13	
87100000	482.131614	1	1.418907899720	0.000145691747	0.740969739253	0.893417454814	33	19	
87110000	478.476825	1	1.343901282116	0.000185734806	0.731761372644	1.226818540266	32	11	
87120000	485.111716	1	1.392308465816	0.000172841433	0.655172887765	0.836693819752	39	18	
87130000	484.313807	1	1.360203369377	0.000219025130	0.523392804609	0.461018695893	28	14	
87140000	482.972731	1	1.371916589539	0.000154526307	0.621785836149	1.149036404371	32	12	
87150000	480.016017	1	1.374182885245	0.000218695630	0.357548552094	0.539742355623	33	18	
87160000	477.170409	1	1.456391471054	0.000348231325	0.362433931602	0.380882975221	25	18	
87170000	484.958044	1	1.409932964259	0.000163016593	0.546533039859	1.116808837305	46	12	
87180000	483.658795	1	1.427561762624	0.000182499847	0.456212892550	0.730456981150	43	10	
87190000	467.735720	1	1.460039160761	0.000196045631	0.729815165108	1.001329141828	26	16	
87200000	473.563288	1	1.435405312567	0.000187015467	0.735580208947	0.879932944822	22	10	
87210000	472.758020	1	1.483188470370	0.000230675275	0.481509270233	0.943673844009	26	7	
87220000	484.054802	1	1.419558469527	0.000178958644	0.661769490135	0.911434822926	32	9	
87230000	485.925638	1	1.411417491863	0.000182429835	0.838670054921	1.011784573987	32	7	
87240000	479.713788	1	1.382245575795	0.000187699908	0.519215464055	0.936810449595	38	18	
87250000	486.900787	1	1.358648488370	0.000181135928	0.518534814399	0.641805955991	29	17	
87260000	482.799217	1	1.376561934915	0.000158883516	0.471370762417	0.691709654008	33	19	
87270000	483.452313	1	1.444814561595	0.000162026918	0.378333979122	0.871759465700	30	16	
87280000	477.051690	1	1.422408195788	0.000119861340	0.422981171327	1.192809099537	21	13	
87290000	478.394626	1	1.355828575428	0.000206422729	0.461988863186	1.139973007031	25	15	
87300000	484.514181	1	1.465848998534	0.000191671145	0.520790636182	1.180802150166	34	15	
87310000	476.054481	1	1.404931096687	0.000173597402	0.681427987386	1.226667825271	32	18	
87320000	477.275977	1	1.429525482947	0.000141786662	0.502931301808	1.120118686568	36	13	
87330000	478.823559	1	1.439730471655	0.000167212155	0.529406130644	0.866409801828	41	14	
87340000	475.974289	1	1.437038554729	0.000186750226	0.518090809692	0.693686745429	34	14	
87350000	478.689982	1	1.462081537330	0.000170515532	0.445863536529	0.788290473319	29	11	
87360000	461.248436	1	1.482104079450	0.000185164340	0.313024295913	1.066288598244	25	14	
87370000	476.139998	1	1.418450849858	0.000174130800	0.586864671506	0.770927029525	21	13	
87380000	474.004802	1	1.370262224274	0.000182744197	0.492592425211	0.907838984159	20	12	
87390000	478.951548	1	1.382514390636	0.000200587779	0.502392307645	0.413109524475	32	14	
87400000	478.877129	1	1.325659165934	0.000194634363	0.562712313390	0.607458332555	42	16	
87410000	470.857340	1	1.492355992980	0.000237417847	0.512979432472	0.818751598815	35	10	
87420000	479.924063	1	1.434421985378	0.000138207274	1.085075495392	1.189125674680	36	15	
87430000	474.413708	1	1.349251151566	0.000180700444	0.556526571779	1.073210461330	30	15	
87440000	485.273772	1	1.445219418035	0.000206758921	0.404277542628	0.594434408905	31	9	
87450000	480.490682	1	1.390708129206	0.000189102936	0.456888114655	0.765601140770	31	17	
87460000	469.558335	1	1.374796576899	0.000174711264	0.643689596244	1.157797768800	27	17	
87470000	491.549889	1	1.435594596258	0.000178128885	0.482382225462	0.891510470690	34	9	
87480000	470.261813	1	1.442142879811	0.000218353824	0.377342767509	0.568596186147	45	14	
87490000	489.237039	1	1.392139599221	0.000181219567	0.536352580772	0.617514343613	29	18	
87500000	480.777475	1	1.429578435420	0.000185515973	0.627128510302	0.731187652006	21	14	
87510000	472.062919	1	1.421445123615	0.000260431524	0.487455026627	0.612563287917	26	14	
87520000	476.660056	1	1.440196503919	0.000238548945	0.348867571150	0.560507475863	26	14	
87530000	474.782171	1	1.412387517010	0.000205005718	0.589676614703	0.834279696837	25	7	
87540000	482.999430	1	1.440659537392	0.000178775211	0.759553464124	0.798187203072	33	14	
87550000	483.121866	1	1.382941812720	0.000191105845	0.579675634448	0.693275912899	33	11	
87560000	473.740054	1	1.441555007527	0.000176505257	0.656004500094	0.963554982746	29	13	
87570000	472.324207	1	1.413202465878	0.000221117467	0.688749627676	0.890982552216	38	16	
87580000	480.520795	1	1.457116606452	0.000176766440	0.726908685424	0.824861317484	40	12	
87590000	484.413120	1	1.400025804381	0.000173270402	0.588461319825	1.065393538041	23	13	
87600000	481.458847	1	1.418895260651	0.000193635364	0.514787183282	0.874395764046	24	19	
87610000	489.217611	1	1.412988524613	0.000226269419	0.511689442681	0.466291435751	33	12	
87620000	479.535832	1	1.407070170643	0.000193945130	0.484318336955	0.834201673930	32	17	
87630000	477.620817	1	1.419132360296	0.000152554420	0.648911002876	0.995887145471	42	13	
87640000	480.379469	1	1.394981891041	0.000193731375	0.563674732058	0.693716899301	35	12	
87650000	459.611281	1	1.470756940742	0.000172746310	0.944342930345	0.960065073973	35	13	
87660000	474.639219	1	1.356192720325	0.000151120349	0.578957804353	0.898818691318	37	14	
87670000	487.570181	1	1.382385824676	0.000209665947	0.699176462220	0.715223509097	37	12	
87680000	463.411634	1	1.458897359295	0.000183755780	0.604786822042	0.843783543956	39	17	
87690000	468.510371	1	1.489685475438	0.000146148585	0.942924002249	1.307099927615	35	12	
87700000	470.310201	1	1.348104883165	0.000152549572	0.982611889899	1.261226707821	38	16	
87710000	492.105379	1	1.403649622787	0.000147655131	0.507757148436	0.770380329843	35	21	
87720000	477.540894	1	1.438646026518	0.000159992200	0.687899163569	0.905901006326	26	20	
87730000	450.785191	1	1.388990787313	0.000237416119	0.768371368947	0.888071111474	31	11	
87740000	469.223549	1	1.418359202416	0.000209904666	0.486876993199	0.932151539146	27	16	
87750000	484.369089	1	1.473871413308	0.000143832323	0.748383935742	1.037613796739	39	20	
87760000	489.032750	1	1.388012128866	0.000170505406	0.424065781189	0.725582633225	34	18	
87770000	474.924742	1	1.487006335908	0.000210285711	0.490472266604	0.847362127235	28	14	
87780000	461.692816	1	1.507371320120	0.000171797757	0.795966273161	0.899650203314	32	19	
87790000	482.283598	1	1.435720521235	0.000155854218	0.735348700855	0.869344136547	30	11	
87800000	475.290025	1	1.453113123022	0.000258152487	0.335772886412	0.552634901649	28	11	
87810000	474.082025	1	1.420127713874	0.000180534369	0.594556100659	1.008479700770	34	16	
87820000	481.093725	1	1.385891899284	0.000194469205	0.732607325998	0.962529659622	34	11	
87830000	472.563088	1	1.432622845818	0.000212991576	0.590350445610	0.880215807322	22	12	
87840000	478.928025	1	1.388678063520	0.000196110495	0.667410937866	0.863829690539	29	15	
87850000	480.262132	1	1.417329488251	0.000175888610	0.635936047610	1.008691403824	36	11	
87860000	480.851888	1	1.370621614473	0.000189997759	0.714692926309	0.685131469539	28	18	
87870000	479.199151	1	1.471994586986	0.000198244791	0.448294620230	0.794812949156	26	17	
87880000	485.392329	1	1.400431506792	0.000172450079	0.520716165859	0.858632538138	35	20	
87890000	489.445017	1	1.381732842645	0.000217731963	0.376177005486	0.747083535013	36	19	
87900000	480.062609	1	1.423983756920	0.000182404300	0.702648993695	0.831188428429	24	14	
87910000	476.001268	1	1.462475192818	0.000148462652	0.986567577620	1.338700036918	24	16	
87920000	478.192706	1	1.369027265535	0.000236235071	0.409445983467	0.668875918004	29	13	
87930000	488.923278	1	1.391255039267	0.000191787948	0.462007425478	0.841345716751	33	13	
87940000	483.460843	1	1.421562405541	0.000171703515	0.662629772495	0.944390450009	29	17	
87950000	489.089663	1	1.425426031610	0.000224382409	0.401287975821	0.440806563841	33	17	
87960000	480.919398	1	1.405738348190	0.000206371467	0.364404034296	0.788364762711	31	15	
87970000	480.401447	1	1.355981503706	0.000177310600	0.653431201131	0.813502704180	34	13	
87980000	483.847338	1	1.384029605262	0.000143870291	0.675477928693	1.371227861971	34	21	
87990000	477.242720	1	1.345463556004	0.000174786797	0.663142817144	1.186690474465	50	15	
88000000	478.388291	1	1.426666194832	0.000211064476	0.363814076304	0.608216688318	33	20	
88010000	478.333603	1	1.389428016773	0.000232467089	0.287309890958	0.765119186890	33	15	
88020000	469.348246	1	1.489318924061	0.000191001966	0.808598198910	0.741615621082	23	21	
88030000	483.120963	1	1.577898280797	0.000189485068	0.420712585783	0.981281766567	35	15	
88040000	490.788386	1	1.451839923448	0.000157033596	0.555545652599	0.681640740149	38	15	
88050000	472.035336	1	1.431347468309	0.000243790046	0.378115371060	0.625234457241	40	11	
88060000	476.627358	1	1.403440898287	0.000183326465	0.748434034583	0.736967541118	29	13	
88070000	472.200833	1	1.409648704388	0.000255957055	0.420508506038	0.584982803446	33	15	
88080000	475.507546	1	1.444286451483	0.000140119965	0.666416426856	0.742067898188	26	16	
88090000	490.447289	1	1.479751002573	0.000195552932	0.401737097555	0.611618702552	29	12	
88100000	484.796290	1	1.353881865054	0.000193344246	0.631123367313	0.589938340213	37	17	
88110000	473.191953	1	1.422671856025	0.000197707924	0.508186949019	1.005403903106	39	15	
88120000	482.607656	1	1.436477333901	0.000214431429	0.507152096460	0.622271680525	31	11	
88130000	484.684695	1	1.350866081558	0.000143717069	0.737336577047	1.062994051002	39	18	
88140000	483.749759	1	1.383996357385	0.000142648139	0.809176085379	1.059697877509	31	16	
88150000	486.841024	1	1.439461977216	0.000172318332	0.635728088473	0.885704795903	38	16	
88160000	475.023190	1	1.453105662071	0.000173911375	0.636676710717	0.915225630578	35	13	
88170000	478.738321	1	1.464287642810	0.000222364376	0.415453186224	0.784538445374	33	15	
88180000	476.264229	1	1.360574819388	0.000176001015	0.934563259852	1.053949981060	38	19	
88190000	486.937061	1	1.436396208420	0.000158879951	0.528297853818	1.368519696584	39	10	
88200000	479.811188	1	1.372226245912	0.000188432452	0.566428877806	1.045995889126	34	14	
88210000	471.005841	1	1.366364063529	0.000232848323	0.421423368491	1.186172360239	30	8	
88220000	486.700992	1	1.493091972786	0.000136835224	0.639945730031	0.722751727356	27	17	
88230000	479.855669	1	1.519101817656	0.000216957542	0.298194218433	0.723579050821	31	16	
88240000	478.371458	1	1.462174750601	0.000160215665	0.836248032060	1.090508891519	41	17	
88250000	480.644730	1	1.460137134992	0.000161286031	0.583938181838	1.233231518072	30	16	
88260000	487.372278	1	1.422960248305	0.000159969835	0.558709867796	0.939981525377	32	18	
88270000	468.599566	1	1.369095326209	0.000249750518	0.526233036807	0.789580362695	27	14	
88280000	476.324840	1	1.421291354892	0.000164718689	0.841073006826	1.069637915465	21	15	
88290000	479.713407	1	1.386733501698	0.000210457733	0.481949462386	1.003008258429	26	13	
88300000	477.466204	1	1.437500363461	0.000174862752	0.512386246484	1.395714580946	27	16	
88310000	471.912576	1	1.431856491411	0.000177170570	0.542854298885	1.034904814199	33	14	
88320000	463.856508	1	1.428843307189	0.000105644479	0.597463170433	1.195962019407	27	17	
88330000	474.623763	1	1.421541275667	0.000189063607	0.424389737508	0.661018806605	35	19	
88340000	467.668634	1	1.372408268239	0.000186323811	0.735618053858	1.162256233936	41	10	
88350000	479.798654	1	1.347873657985	0.000192478201	0.530510603994	0.813121528720	26	16	
88360000	486.203886	1	1.463439328238	0.000162338012	0.714081263631	0.844657155459	39	12	
88370000	486.153799	1	1.398090675015	0.000178205807	0.534491296883	0.880802442109	43	21	
88380000	469.417806	1	1.421796137603	0.000229319890	0.292504146247	0.490153454163	39	19	
88390000	483.227656	1	1.357892920904	0.000224903872	0.404307295322	1.020641495204	37	13	
88400000	482.650261	1	1.447728116017	0.000153131312	0.490986683047	0.904680886404	34	13	
88410000	462.697173	1	1.437615128833	0.000208974195	0.466283042376	0.804870648732	36	15	
88420000	478.638804	1	1.429880854019	0.000204393695	0.587989126044	0.716386024431	23	15	
88430000	478.256516	1	1.473646068795	0.000184126629	0.568714151554	1.084689111128	28	9	
88440000	483.274451	1	1.436913943008	0.000249018179	0.428758733401	0.423037551400	29	14	
88450000	468.768797	1	1.317345925665	0.000174266777	1.036395665071	0.943994758388	41	18	
88460000	473.846339	1	1.431664769075	0.000224632204	0.613113759502	1.054226151165	39	16	
88470000	476.740979	1	1.424954722980	0.000259066570	0.456643365503	0.478314706632	22	13	
88480000	466.237021	1	1.406625145926	0.000266132058	0.583595084073	0.829213887279	39	7	
88490000	474.589370	1	1.472051450544	0.000200764996	0.695857851023	0.827287224881	25	16	
88500000	475.396980	1	1.407793493651	0.000264588329	0.586762411190	1.005426346530	39	10	
88510000	474.116812	1	1.406447757203	0.000189835477	0.579587373858	0.832729234324	27	20	
88520000	467.944253	1	1.364751444084	0.000160614174	0.561696405087	1.109560786199	34	12	
88530000	479.303848	1	1.408655673299	0.000187887432	0.722893925899	0.689997770042	33	16	
88540000	478.072547	1	1.485075480101	0.000236711073	0.386932485379	0.783677469561	32	11	
88550000	477.808579	1	1.457101652070	0.000228105535	0.622941112345	0.602157191003	25	16	
88560000	478.712312	1	1.406723810855	0.000268178909	0.315159112717	0.481555695467	30	13	
88570000	487.858179	1	1.406725548287	0.000169000950	0.518452166978	0.693421002961	42	18	
88580000	477.643532	1	1.443083138916	0.000201546794	0.435367635301	0.826607131169	22	15	
88590000	479.487898	1	1.356293772903	0.000200147401	0.642682273925	0.746553518327	24	17	
88600000	473.945764	1	1.316837133562	0.000185346346	0.838670862232	1.062236340330	30	9	
88610000	481.413433	1	1.448677905562	0.000183641228	0.889800379367	0.843350531681	28	18	
88620000	472.345150	1	1.481644282123	0.000212622104	0.523941030647	1.152853358991	35	11	
88630000	484.759269	1	1.472974776975	0.000179418364	0.664969936254	1.355553041244	32	18	
88640000	479.574318	1	1.400628609112	0.000201490710	0.741957411813	0.795132857822	41	13	
88650000	478.412180	1	1.523325823293	0.000216562619	0.778300944510	0.669971978925	39	7	
88660000	473.653580	1	1.395598579717	0.000210331354	0.500373652214	0.697380738160	36	16	
88670000	474.395645	1	1.389167275453	0.000177763400	0.648258505718	1.225775799984	35	10	
88680000	480.339408	1	1.430611548786	0.000186440845	0.811339793484	0.490374354641	34	24	
88690000	488.965709	1	1.402913488910	0.000169840263	0.482784547636	0.547673263755	38	23	
88700000	471.276514	1	1.409326141824	0.000190006706	0.744747139824	0.873981956750	32	10	
88710000	469.296504	1	1.408047260437	0.000251698594	0.500485364442	0.656520200207	25	13	
88720000	485.229530	1	1.411300792038	0.000182960744	0.723208067963	0.826098246356	32	11	
88730000	480.407678	1	1.400316269450	0.000153642699	1.158734835917	0.930747397039	24	12	
88740000	467.387677	1	1.403589398476	0.000204104616	0.501394141225	0.942135366407	23	13	
88750000	484.401299	1	1.442725816948	0.000165148293	0.499957529046	0.810759171789	29	22	
88760000	496.160976	1	1.389061535793	0.000192624333	0.609234795632	0.834294227102	34	16	
88770000	476.549719	1	1.387045752863	0.000211014876	0.717187369914	0.524638673012	30	11	
88780000	486.398639	1	1.412058639814	0.000290850295	0.295711459929	0.686971130619	37	9	
88790000	480.105584	1	1.396727153393	0.000203332135	0.745857594225	0.718327696141	33	13	
88800000	480.199843	1	1.475857520129	0.000165503195	0.564392232840	0.952790810072	37	16	
88810000	481.383946	1	1.459676318782	0.000187085486	0.773126607418	0.965772364656	38	15	
88820000	480.753688	1	1.449107359922	0.000166948789	0.682440997249	0.816256638716	31	14	
88830000	479.946979	1	1.380104345858	0.000268238775	0.480903734364	0.482852463980	39	9	
88840000	479.998977	1	1.488721013747	0.000184334180	0.584364701890	0.850945272106	43	14	
88850000	482.150933	1	1.448427855476	0.000141387753	0.781913438904	1.120493669303	32	11	
88860000	491.679794	1	1.416359394053	0.000187094737	0.531803169443	0.617288731298	50	11	
88870000	465.788694	1	1.394253682296	0.000246010902	0.480528154293	0.863485632319	19	12	
88880000	482.042252	1	1.417730089629	0.000213682091	0.517474932499	0.807510961488	30	13	
88890000	478.481103	1	1.453990618041	0.000195264258	0.480919487336	0.646175882280	39	16	
88900000	493.590598	1	1.452702800850	0.000178613592	0.584470745235	0.660362574094	37	17	
88910000	472.875022	1	1.512378580747	0.000201957380	0.416734294277	0.687767841662	32	17	
88920000	484.463536	1	1.393245670398	0.000150848360	0.544730531695	0.732730986186	36	21	
88930000	465.494209	1	1.429527199668	0.000125548285	0.763683341007	1.464175865785	34	15	
88940000	495.199700	1	1.402813040087	0.000149713896	0.814673160124	1.128963589768	36	16	
88950000	474.208497	1	1.483017480023	0.000211725777	0.383414030189	0.948767973719	28	14	
88960000	484.751231	1	1.352188335569	0.000166297173	0.690683648058	0.747526338038	29	20	
88970000	468.834562	1	1.469991400234	0.000245541892	0.296006412936	0.857359898037	48	11	
88980000	480.384905	1	1.397925553361	0.000236918875	0.528067968108	0.581860291434	27	15	
88990000	479.082880	1	1.397387767250	0.000198341535	0.696109632776	0.586137896766	30	19	
89000000	485.080558	1	1.435803110604	0.000214588899	0.737901031681	1.002150075454	36	14	
89010000	473.174788	1	1.413262983194	0.000219009756	0.543311893675	0.841324582027	38	13	
89020000	490.768033	1	1.396020167139	0.000202501302	0.651694884811	0.821814583383	37	19	
89030000	468.914933	1	1.426209879447	0.000190751042	0.714273320869	0.971713185799	36	16	
89040000	471.074997	1	1.422923146459	0.000148581686	0.675748251112	1.057873519385	37	15	
89050000	480.567486	1	1.501167918403	0.000173093247	0.481394508422	1.187306819291	28	19	
89060000	487.783110	1	1.410602422261	0.000214209383	0.664211642547	0.734422620903	33	13	
89070000	483.227120	1	1.448137806773	0.000194875508	0.584179069850	0.951325023751	34	19	
89080000	487.496265	1	1.425748945018	0.000181140734	0.523251008091	0.899202941904	36	13	
89090000	490.856726	1	1.396180211898	0.000156918086	0.571340711151	0.991930249162	43	13	
89100000	472.786057	1	1.553988677248	0.000206372864	0.858973807364	0.849005310217	35	10	
89110000	475.737977	1	1.435488467067	0.000190443449	0.456995765791	0.749099778693	33	14	
89120000	474.774330	1	1.456037013951	0.000171568143	0.656491179462	1.094562815744	29	13	
89130000	468.380240	1	1.438508931877	0.000204521361	0.700749403656	0.814777161188	36	17	
89140000	459.026599	1	1.348589449431	0.000177381616	0.603978162650	0.999346443504	35	15	
89150000	481.682741	1	1.427949084275	0.000148899855	0.561865135852	0.869358846601	31	14	
89160000	474.380466	1	1.417741789486	0.000216110234	0.324828386853	0.544844632880	34	15	
89170000	472.827301	1	1.468220760152	0.000136008933	0.544394627081	1.007182673647	30	10	
89180000	486.240038	1	1.409135300636	0.000151480367	0.417352178848	0.785961611539	30	20	
89190000	467.993381	1	1.390111620559	0.000204989717	0.304584391362	0.943161080466	30	9	
89200000	492.013078	1	1.477964812561	0.000133105947	0.474334419335	1.210626385110	40	9	
89210000	492.106060	1	1.369561804375	0.000200526440	0.329565526727	0.530459657403	39	11	
89220000	470.701536	1	1.418477340627	0.000239156474	0.315317718710	0.589076914189	30	12	
89230000	481.603236	1	1.429540974873	0.000138168114	0.462964707429	0.679218916197	34	17	
89240000	478.711762	1	1.491938945614	0.000173384921	0.437025220926	0.662408550336	30	19	
89250000	474.413874	1	1.342704217001	0.000154096907	0.498923775076	0.765312031675	29	14	
89260000	494.025738	1	1.434297423875	0.000115924074	0.648245443542	0.914525508921	38	19	
89270000	490.107589	1	1.378897240390	0.000209746792	0.517605306132	0.705661772416	32	11	
89280000	467.000467	1	1.530921107723	0.000168013811	0.706053844618	1.127490006043	31	14	
89290000	482.440204	1	1.432962850734	0.000213908486	0.473203031597	0.826140121766	34	21	
89300000	470.559795	1	1.420292824445	0.000167466406	0.536173068187	1.048323981301	21	13	
89310000	487.527311	1	1.436777138835	0.000215627574	0.439037172294	0.670265462603	29	13	
89320000	489.929799	1	1.400521491784	0.000154300534	0.888229654002	0.817679851512	36	12	
89330000	480.950721	1	1.432890403492	0.000163993972	0.763314322201	0.751212456193	33	21	
89340000	480.534280	1	1.376389814248	0.000183410789	0.714508293264	0.658331486793	32	16	
89350000	488.208341	1	1.472060053014	0.000207235341	0.561300759690	0.740818973717	30	17	
89360000	476.730132	1	1.371158948858	0.000236386855	0.551846537286	0.499337652979	37	15	
89370000	484.168211	1	1.395881723396	0.000179026755	0.620400831016	0.601856389134	32	17	
89380000	481.569188	1	1.408200206189	0.000243679936	0.487104963670	0.609899680594	27	12	
89390000	478.822538	1	1.424926686744	0.000195710463	0.680276322423	0.520171797873	28	18	
89400000	484.367475	1	1.458316769130	0.000196983981	0.455771328303	1.228807576383	29	17	
89410000	474.120161	1	1.411829680979	0.000175708711	0.761724580612	0.983818810213	23	13	
89420000	464.421638	1	1.492200350935	0.000222306526	0.636485452426	0.638083893849	28	17	
89430000	482.313029	1	1.480758414639	0.000225999005	0.576158251998	0.711331211547	31	18	
89440000	477.035372	1	1.376026010526	0.000256555056	0.428492169152	0.721466628696	37	9	
89450000	484.010403	1	1.472767133092	0.000168040224	0.477587173854	0.814871258208	43	14	
89460000	469.970774	1	1.452567072796	0.000177926369	0.690049198647	1.155868245651	39	16	
89470000	476.035802	1	1.414727190816	0.000165868085	0.835548790001	0.986933547307	28	14	
89480000	461.325505	1	1.419681048237	0.000185579754	0.701611446119	0.772292086883	38	16	
89490000	472.419960	1	1.414477516633	0.000176033540	0.625820410131	0.849358833343	34	18	
89500000	477.601601	1	1.475574966446	0.000229913177	0.560462778374	0.836113057880	25	17	
89510000	473.071763	1	1.329200287998	0.000277280012	0.406765743429	0.474940576498	29	15	
89520000	490.861797	1	1.412245217771	0.000158721807	0.519861820282	0.748944966220	35	13	
89530000	477.362349	1	1.388305829212	0.000168988915	0.727434984866	1.102035014182	29	10	
89540000	491.823531	1	1.433897165260	0.000165406058	0.658998955690	1.106909100478	39	14	
89550000	474.410925	1	1.424450753003	0.000188290962	0.509958710266	0.931334480523	25	12	
89560000	469.334149	1	1.445814047629	0.000209528184	0.566654599156	0.655398685047	33	12	
89570000	470.830600	1	1.370953254407	0.000223561497	0.709568093024	0.611972825620	26	9	
89580000	486.452217	1	1.388789684880	0.000262937127	0.430372171255	0.351546375764	26	13	
89590000	486.139921	1	1.422566251649	0.000200160648	0.525676213569	0.672450789141	33	18	
89600000	480.331992	1	1.405451066050	0.000162961687	0.673960488026	1.081064472255	25	15	
89610000	484.977591	1	1.370449889751	0.000161185361	0.800328792394	1.276417706419	36	15	
89620000	480.581167	1	1.332929456276	0.000213531808	0.581022499818	1.016400379762	31	13	
89630000	479.443894	1	1.452400608093	0.000231769302	0.478211382384	0.679030480791	28	8	
89640000	468.215452	1	1.380383238241	0.000215552670	0.702125077989	0.707512258719	35	7	
89650000	484.551386	1	1.421117233565	0.000232316309	0.661134763888	0.575984952733	38	14	
89660000	468.280545	1	1.456492036589	0.000222124337	0.455248468995	0.794564422494	37	15	
89670000	469.012689	1	1.389999690425	0.000151564452	0.525051143827	0.796491888746	38	12	
89680000	464.674894	1	1.414716987728	0.000189555135	0.446875354349	0.556727236843	32	16	
89690000	489.780608	1	1.417331635002	0.000169433247	0.423464567447	0.602136396043	31	13	
89700000	482.733878	1	1.392293073289	0.000206527812	0.308514226216	0.630813066953	40	13	
89710000	490.063641	1	1.510458218337	0.000152637296	0.485790435637	0.975562819106	38	17	
89720000	475.269418	1	1.510566567048	0.000164543129	0.480353834425	0.908667739908	33	16	
89730000	471.603621	1	1.382802017963	0.000145816048	0.557997652437	0.646699152289	35	20	
89740000	474.237007	1	1.377801872717	0.000190725552	0.409989458166	0.717889851125	27	13	
89750000	486.084096	1	1.437264359788	0.000181997570	0.329711153758	0.709346175866	33	13	
89760000	483.893771	1	1.408930204928	0.000104558830	0.657223136896	1.225140621652	30	11	
89770000	473.288115	1	1.477770585049	0.000131118772	0.856947362562	0.932144571728	30	15	
89780000	488.654330	1	1.413567216497	0.000138760693	0.636029772653	0.805886055644	37	13	
89790000	479.437402	1	1.430104218356	0.000142475253	0.672059744600	0.815359612144	45	24	
89800000	482.162270	1	1.465599531335	0.000206719686	0.709778851800	0.758415152747	41	16	
89810000	479.515414	1	1.412146986368	0.000185563644	0.492725358289	0.765767782466	42	11	
89820000	490.993003	1	1.431793484439	0.000177930309	0.649095005540	0.914916551626	26	14	
89830000	470.788033	1	1.381066150051	0.000248318414	0.439243419511	0.638757504392	38	9	
89840000	477.587767	1	1.374316230574	0.000246823584	0.646081995177	0.696262163568	31	16	
89850000	460.435697	1	1.411423150655	0.000184630736	0.588427071286	0.767199100953	33	23	
89860000	476.348570	1	1.393062753667	0.000190637950	0.722787138729	0.986753143817	32	9	
89870000	466.815468	1	1.446585172534	0.000194927045	0.684370150705	0.585246492043	32	14	
89880000	486.360244	1	1.454819445806	0.000192001286	0.535359116431	0.745525798246	39	15	
89890000	479.905601	1	1.458793649075	0.000230328282	0.528468104464	0.815086084801	23	19	
89900000	472.936930	1	1.451909904901	0.000168012823	0.933755921610	1.171213722535	27	9	
89910000	473.394179	1	1.423004258722	0.000235029505	0.528144387861	0.814997012826	28	11	
89920000	471.564818	1	1.404192256205	0.000205671902	0.569271774956	0.935397846578	20	12	
89930000	486.999127	1	1.425470137170	0.000140900445	0.694819688421	1.008579966858	28	17	
89940000	472.246766	1	1.426238824512	0.000175472608	0.626023583567	1.072644277974	30	16	
89950000	467.395081	1	1.394184958746	0.000180848857	0.498782007241	0.990227000558	31	15	
89960000	480.843235	1	1.469146527915	0.000163764080	0.666268434570	0.804302770066	26	13	
89970000	480.330156	1	1.421884534573	0.000210566530	0.496113818439	0.991423547669	30	11	
89980000	489.298328	1	1.430766956448	0.000146650737	0.836287640701	1.035499916826	33	21	
89990000	487.166175	1	1.380925969374	0.000217649489	0.479840213820	0.687342951363	27	12	
90000000	483.052362	1	1.432548420463	0.000202774013	0.758310465995	0.890776394848	29	7	
90010000	486.068746	1	1.358157260852	0.000230381604	0.510028821497	0.579794991587	31	5	
90020000	475.908730	1	1.410410717475	0.000228838222	0.417320156143	0.464872823617	35	8	
90030000	499.147933	1	1.454099648291	0.000147157628	0.806058975058	1.109734888745	33	11	
90040000	479.622044	1	1.383636273793	0.000240951553	0.414053846160	0.465353591571	43	12	
90050000	490.539313	1	1.460216202785	0.000175435908	0.664130692410	0.708039181912	39	13	
90060000	486.527086	1	1.392886553357	0.000233351832	0.528709052395	0.885396757592	38	11	
90070000	478.908541	1	1.409393451290	0.000166117886	0.381213764892	1.144427974631	32	26	
90080000	482.480023	1	1.512752236564	0.000178230928	0.647119138216	1.189485404368	35	16	
90090000	473.850327	1	1.427850503000	0.000164902199	0.557411934230	1.065401578642	25	17	
90100000	478.172721	1	1.419754698380	0.000142276945	0.865345598968	0.889472853714	35	20	
90110000	479.860617	1	1.448816813119	0.000196668989	0.706481999726	0.740910586241	35	18	
90120000	482.500153	1	1.383698166039	0.000207750116	0.453993205109	0.831344794739	30	12	
90130000	483.476250	1	1.446076644509	0.000193299444	0.438772510026	0.819786765279	32	13	
90140000	474.467135	1	1.363688899813	0.000144270848	0.783368329956	1.484478040637	34	11	
90150000	472.528660	1	1.398736090988	0.000176600586	0.555316477679	1.190867477818	30	12	
90160000	471.238603	1	1.350198250952	0.000213936625	0.556219987322	0.545614116563	27	13	
90170000	471.121130	1	1.475616089597	0.000168884503	0.514613646754	1.897393928070	35	10	
90180000	479.307562	1	1.404026842216	0.000286180850	0.281319855805	0.597641756167	26	17	
90190000	475.721153	1	1.417123714800	0.000182100846	0.710494997347	1.129648746330	29	13	
90200000	481.132586	1	1.438724319807	0.000157049587	0.940880344714	1.107681082792	24	13	
90210000	470.410378	1	1.411518396822	0.000208053482	0.571590388717	0.827476609404	32	11	
90220000	479.383480	1	1.394098038036	0.000205333406	0.514089205471	0.625229507616	32	11	
90230000	476.008810	1	1.460797387501	0.000171620440	0.525639951561	0.921074296445	36	13	
90240000	477.765035	1	1.398829696827	0.000165210049	0.953088428985	0.852482912307	41	15	
90250000	472.591499	1	1.329544937748	0.000203786302	0.593083158389	0.746734872410	27	11	
90260000	475.109666	1	1.396855060763	0.000213281557	0.468593295563	0.950440189777	28	11	
90270000	476.919375	1	1.436233567227	0.000237732530	0.480279907882	0.716126348687	39	11	
90280000	478.549877	1	1.434550639294	0.000205138336	0.621548873816	1.031158921589	32	9	
90290000	487.942111	1	1.462575333970	0.000259155658	0.533118938979	0.790797670899	32	12	
90300000	482.129958	1	1.322627597684	0.000236577539	0.705145331060	0.939568534329	26	15	
90310000	472.591899	1	1.434222044584	0.000156293415	0.708864064021	1.177085460744	28	15	
90320000	484.614886	1	1.399328150147	0.000203123855	0.552443239247	0.585546315114	29	12	
90330000	474.842781	1	1.391806393939	0.000177347069	0.837475727807	0.874704771521	33	16	
90340000	476.557642	1	1.416039026708	0.000276739124	0.512156197002	0.651852551266	34	13	
90350000	481.091434	1	1.427725331590	0.000141475775	0.705068855874	1.095953914465	36	18	
90360000	466.488159	1	1.449052583993	0.000188420715	0.691669574089	1.452173900095	30	11	
90370000	466.418758	1	1.428307604655	0.000141925837	0.873683677867	0.966362474844	31	14	
90380000	473.643029	1	1.484705552950	0.000169373877	0.665404444785	1.138976760971	40	19	
90390000	475.861190	1	1.450789248839	0.000183922226	0.596737563062	1.296805640259	35	15	
90400000	489.855534	1	1.427914354610	0.000173234424	0.613274286566	0.718564181346	40	16	
90410000	474.596284	1	1.414362188457	0.000237429539	0.440141024101	0.879103741579	36	11	
90420000	482.265624	1	1.475440999993	0.000194671868	0.420837587685	0.708695780595	41	9	
90430000	478.386813	1	1.372081307957	0.000166270322	0.616077690396	0.673741709109	40	9	
90440000	484.670650	1	1.367584962028	0.000216336646	0.450943367512	0.876639832180	34	14	
90450000	471.487388	1	1.431738222404	0.000229300089	0.413688040637	0.824146209906	37	10	
90460000	479.617023	1	1.437700240334	0.000198501797	0.571972522481	0.646339673880	43	11	
90470000	465.352936	1	1.359801720206	0.000195264511	0.495245861914	0.834181059480	37	9	
90480000	477.846005	1	1.478101165887	0.000184932658	0.515734551182	0.582644896517	36	15	
90490000	474.328115	1	1.404391391623	0.000199878806	0.585454173932	0.645009946764	28	11	
90500000	485.330213	1	1.427659860366	0.000113732904	1.002362590393	0.929498588067	32	24	
90510000	470.960553	1	1.397749685935	0.000185481202	0.678572777187	0.614959371536	45	15	
90520000	479.470804	1	1.393557056238	0.000204698664	0.622035382666	0.629646539777	23	15	
90530000	484.170687	1	1.374788302821	0.000185317635	0.642763276413	0.706949323568	29	15	
90540000	481.048667	1	1.434073082834	0.000178422543	0.445262052317	0.733274457124	38	15	
90550000	474.408608	1	1.502444502107	0.000191245346	0.415151876884	0.846399388536	37	9	
90560000	474.559442	1	1.392615023447	0.000178495408	0.397062040668	0.871218927573	29	15	
90570000	475.601744	1	1.425585611021	0.000231982971	0.338767671064	0.953687513093	30	10	
90580000	485.734298	1	1.432690187323	0.000139499173	0.655766517199	0.780481471219	31	18	
90590000	477.444703	1	1.455505465351	0.000199851357	0.412731659152	0.495757524582	26	15	
90600000	479.937000	1	1.446202795185	0.000197327615	0.321636025016	0.746625944192	39	9	
90610000	477.631431	1	1.415158887597	0.000222636409	0.201591164813	0.683161340040	35	20	
90620000	479.554369	1	1.414449212239	0.000215420081	0.379654210216	0.615865668105	38	9	
90630000	483.929434	1	1.415763338844	0.000123886542	0.405545600084	0.645166449598	32	19	
90640000	481.236235	1	1.381546806205	0.000112543869	0.818009907235	1.282816830732	34	14	
90650000	475.732048	1	1.403526652767	0.000148881224	0.559457050803	0.992286041576	31	15	
90660000	481.685014	1	1.398297172028	0.000155056560	0.663628732513	0.961331344969	33	15	
90670000	480.746279	1	1.464102515582	0.000138730784	0.539583664368	0.931752008835	33	19	
90680000	479.260310	1	1.397287263523	0.000191759012	0.347755297252	1.100826638866	24	13	
90690000	482.513611	1	1.359254292779	0.000165413818	0.429409933874	1.028973093385	30	15	
90700000	495.916736	1	1.403311781871	0.000220081391	0.401324480917	0.447195961251	32	18	
90710000	473.177323	1	1.437534046275	0.000212591510	0.418983313078	0.653615121730	35	12	
90720000	474.779561	1	1.476931495764	0.000169990701	0.484995517323	1.097746127752	40	15	
90730000	469.955256	1	1.382014772123	0.000215807165	0.609527785903	0.916445432229	33	15	
90740000	469.929424	1	1.390574114536	0.000220014373	0.500528952580	0.763345999226	39	12	
90750000	490.303758	1	1.408261679242	0.000235314710	0.395531055306	0.483346459086	30	17	
90760000	479.994193	1	1.477841562074	0.000214648319	0.635738978470	0.792120660277	30	12	
90770000	478.388224	1	1.450917695597	0.000164445451	0.529822402846	0.998264850834	36	16	
90780000	475.821283	1	1.430894372671	0.000174994116	0.568210465172	0.609750452287	34	20	
90790000	473.680826	1	1.473752799861	0.000165582030	1.020470603855	0.965924029219	30	12	
90800000	479.315758	1	1.449742337692	0.000212794255	0.556180983385	0.600341526147	32	16	
90810000	490.290971	1	1.391747743356	0.000181775260	0.590076154787	0.635622317904	38	13	
90820000	478.030989	1	1.401801752124	0.000194817460	0.433519028516	0.749530702336	37	14	
90830000	478.103244	1	1.404692944934	0.000172833131	0.630658288306	1.473454028161	35	11	
90840000	483.806347	1	1.365026825678	0.000178305526	0.471591014577	0.807105128741	26	14	
90850000	484.270520	1	1.428025871504	0.000207025700	0.452777965152	0.967690840862	31	16	
90860000	476.046545	1	1.417128283020	0.000189823758	0.629844552867	0.796730980435	34	12	
90870000	472.037900	1	1.469688828770	0.000252785141	0.569574743187	0.685606146676	27	10	
90880000	473.071365	1	1.400340033624	0.000165870347	0.815357157441	1.302843204681	30	15	
90890000	478.539374	1	1.435195296111	0.000151572917	0.746996461663	0.976315207280	45	10	
90900000	492.188572	1	1.438042956370	0.000156303645	0.583907605333	0.788701631819	39	16	
90910000	489.853052	1	1.369666282263	0.000168499138	0.679583565056	0.926383348002	41	15	
90920000	495.666144	1	1.431540477206	0.000183551634	0.510969426682	0.659655910583	34	9	
90930000	476.354549	1	1.388022671112	0.000184939775	0.620087282030	1.091569579445	30	9	
90940000	472.618585	1	1.428428217763	0.000203309939	0.456564793544	0.665922472777	26	10	
90950000	468.273969	1	1.464119844256	0.000183929051	0.873102549013	1.002338143372	27	16	
90960000	481.859752	1	1.382435317384	0.000178771893	0.814274611595	0.846497977937	40	18	
90970000	475.271058	1	1.437531302549	0.000167105356	0.845582056815	1.149196137134	39	8	
90980000	485.880781	1	1.447406847403	0.000249452683	0.370590560096	0.663025127857	30	12	
90990000	490.249881	1	1.430619940897	0.000125719066	0.644640221856	1.010773778408	33	20	
91000000	479.469137	1	1.378197731434	0.000185250903	0.652468690464	0.967782714303	26	12	
91010000	471.170759	1	1.450911102232	0.000155037596	0.855748366728	0.976849155932	32	12	
91020000	470.597412	1	1.366703467744	0.000200711519	0.773831883559	1.076209084251	30	11	
91030000	479.880570	1	1.478914103156	0.000190051675	0.577810706631	0.790756779209	37	18	
91040000	481.292267	1	1.401359206725	0.000190765102	0.495254437147	0.619205100504	35	16	
91050000	468.459077	1	1.404937638736	0.000193374823	0.909086114547	0.902112406302	30	19	
91060000	489.108453	1	1.456113440073	0.000136308921	0.633614470222	1.031352649894	42	20	
91070000	487.846850	1	1.353768352506	0.000192109638	0.545536942462	0.881356010492	26	12	
91080000	491.054889	1	1.439203691057	0.000151808065	0.856369869107	1.171182084614	30	15	
91090000	492.025556	1	1.425203928563	0.000152694331	0.675184726429	1.031722896397	31	20	
91100000	493.761725	1	1.408591097794	0.000175182268	0.605460809207	0.614290907649	43	16	
91110000	489.914523	1	1.448534981450	0.000177735413	0.600613088225	0.851391729954	43	10	
91120000	487.800890	1	1.413248906045	0.000171457978	0.813373214663	0.701511792430	43	11	
91130000	486.308233	1	1.431352909991	0.000185723452	0.641247434091	0.697327059934	35	16	
91140000	470.994882	1	1.365315372102	0.000194861908	0.561391663407	0.809074486342	33	24	
91150000	475.693264	1	1.427512389067	0.000164863285	0.670374630785	0.783709660928	38	16	
91160000	474.292618	1	1.391114555633	0.000253889301	0.335379686263	0.467376764293	34	16	
91170000	489.779686	1	1.466352208251	0.000193491653	0.477342703793	0.628869133774	25	15	
91180000	474.093017	1	1.406013624634	0.000207250587	0.538711342562	0.949929764860	35	12	
91190000	473.775128	1	1.435344226720	0.000233330041	0.439616871929	0.925009952244	31	12	
91200000	467.057847	1	1.479109819409	0.000256197614	0.388540220252	0.693982004772	26	11	
91210000	478.599685	1	1.449281804345	0.000183987898	0.623423795155	0.923607583861	29	16	
91220000	476.642447	1	1.401013716737	0.000195573270	0.447750769140	1.097367966790	36	12	
91230000	472.860888	1	1.473459030230	0.000169997532	0.795214222505	1.199638234773	36	18	
91240000	473.968006	1	1.385434411232	0.000210714090	0.469073027964	0.872725390450	31	14	
91250000	464.085717	1	1.437146745889	0.000165984932	1.207609551518	0.795414846915	31	12	
91260000	485.402694	1	1.442867214196	0.000199730869	0.539118438008	0.698082347142	29	17	
91270000	485.568619	1	1.413988089517	0.000161358529	0.579448995277	1.150729168217	33	12	
91280000	483.674307	1	1.403446353865	0.000158143646	0.848149540647	1.242766386778	32	18	
91290000	486.305115	1	1.402277208514	0.000171875343	0.626827486935	0.915657821361	28	18	
91300000	473.297974	1	1.398956765088	0.000172902482	0.507168362938	1.088186917311	32	10	
91310000	489.318771	1	1.419496731550	0.000179106908	0.481389366668	0.998621989327	32	11	
91320000	472.874383	1	1.381345543863	0.000140205307	0.632198708605	1.270680545658	30	10	
91330000	478.120739	1	1.426818750018	0.000183663625	0.475010195835	0.751673001716	46	9	
91340000	482.939284	1	1.420901255310	0.000181756687	0.364684046696	0.637770609436	27	14	
91350000	489.550235	1	1.437676200224	0.000121589653	0.677684554175	1.061421437901	41	9	
91360000	496.531346	1	1.408862335777	0.000179084263	0.312022918106	0.751714701128	43	16	
91370000	484.777933	1	1.409130030248	0.000185527321	0.383763693385	0.545616660571	30	14	
91380000	462.163962	1	1.420273303371	0.000152221606	0.801853635504	1.253888148414	39	15	
91390000	461.557300	1	1.458289816357	0.000214101001	0.706112067067	0.944076384671	26	7	
91400000	475.054683	1	1.441013625313	0.000170437816	0.625496222257	0.916902818465	22	14	
91410000	489.167673	1	1.426873971154	0.000179169554	0.476182214903	0.901041947000	32	10	
91420000	485.324751	1	1.404419644533	0.000181743449	0.660817955499	0.747765913801	38	12	
91430000	482.072253	1	1.473875246834	0.000158480589	0.749450334766	0.991723311393	22	15	
91440000	481.685914	1	1.516598831927	0.000161392675	0.384170934529	0.898205632462	31	15	
91450000	487.388087	1	1.410826748955	0.000194352783	0.462682503260	0.545934360425	37	13	
91460000	483.977407	1	1.367899890947	0.000186215001	0.649878326647	0.684693961038	35	7	
91470000	486.040453	1	1.378911812868	0.000187401876	0.660876032993	0.836905701949	30	16	
91480000	484.246924	1	1.416387459454	0.000165041888	0.558297007145	1.021833047902	40	17	
91490000	478.802324	1	1.437677365674	0.000182285737	0.430225880537	0.868782302126	38	12	
91500000	497.314873	1	1.405864727827	0.000149623741	0.476155994128	0.773531642182	28	13	
91510000	474.185959	1	1.437886079861	0.000252984303	0.452247908543	0.946516091511	30	6	
91520000	469.759252	1	1.391210335141	0.000210177821	0.491520572269	0.804895368953	35	16	
91530000	463.132912	1	1.417549077794	0.000197935398	0.491328956854	1.303126836699	26	9	
91540000	464.897764	1	1.368746773021	0.000238099695	0.482088549886	0.529051436921	21	15	
91550000	487.053785	1	1.396305132769	0.000159038084	0.663195320565	0.653617473107	43	10	
91560000	490.655931	1	1.475577709697	0.000141262587	0.704028729077	0.836652733875	39	17	
91570000	488.240407	1	1.389220111388	0.000166106831	0.645551145852	0.859564547028	31	19	
91580000	491.695504	1	1.476777219025	0.000137808468	0.495510114684	0.838392567481	28	15	
91590000	494.435806	1	1.395007995020	0.000132828950	0.809968854092	1.170961171066	30	17	
91600000	466.733863	1	1.436287251673	0.000179153330	0.518948229071	0.632564795207	29	14	
91610000	469.221323	1	1.476879803501	0.000173426070	0.693190258285	0.823350136668	39	10	
91620000	469.284016	1	1.452870674242	0.000180617131	1.025882092387	0.771902511618	31	12	
91630000	484.570967	1	1.350945845697	0.000174160500	0.513277175289	0.627337346700	27	20	
91640000	468.010209	1	1.436895346279	0.000203631918	0.527369064926	0.794337695042	31	19	
91650000	471.970813	1	1.387070049144	0.000202561347	0.617238263839	0.595382117774	29	18	
91660000	487.282241	1	1.452440749329	0.000153739875	0.514056209558	1.122653389990	35	13	
91670000	479.936277	1	1.367320107246	0.000202497506	0.691458626627	1.092219424236	34	10	
91680000	493.960409	1	1.433063424299	0.000122893281	0.824806069190	1.089474308847	40	23	
91690000	493.026762	1	1.458641269829	0.000235549951	0.442313546776	0.707744747641	35	18	
91700000	475.339645	1	1.460181018842	0.000350539684	0.346749012587	0.589435877414	33	12	
91710000	480.401916	1	1.383276615118	0.000256172776	0.368739355727	0.665639220955	43	17	
91720000	486.574411	1	1.378659186338	0.000257381892	0.334086254789	0.645780333363	33	12	
91730000	483.689174	1	1.412914384140	0.000160439933	0.354802116343	1.015395783243	36	20	
91740000	476.488012	1	1.365683105262	0.000189112802	0.555545098941	0.879700535885	28	13	
91750000	482.335239	1	1.436735169824	0.000218450198	0.360716689629	0.483881118506	27	15	
91760000	464.606141	1	1.377844520514	0.000217556576	0.459115979384	0.819232171289	30	15	
91770000	470.591424	1	1.456295546116	0.000276778910	0.411019539766	0.481588722372	28	18	
91780000	478.117296	1	1.359242881843	0.000166223478	0.791292804944	1.361977219350	26	15	
91790000	472.086884	1	1.422218670793	0.000243653686	0.349421291711	0.401031202603	24	23	
91800000	466.743254	1	1.374944873210	0.000265769993	0.484157649596	0.821075922288	30	14	
91810000	471.270401	1	1.424392581166	0.000207671963	0.564808263858	0.941620971524	28	9	
91820000	462.144149	1	1.403632645899	0.000239854882	0.556815014787	0.633171751593	26	15	
91830000	475.254942	1	1.334015348718	0.000129031914	0.762073248798	1.110108126590	42	12	
91840000	475.424595	1	1.426613965632	0.000204495374	0.684468959794	0.850842858277	28	16	
91850000	478.582350	1	1.359009735744	0.000160021951	0.736055528377	1.019983649409	37	7	
91860000	472.108481	1	1.315817735620	0.000212869388	0.566455196334	1.053185911658	25	19	
91870000	485.743310	1	1.371135894396	0.000155307771	0.698173515888	0.931518427564	39	17	
91880000	473.863911	1	1.432439585833	0.000181381440	0.690742953691	0.972597180411	30	14	
91890000	471.753792	1	1.541511083466	0.000146519921	0.742075659055	1.652818917328	39	18	
91900000	465.257643	1	1.357672298210	0.000195382274	0.605231204279	0.749043641635	22	17	
91910000	473.760195	1	1.372916314611	0.000200890556	0.617944136301	0.791664273535	28	10	
91920000	479.057017	1	1.388669808855	0.000174745292	0.477181685632	1.084731319624	35	12	
91930000	489.019782	1	1.436788619084	0.000154728117	0.721925815443	0.994267843819	27	15	
91940000	480.185646	1	1.336342019588	0.000197537932	0.643841383949	0.622585339935	40	16	
91950000	487.341812	1	1.385526780295	0.000198228676	0.402058821245	0.669217591348	42	13	
91960000	475.394113	1	1.361414083576	0.000175954565	0.383834857794	0.607743450926	24	17	
91970000	480.680089	1	1.385005955959	0.000255823058	0.342443962222	0.645978192139	35	16	
91980000	481.949723	1	1.357287165980	0.000185167799	0.424353232169	0.686340884438	27	14	
91990000	478.605168	1	1.377144017139	0.000173119186	0.869728193823	0.709460865059	39	16	
92000000	479.539165	1	1.396940484022	0.000165836689	0.814066078908	0.741119961266	21	16	
92010000	473.746030	1	1.515176340181	0.000202391208	0.516371214704	0.849990540278	31	11	
92020000	479.030759	1	1.387848260767	0.000198530067	0.689201638732	1.118042599313	33	24	
92030000	474.992771	1	1.375272009582	0.000134293567	0.513181884660	1.348799253109	35	27	
92040000	470.593556	1	1.434833597585	0.000213729320	0.852931137302	1.375801663091	37	15	
92050000	488.731706	1	1.353138353340	0.000200631259	0.672931746444	0.832104070506	28	12	
92060000	485.381028	1	1.511737470423	0.000166086677	0.761902014874	0.995087391808	37	16	
92070000	478.767250	1	1.424168152946	0.000209042598	0.611203052625	0.783621406735	44	13	
92080000	482.063926	1	1.464589152632	0.000167084434	0.744545709628	0.723678376229	40	22	
92090000	471.245701	1	1.398876330007	0.000173325766	0.799376898258	1.112806101113	39	12	
92100000	473.420897	1	1.393525121099	0.000167561227	0.437040652938	0.949080309655	41	15	
92110000	479.039069	1	1.394243750678	0.000239019536	0.311847193569	0.688566658510	40	12	
92120000	474.273179	1	1.429418458796	0.000179538894	0.584384814695	1.404568173561	35	14	
92130000	489.329962	1	1.420792859607	0.000197296622	0.433410567493	0.774109226685	31	16	
92140000	480.387683	1	1.449536803509	0.000193396295	0.442753221896	0.941167328524	49	12	
92150000	495.353465	1	1.461600494119	0.000191222295	0.613791825624	1.256656526718	28	21	
92160000	485.373735	1	1.421899126772	0.000166543109	0.752554165218	1.339240272468	31	12	
92170000	482.196799	1	1.389842029249	0.000183310892	0.536503118383	0.853360843234	34	18	
92180000	476.070708	1	1.460161678060	0.000147317939	0.625433329070	1.080269883312	26	20	
92190000	484.188876	1	1.404993079407	0.000138848973	0.655654185998	1.017129520144	31	17	
92200000	477.162369	1	1.424124380082	0.000156760118	0.532212104595	0.736746379244	33	13	
92210000	472.149557	1	1.390547761351	0.000269896458	0.906760686415	0.570433698677	27	13	
92220000	468.577381	1	1.499660081747	0.000160955992	0.610569832971	0.933273144909	37	9	
92230000	469.610505	1	1.503386160122	0.000168198303	0.802128424502	1.166862827494	38	9	
92240000	475.294958	1	1.359921317999	0.000246351926	0.530207721553	0.777893763944	31	8	
92250000	471.745563	1	1.405577705738	0.000211603991	0.505206392208	0.893346506921	32	20	
92260000	468.332919	1	1.450091803693	0.000195432446	0.677616371123	1.184352310167	24	13	
92270000	487.106199	1	1.449564027232	0.000146595415	0.754635398959	0.907553816484	25	23	
92280000	462.882148	1	1.328087736610	0.000224519677	0.529313487834	0.980048762348	32	11	
92290000	481.752246	1	1.450411770636	0.000135610405	0.860683143266	1.020617612038	33	20	
92300000	482.741437	1	1.376919449368	0.000230817130	0.501870803956	0.674756345610	35	15	
92310000	473.950462	1	1.399262588645	0.000146799554	0.766624057978	1.142235253742	25	13	
92320000	475.080876	1	1.428577420558	0.000213156224	0.442198344980	0.857809485061	25	15	
92330000	472.393893	1	1.457199882074	0.000145024684	0.753773302953	1.267064542047	32	16	
92340000	481.892857	1	1.457009118415	0.000173618223	0.762280451754	0.933179172317	36	15	
92350000	482.314473	1	1.398505922565	0.000155817379	0.600578835203	0.676601067157	37	19	
92360000	482.516052	1	1.364736701131	0.000165456828	0.597836016693	0.716418611080	35	13	
92370000	480.852164	1	1.454134833185	0.000203566771	0.569200740979	0.920941905743	32	16	
92380000	482.317150	1	1.398725983510	0.000130504520	0.867447537413	1.276915849724	35	20	
92390000	493.068412	1	1.439508940281	0.000166196768	0.472756714378	0.695290576094	36	13	
92400000	487.979629	1	1.397250025580	0.000211429411	0.576820513994	0.644853823886	36	11	
92410000	479.877440	1	1.455269405813	0.000204373082	0.633614580325	0.738826543472	23	15	
92420000	477.390336	1	1.379076910211	0.000212668798	0.829991346156	0.861693051692	32	15	
92430000	480.973243	1	1.358615326470	0.000143450458	0.647801203139	1.225522981720	46	10	
92440000	471.583273	1	1.357768253164	0.000252602019	0.555114648166	0.746812309261	31	11	
92450000	478.666110	1	1.440869550831	0.000182889935	0.570771411173	0.925839943907	35	17	
92460000	485.203367	1	1.480082138226	0.000225289522	0.421467764263	0.690221824146	36	16	
92470000	471.902258	1	1.407188993022	0.000184337193	0.673381505774	1.040336723887	26	9	
92480000	487.747766	1	1.441171541393	0.000166582392	0.521280757505	0.913506006696	36	9	
92490000	470.624116	1	1.462677007415	0.000154356322	0.782517868112	0.953212418086	27	13	
92500000	489.659699	1	1.381956409922	0.000190222028	0.608223614756	0.701049230638	34	10	
92510000	499.237498	1	1.417747727304	0.000170480519	0.625675970015	0.758822841404	26	15	
92520000	477.039137	1	1.396938164690	0.000191072299	0.591305117532	0.788796849401	25	16	
92530000	467.287517	1	1.422343969216	0.000133360383	1.120732516475	1.235790553535	37	27	
92540000	484.533426	1	1.346307866668	0.000171034005	0.781824576193	1.018559879404	37	13	
92550000	487.963022	1	1.396438530762	0.000160626972	0.810374254698	0.984353530848	44	21	
92560000	472.176747	1	1.417874990703	0.000178115291	0.853045429722	0.913006036073	31	7	
92570000	474.103095	1	1.446005002630	0.000180606405	0.819742241843	0.646306227914	28	13	
92580000	481.471936	1	1.403166834102	0.000177976808	0.376528525826	0.581877326458	22	17	
92590000	488.553482	1	1.428349283660	0.000169985229	0.522039039565	0.879284573034	26	12	
92600000	469.607372	1	1.319284483510	0.000219977882	0.379703575343	0.559771691916	25	9	
92610000	483.591646	1	1.395687681890	0.000189077871	0.758584919693	0.516623730558	32	20	
92620000	482.723274	1	1.414272731294	0.000185353091	0.577948895089	0.929071001995	30	13	
92630000	480.504230	1	1.379336429304	0.000148080782	1.299619363350	1.448874592728	32	16	
92640000	482.821428	1	1.436173640786	0.000230125305	0.632152105333	0.611714110209	44	9	
92650000	486.806892	1	1.425492906295	0.000207258124	0.506279524858	0.753047306600	39	13	
92660000	476.683748	1	1.385682844894	0.000203878852	0.562489619528	0.585590069528	35	10	
92670000	478.923387	1	1.382592258293	0.000182299891	0.821900921798	1.065601161619	36	11	
92680000	486.084653	1	1.443486754958	0.000202764799	0.450693190186	0.622381259108	38	17	
92690000	477.712772	1	1.393402291009	0.000174372623	0.766046687522	0.980853515587	44	17	
92700000	471.154677	1	1.502509298944	0.000213599757	0.577962402627	0.865386377968	32	10	
92710000	466.720403	1	1.450520213367	0.000172973424	0.656765324764	1.206440964273	25	10	
92720000	473.866621	1	1.457416271805	0.000227689249	0.609821156986	0.676457584960	33	6	
92730000	482.910767	1	1.455037364649	0.000196406616	0.530267340310	0.888093778871	31	14	
92740000	479.691642	1	1.448975746382	0.000166714489	0.596756824432	0.721459736850	28	18	
92750000	478.751697	1	1.418575278148	0.000174819370	0.794387425522	0.940461520036	33	11	
92760000	485.976559	1	1.388347682638	0.000157248922	0.535499697451	0.895845679885	34	21	
92770000	490.074407	1	1.385268315524	0.000205980847	0.362194475324	0.702252093003	33	21	
92780000	481.617770	1	1.392474977882	0.000196725873	0.613325152485	0.689593083111	36	15	
92790000	486.805950	1	1.435349747652	0.000207888260	0.508091297925	0.659729717497	29	12	
92800000	481.845341	1	1.394695373750	0.000179911271	0.418792242385	0.905140683396	40	16	
92810000	477.418549	1	1.418675007328	0.000150846208	0.516574519664	0.692553658556	36	19	
92820000	474.222339	1	1.456180592370	0.000196697940	0.434845231130	0.832196125268	28	12	
92830000	483.884053	1	1.390519422518	0.000158409832	0.726419919814	0.746803207354	38	16	
92840000	472.924721	1	1.495601167248	0.000222795893	0.488904997040	0.847342401221	25	12	
92850000	484.283210	1	1.436079689632	0.000172488801	0.628369952410	0.843317371989	33	11	
92860000	474.868456	1	1.410373094519	0.000291836883	0.322587340978	0.464127676595	33	14	
92870000	478.369571	1	1.477034947662	0.000141316769	0.969560689646	1.032229374679	32	8	
92880000	481.110358	1	1.454456722683	0.000171047613	0.598712080595	1.039436850624	33	16	
92890000	472.089884	1	1.435591325744	0.000184557725	0.639171702680	0.824270975779	32	14	
92900000	470.121345	1	1.403164836872	0.000187886715	0.418435716329	0.610534016983	32	20	
92910000	471.615894	1	1.478450973236	0.000161704985	1.058595590976	0.995248985243	30	14	
92920000	472.499203	1	1.374231399676	0.000155540678	0.917243419412	1.294479402584	33	15	
92930000	484.449420	1	1.433809262193	0.000168734389	0.964702861625	1.033515252219	32	9	
92940000	485.972997	1	1.359319230180	0.000180487046	0.483222704242	0.563849398430	35	17	
92950000	497.149759	1	1.374089599478	0.000177507954	0.529388741348	0.781135637901	34	13	
92960000	473.522668	1	1.440030320794	0.000168497045	0.626024295567	0.888916856863	35	14	
92970000	471.381820	1	1.424826196869	0.000256856655	0.356315762574	0.630083018241	23	14	
92980000	467.977215	1	1.476568547453	0.000294793450	0.307473532180	0.602523142962	31	14	
92990000	455.476121	1	1.450835934726	0.000198406536	0.601641711769	1.081957569718	26	13	
93000000	482.073433	1	1.448194521853	0.000163732670	0.840441620516	1.312344667405	34	14	
93010000	490.310923	1	1.415363304285	0.000154625096	0.680272479231	1.107762139811	41	12	
93020000	492.912511	1	1.388352041645	0.000164384004	0.400638310799	0.911172062354	36	17	
93030000	473.295226	1	1.485041107163	0.000246351758	0.573563339166	0.693081050836	20	10	
93040000	477.198670	1	1.379913065648	0.000185778892	0.577195098475	0.818212141330	33	13	
93050000	473.427214	1	1.538280942056	0.000203282413	0.613859964611	1.261567076217	27	10	
93060000	476.627816	1	1.437128685376	0.000242976441	0.467680338747	0.511853748141	27	15	
93070000	470.869234	1	1.405555015409	0.000182410476	0.868819851194	1.326597849621	29	11	
93080000	475.715628	1	1.427742318238	0.000158724611	0.823890064971	1.022171702545	26	13	
93090000	491.524477	1	1.378134042866	0.000141729275	1.014384428889	1.064852028033	39	15	
93100000	492.585620	1	1.424318160910	0.000228800459	0.396707661226	0.459495909640	35	16	
93110000	487.142920	1	1.434974013756	0.000148914205	0.395978194756	1.065979365102	37	11	
93120000	471.056867	1	1.394559777796	0.000226936735	0.418057018950	0.553938939032	24	13	
93130000	472.756677	1	1.364044585896	0.000218948154	0.391148294496	0.787663727682	32	10	
93140000	464.810580	1	1.389314874323	0.000251477574	0.586848753684	0.650833288532	31	9	
93150000	476.052108	1	1.411951586876	0.000197543378	0.456621880914	0.967426918411	23	17	
93160000	490.367479	1	1.430132916365	0.000156812564	0.513228179733	0.840562243475	38	13	
93170000	484.638057	1	1.401651567206	0.000202058306	0.512989274730	0.804896515309	44	11	
93180000	471.190040	1	1.442937381261	0.000167237174	0.899482507289	0.864810930625	41	15	
93190000	478.547955	1	1.432494006001	0.000176766053	0.836509627047	1.219762661801	32	8	
93200000	483.522286	1	1.477594186315	0.000247173746	0.452013453533	0.784995871413	37	10	
93210000	478.461113	1	1.387838335777	0.000156348381	0.861331753073	1.459740461111	30	10	
93220000	460.497433	1	1.453537015156	0.000259884381	0.463908180354	0.630036530151	31	16	
93230000	475.707613	1	1.404879187658	0.000199836575	0.629326480305	0.880015894127	37	16	
93240000	479.027959	1	1.407156888107	0.000146422159	0.891222580625	1.225277489527	39	12	
93250000	477.540639	1	1.424518763806	0.000207192463	0.855820358344	0.703459791995	40	12	
93260000	480.359774	1	1.476905408346	0.000170610521	0.794216204572	0.952318704533	32	13	
93270000	456.799317	1	1.450447391353	0.000189784167	0.585751474331	0.956071191567	25	15	
93280000	480.369209	1	1.433941521567	0.000254366625	0.412721534088	0.615734371569	32	15	
93290000	487.495696	1	1.338347363236	0.000286986399	0.460898964830	0.519608614215	35	18	
93300000	487.010502	1	1.348703665108	0.000214728239	0.414410931622	0.902362766084	39	18	
93310000	481.716362	1	1.399998701311	0.000183781790	0.620684650320	1.145090322188	20	21	
93320000	467.288360	1	1.475122866273	0.000155895881	1.316172318819	0.948517185104	29	15	
93330000	474.402906	1	1.444884535122	0.000180792059	0.756236467182	0.743387340865	30	15	
93340000	464.527881	1	1.413719485014	0.000188366163	0.581601317227	1.131599119649	30	9	
93350000	474.903733	1	1.457295003136	0.000109500050	0.655630250685	1.341909943875	35	15	
93360000	473.880649	1	1.408913801357	0.000172175173	0.394773864437	1.078686594457	33	11	
93370000	477.132272	1	1.448448873323	0.000179057881	0.352327508596	0.882968897469	28	14	
93380000	483.670929	1	1.448456995729	0.000180897982	0.274771591643	0.588135901565	39	10	
93390000	484.391059	1	1.372570182809	0.000162404459	0.451376389080	0.642832983541	38	14	
93400000	477.966800	1	1.440364794572	0.000206042389	0.316421125092	0.502214430548	34	15	
93410000	479.471518	1	1.399245491720	0.000173510289	0.553739377169	1.007738061821	25	17	
93420000	481.210734	1	1.410491964865	0.000254657095	0.425721027762	0.636305523602	30	22	
93430000	478.477449	1	1.414913575398	0.000216065353	0.479076678253	0.695137993886	32	11	
93440000	470.227537	1	1.418294979625	0.000166307996	0.595839195889	1.375130285195	29	16	
93450000	498.494491	1	1.399435079002	0.000134194839	0.892386584203	1.254135241296	32	16	
93460000	472.875564	1	1.452807259786	0.000169953296	0.786761775109	1.249048760447	40	13	
93470000	476.474154	1	1.401393783238	0.000222671652	0.381526143185	0.871243642624	36	12	
93480000	481.744724	1	1.385407341196	0.000236893966	0.542553531652	0.524201714332	36	14	
93490000	467.194769	1	1.350487840678	0.000269785248	0.448747546035	1.017944477174	32	13	
93500000	461.209674	1	1.394688738680	0.000184715224	0.712803030840	0.838303768758	32	14	
93510000	474.619165	1	1.373982977423	0.000159583537	0.820558999971	0.903240838575	34	17	
93520000	476.958411	1	1.382646817433	0.000150353198	0.745879797404	1.134866027633	30	10	
93530000	486.723840	1	1.418196920799	0.000181839181	0.595404041489	0.957515116540	27	12	
93540000	455.811501	1	1.537069668690	0.000200489736	0.780581999384	0.921467782056	25	13	
93550000	475.859722	1	1.384521535886	0.000202775779	0.562028400594	1.091904533067	22	16	
93560000	468.694914	1	1.434081701136	0.000156816743	0.944004997230	1.135130323797	41	14	
93570000	491.980723	1	1.373348739660	0.000175312802	0.722779965993	1.109889150821	31	13	
93580000	476.129730	1	1.357053571866	0.000130805572	0.561652580917	0.900553636274	32	19	
93590000	475.251327	1	1.426061638475	0.000171337099	0.736995383490	1.620573915490	38	14	
93600000	493.957434	1	1.414193282588	0.000141705707	0.712802516932	0.969116258108	37	12	
93610000	484.664837	1	1.431822899262	0.000188904111	0.445463370861	0.812759305420	32	16	
93620000	487.809998	1	1.439761639886	0.000216173628	0.649168393962	0.884292299475	30	14	
93630000	463.616503	1	1.494544566881	0.000140607729	0.876969215913	1.841741199555	33	15	
93640000	484.709772	1	1.410491757239	0.000163981893	0.633287758994	1.120559049238	35	15	
93650000	482.602573	1	1.389137718372	0.000195680621	0.632307364029	0.515944237773	33	16	
93660000	475.862558	1	1.470940364081	0.000235293102	0.538193279548	0.800848175291	30	12	
93670000	470.307295	1	1.511756474297	0.000242379704	0.424224899407	1.063545791956	26	13	
93680000	481.534171	1	1.461565061688	0.000306870116	0.581595940724	0.850117872091	36	16	
93690000	475.566883	1	1.368687565763	0.000290805116	0.578408984024	0.932091780236	30	12	
93700000	496.783341	1	1.456331676405	0.000329103507	0.445256684171	0.653175872018	38	12	
93710000	471.680811	1	1.382176082538	0.000257503627	0.616356865693	0.833328726153	29	13	
93720000	472.076299	1	1.456604086512	0.000281242290	0.411967082344	0.655720810119	19	12	
93730000	478.461852	1	1.401271319093	0.000195576748	0.553819803726	0.852994078649	23	17	
93740000	468.031213	1	1.392441598248	0.000158802400	0.820302978373	1.117405482980	29	12	
93750000	470.228850	1	1.417185911244	0.000204565704	0.718382622095	0.984880209145	28	10	
93760000	455.215361	1	1.503112412303	0.000250629955	0.411091680254	1.181116838234	26	14	
93770000	486.244958	1	1.425418031601	0.000156542067	0.602074153589	0.906959602600	28	18	
93780000	479.783246	1	1.422231424644	0.000192174098	0.582793510016	0.902584348041	24	14	
93790000	473.527388	1	1.442395897137	0.000234782126	0.503642485637	0.510663539694	30	14	
93800000	479.601471	1	1.426293439369	0.000218178499	0.655639265161	0.801512074236	27	16	
93810000	473.041975	1	1.384675184849	0.000164176484	0.804796903756	0.914527884160	30	14	
93820000	471.583857	1	1.401398644472	0.000190247680	0.503413732679	1.019221414555	30	12	
93830000	467.062242	1	1.401142719272	0.000237668172	0.540995261831	0.520873404567	33	14	
93840000	483.207076	1	1.380098890834	0.000195842887	0.501495484793	0.962589073015	35	14	
93850000	480.055660	1	1.406890254633	0.000183325140	0.582150085065	0.928877436199	40	19	
93860000	467.034209	1	1.400239035518	0.000182662080	0.550065517905	0.999059916243	30	14	
93870000	488.207064	1	1.454865425289	0.000188705437	0.404329241260	0.653395603339	43	16	
93880000	478.839050	1	1.457219185360	0.000201240238	0.674521470194	1.102209361504	35	11	
93890000	488.816496	1	1.432840202303	0.000156328262	0.700622539226	0.880951756689	36	17	
93900000	477.330566	1	1.402362748428	0.000216185716	0.644466874185	0.875316121421	36	17	
93910000	475.775692	1	1.442511146312	0.000249001795	0.481422489702	0.871558177268	34	16	
93920000	464.346794	1	1.438437924421	0.000213088823	0.702504171021	0.531191927310	34	16	
93930000	473.292780	1	1.411438844430	0.000178278464	0.730745196476	1.024732969276	28	12	
93940000	472.467635	1	1.396775837665	0.000158299383	0.703766438603	1.144367533755	44	17	
93950000	470.934636	1	1.449614773537	0.000197296976	0.615454648771	0.931792951732	32	11	
93960000	473.734691	1	1.379860756615	0.000312692572	0.308888215164	0.610968601321	42	10	
93970000	478.856956	1	1.422061543438	0.000185942395	0.681012969395	0.859471202302	41	7	
93980000	477.472687	1	1.459882993654	0.000226759730	0.684463180690	0.670020492923	35	13	
93990000	473.822838	1	1.304002780192	0.000167263269	0.826101567632	1.160757259162	27	17	
94000000	484.324631	1	1.356783430737	0.000226551049	0.439110232370	0.635278562741	25	15	
94010000	465.354911	1	1.424036961045	0.000166093386	0.687414149463	0.950919302534	31	13	
94020000	477.283461	1	1.445405243586	0.000238498602	0.432595639743	0.868322646184	29	15	
94030000	479.526134	1	1.358431883295	0.000216045934	0.649996610168	0.549227874773	24	15	
94040000	467.822353	1	1.365147176001	0.000198779149	0.491622110880	0.791645230252	31	6	
94050000	454.445247	1	1.421802689245	0.000240887994	0.525849104775	0.991666771553	36	13	
94060000	479.386305	1	1.404341837482	0.000225132825	0.512618298590	0.642009046701	35	11	
94070000	474.355100	1	1.410612958964	0.000154019454	0.651399400306	1.312825664389	29	7	
94080000	475.413253	1	1.405458510605	0.000128963760	1.073999839548	1.632846801286	38	17	
94090000	469.538243	1	1.408347065955	0.000234538073	0.738335180612	0.910016457397	32	7	
94100000	471.593996	1	1.402293493803	0.000194540685	0.610565914273	0.776524679725	28	17	
94110000	478.702109	1	1.420060874412	0.000184994246	0.605809067693	0.850372677699	35	11	
94120000	479.574953	1	1.397378458271	0.000188759881	0.784876140543	0.913807430456	34	10	
94130000	467.949442	1	1.416106258936	0.000183604749	0.436382552424	1.280496502929	39	14	
94140000	488.064034	1	1.406919383761	0.000158699698	0.813593038172	1.053172870275	34	19	
94150000	473.074308	1	1.437628755682	0.000182519137	0.524196588386	0.978687838054	27	20	
94160000	477.299138	1	1.408367456068	0.000189500287	0.396398039037	0.711771818183	37	20	
94170000	474.622779	1	1.415260850111	0.000188050424	0.442264209482	0.813549225871	43	12	
94180000	483.716659	1	1.409966203081	0.000163588086	0.502782375943	0.654478192771	40	17	
94190000	476.218394	1	1.377308723137	0.000184174846	0.301086582742	0.498963950290	37	15	
94200000	479.315135	1	1.413829146970	0.000176429062	0.386757217664	0.625790869115	27	17	
94210000	471.434206	1	1.439911476400	0.000236493173	0.559059253643	1.332845642808	31	12	
94220000	480.673180	1	1.340539882373	0.000199528732	0.620489504627	0.839013260900	32	22	
94230000	464.248996	1	1.439820696899	0.000231711997	0.474140490167	0.395678256310	32	17	
94240000	490.056744	1	1.485240149707	0.000214385822	0.424098605837	0.775071734088	26	20	
94250000	458.490973	1	1.399990855000	0.000224844102	0.465166767746	0.871190671048	33	14	
94260000	471.302139	1	1.381392240535	0.000222460101	0.616700113137	0.697710171795	26	14	
94270000	495.001442	1	1.419329679399	0.000215638635	0.458438629019	0.788744598680	37	12	
94280000	475.011462	1	1.335252519178	0.000199025901	0.587836230934	0.766670370211	45	8	
94290000	465.143578	1	1.328028336534	0.000295736136	0.384080103495	0.506511511528	39	15	
94300000	476.194834	1	1.417786271454	0.000162624740	0.731198893969	0.686237687672	32	11	
94310000	467.964024	1	1.368688245053	0.000225323594	0.592295137440	0.815922870935	24	16	
94320000	474.753438	1	1.435523910286	0.000165511711	0.674884853092	0.936458111356	29	14	
94330000	481.031100	1	1.433084864911	0.000136536094	0.536945477162	1.043742322111	25	12	
94340000	472.768651	1	1.359827085368	0.000209857769	0.456353207487	0.688564151733	36	19	
94350000	484.793357	1	1.429580792490	0.000181922191	0.497431024529	0.919211349472	39	12	
94360000	476.377569	1	1.428695590891	0.000250169151	0.488556560763	0.674717626975	45	11	
94370000	482.086410	1	1.412231321064	0.000161379823	0.630627652631	1.211611875656	31	12	
94380000	468.194771	1	1.413022832935	0.000206177811	0.649830840024	0.647290313041	31	14	
94390000	470.817123	1	1.411963246552	0.000212385814	0.548539462138	0.905481297359	23	13	
94400000	484.349623	1	1.402900100078	0.000197174900	0.519843688693	0.821152761344	35	11	
94410000	485.941835	1	1.434493340634	0.000172214585	0.816521819087	0.961628252642	38	13	
94420000	475.189115	1	1.435524279097	0.000183880392	0.653515468135	0.855628532344	31	19	
94430000	478.378345	1	1.379222090039	0.000188920733	0.688394300819	0.814508402659	45	14	
94440000	476.429467	1	1.387041109235	0.000191759778	0.715964311230	0.797032452099	33	13	
94450000	487.684584	1	1.425728239761	0.000143721388	0.962370806724	1.111731085303	36	16	
94460000	490.890727	1	1.406083567447	0.000182880320	0.601042324267	0.963574415412	30	16	
94470000	476.610231	1	1.439019244487	0.000147082094	0.737598435159	0.749611956597	27	18	
94480000	470.266757	1	1.508372258502	0.000235412564	0.504324716998	1.256396903766	30	14	
94490000	474.409305	1	1.445599123573	0.000202393511	0.656357379484	0.600077384065	26	22	
94500000	471.924944	1	1.416726856847	0.000178733892	0.699242391202	0.952484177333	27	8	
94510000	486.095078	1	1.473447329164	0.000211503186	0.422391921167	0.528043853876	39	12	
94520000	476.449963	1	1.410295471141	0.000215142828	0.688779632689	1.156829995938	33	11	
94530000	468.397518	1	1.510741893138	0.000171318112	0.513438683325	0.693653476201	41	12	
94540000	482.833741	1	1.359121277416	0.000162160014	0.560809390298	0.632155942139	32	14	
94550000	477.628537	1	1.456502867316	0.000188671180	0.562450941352	0.943255966133	31	15	
94560000	476.388036	1	1.425207665997	0.000260155015	0.685614571401	0.659969136502	41	14	
94570000	467.055063	1	1.411040448222	0.000222323965	0.523872863872	0.798862845977	35	14	
94580000	468.188725	1	1.437478780414	0.000119607545	0.862906510231	0.984123540473	28	12	
94590000	484.444001	1	1.460333471462	0.000203017369	0.468506617407	0.383654030992	29	20	
94600000	478.572726	1	1.454270652330	0.000167358339	0.502449513656	0.861315212584	30	14	
94610000	480.925362	1	1.367297596302	0.000199801178	0.384295254253	0.662819351752	40	13	
94620000	472.270741	1	1.351642276692	0.000159081138	0.606320146777	0.658178791969	33	14	
94630000	479.304409	1	1.502749772532	0.000180607344	0.491663173754	1.056808987849	35	11	
94640000	479.162359	1	1.431672323291	0.000188515842	0.382026443008	0.713443496617	33	17	
94650000	474.803849	1	1.364474447286	0.000147683148	0.430669176636	0.714424715876	25	15	
94660000	480.235167	1	1.436263829071	0.000163515486	0.465598206563	0.955102539740	24	16	
94670000	479.970309	1	1.464578867204	0.000207445524	0.486235289437	0.720455510034	24	13	
94680000	477.235452	1	1.405295347167	0.000209433778	0.364217381475	0.641803936157	36	14	
94690000	487.957064	1	1.419310521668	0.000152409146	0.734405322292	0.944128509634	33	22	
94700000	480.952771	1	1.376758588520	0.000176866616	0.532659973692	0.764324499195	27	15	
94710000	462.798619	1	1.357552541165	0.000182353396	0.690574795466	1.089177113255	35	12	
94720000	469.973682	1	1.394748712587	0.000179925169	0.474692230456	1.261448882361	28	11	
94730000	483.591265	1	1.462474658087	0.000192820288	0.379948115863	0.879753243421	36	14	
94740000	472.309922	1	1.413085785842	0.000172575765	0.591408272836	1.300580504937	25	16	
94750000	487.782919	1	1.450642609270	0.000220303780	0.474221724674	0.687142884027	29	12	
94760000	479.699949	1	1.420343193566	0.000190209253	0.581301831870	0.788052835307	30	17	
94770000	473.456326	1	1.398358444557	0.000209147204	0.351185197948	0.638666389404	26	19	
94780000	476.915526	1	1.373571538350	0.000241198353	0.483860577695	0.503246888482	36	9	
94790000	479.746181	1	1.437042809595	0.000182897395	0.798823307420	0.823972256741	25	8	
94800000	478.503564	1	1.386737090478	0.000210914881	0.544669452618	0.808604407252	36	13	
94810000	486.452594	1	1.440559368117	0.000202638413	0.595804876692	0.881728536708	37	11	
94820000	487.733060	1	1.394840867235	0.000169953175	0.483495669687	1.041883438197	24	15	
94830000	489.062326	1	1.414324565650	0.000154260672	0.695324498920	1.291462510556	36	13	
94840000	483.508003	1	1.367254236699	0.000189503810	0.689516085702	0.908309228515	34	17	
94850000	477.793939	1	1.421334823766	0.000183347081	0.615061694470	0.904327231214	32	17	
94860000	480.584862	1	1.392398179919	0.000135698487	0.643204765870	1.226401040898	26	17	
94870000	466.174396	1	1.408353690805	0.000202326809	0.317170108550	0.710884972931	35	18	
94880000	473.564937	1	1.419408843699	0.000236460661	0.456037160995	0.580342031641	28	8	
94890000	475.112019	1	1.462993692588	0.000207988881	0.587055286463	0.614136296751	31	8	
94900000	471.773830	1	1.443953562360	0.000216657290	0.518402413462	0.939846618503	35	9	
94910000	478.048902	1	1.444854954267	0.000194555868	0.823777399039	0.913756434429	35	12	
94920000	476.158560	1	1.355265255352	0.000164614207	0.586925821067	1.038392514942	25	18	
94930000	471.379796	1	1.391603828934	0.000216646068	0.531180555098	0.876210549318	37	10	
94940000	478.126402	1	1.434583966059	0.000192661275	0.424016458678	0.662005440688	33	15	
94950000	473.924630	1	1.487855107530	0.000127034383	0.707159530817	1.050574762081	45	12	
94960000	475.269831	1	1.432239970610	0.000172410326	0.358319931545	0.725857917206	31	14	
94970000	465.425438	1	1.409990105233	0.000207646009	0.351855797453	0.630089639057	31	13	
94980000	479.854984	1	1.421799218294	0.000161369880	0.431010550030	1.068823243674	34	13	
94990000	480.594234	1	1.442688635467	0.000179063322	0.563084837667	0.974015000848	28	8	
95000000	486.445855	1	1.413155659422	0.000189617892	0.540179455547	0.754597609747	34	13	
95010000	475.649832	1	1.435239152253	0.000198665880	0.383549213537	0.678784650220	37	13	
95020000	480.879461	1	1.467233784153	0.000222226240	0.518559526131	0.575775397277	30	17	
95030000	472.865425	1	1.391845508218	0.000224695889	0.404663246778	0.552406082193	32	17	
95040000	474.223957	1	1.387346829226	0.000228687737	0.411118209098	0.453896932436	34	14	
95050000	484.436258	1	1.410809917796	0.000176891742	0.623823365050	0.715357627479	29	14	
95060000	478.548926	1	1.384991442647	0.000172646480	0.874016444847	0.699461451538	29	18	
95070000	466.990890	1	1.415709523097	0.000240566533	0.431323921035	0.596016885215	25	19	
95080000	472.690428	1	1.411708180536	0.000180304059	0.785517759019	1.112678917582	20	14	
95090000	479.921178	1	1.449932722848	0.000177986974	0.450531752752	0.662036502830	30	15	
95100000	476.305479	1	1.407157598088	0.000180939277	0.797646098357	0.737260326745	37	19	
95110000	475.370787	1	1.471462110167	0.000173073388	0.578511244125	0.634702323309	35	11	
95120000	475.080100	1	1.381955328782	0.000238858050	0.435557624709	0.817260829149	31	12	
95130000	488.785881	1	1.474668982973	0.000161533882	0.880840972859	1.165132676077	38	13	
95140000	470.271837	1	1.439881364599	0.000166252698	0.606571083848	1.122393154254	28	15	
95150000	493.957954	1	1.305514716662	0.000156535350	0.719073971995	1.081215395881	37	15	
95160000	470.316456	1	1.388583237173	0.000196230124	0.578223352244	0.847610063956	35	10	
95170000	472.049999	1	1.400281281597	0.000208538715	0.592251257805	0.864686809154	40	9	
95180000	485.187812	1	1.385539153483	0.000160060141	0.698479930353	0.885630108936	43	14	
95190000	481.163283	1	1.398972912582	0.000194290575	0.479504864690	0.762335399027	35	12	
95200000	483.047123	1	1.440593846686	0.000166286937	0.627027558385	1.125226991262	32	13	
95210000	477.306396	1	1.388390517776	0.000240542173	0.453592109458	0.657475506561	26	13	
95220000	480.625048	1	1.422953793409	0.000209751552	0.542895009111	0.806973805860	34	13	
95230000	463.572434	1	1.402869576260	0.000150276939	0.616712875384	1.316002130186	38	16	
95240000	468.395777	1	1.378895463386	0.000186210454	0.547213450849	1.028628074858	36	14	
95250000	481.301349	1	1.464385214531	0.000179508141	0.670712729284	0.753144414989	38	11	
95260000	479.769986	1	1.361852957536	0.000201205755	0.447022769513	0.791524126904	35	18	
95270000	484.504777	1	1.372495518282	0.000156017603	0.471893885147	1.217256001223	35	16	
95280000	467.848641	1	1.359608370034	0.000169919067	0.771903509729	1.101318033212	35	18	
95290000	483.833463	1	1.408177291469	0.000207022707	0.622567297333	0.746833488215	26	10	
95300000	483.530326	1	1.363749118249	0.000256163057	0.384077296060	0.695057290438	30	15	
95310000	475.214669	1	1.405954016492	0.000196195799	0.630103864842	0.810487380406	28	12	
95320000	470.086665	1	1.455053087289	0.000201632029	0.479326469496	0.862696756296	39	18	
95330000	464.725205	1	1.416281588891	0.000171529418	0.688200335748	1.385401537113	50	16	
95340000	469.569139	1	1.391819332739	0.000194782499	0.791451241836	0.907691289856	38	13	
95350000	475.009550	1	1.455621153736	0.000189619154	0.608071080435	1.102884670084	32	16	
95360000	476.255115	1	1.327132510934	0.000173977386	0.837782841936	0.999061052321	23	11	
95370000	461.995602	1	1.380401364906	0.000174008721	0.474973424076	1.015226246340	21	15	
95380000	487.230067	1	1.419341604311	0.000255247646	0.358438423803	0.607003862550	29	17	
95390000	481.155081	1	1.354895180858	0.000207262637	0.544599187064	0.485472991863	31	17	
95400000	472.021601	1	1.419177835085	0.000150027568	0.583271205696	1.168659506122	30	17	
95410000	494.004979	1	1.381971932118	0.000181368344	0.479319069046	1.024871898890	26	15	
95420000	470.388956	1	1.360903895771	0.000167700766	0.526845877639	1.249922978478	38	17	
95430000	460.056634	1	1.377077801942	0.000155520995	0.959245351052	1.068686099379	37	15	
95440000	480.437540	1	1.379823534673	0.000180758608	0.706710292684	0.908500771889	38	12	
95450000	483.686352	1	1.403788000460	0.000209737418	0.502706474394	0.806385842787	42	8	
95460000	484.114389	1	1.367390111709	0.000188249447	0.720923234565	0.649199638382	41	10	
95470000	470.865903	1	1.408299954012	0.000152823581	0.908417323428	0.759442260933	37	15	
95480000	496.685628	1	1.437689255614	0.000188199194	0.516950118685	0.777588703738	23	14	
95490000	467.290795	1	1.412813350263	0.000271955575	0.575766026134	0.720183041290	26	13	
95500000	474.951290	1	1.359058638443	0.000201878894	0.683522805969	0.887235498988	32	15	
95510000	480.364148	1	1.458509423090	0.000176971884	0.705659491077	0.722981017598	30	15	
95520000	474.131930	1	1.505686832907	0.000269890868	0.559164908017	0.579010876378	28	9	
95530000	486.440781	1	1.413878455695	0.000204175624	0.612693752652	0.714365994179	39	17	
95540000	466.881911	1	1.405952363060	0.000195356197	0.746572682233	1.466270294883	31	10	
95550000	476.206526	1	1.402093310197	0.000181392319	0.491805517432	0.424246646570	30	13	
95560000	482.811583	1	1.318707464084	0.000211408999	0.360847416487	0.835103135529	27	16	
95570000	479.598899	1	1.420501738329	0.000194827085	0.539329658021	0.740436726437	37	12	
95580000	483.740904	1	1.458930948986	0.000178918909	0.667503055401	0.861078023636	39	15	
95590000	469.226666	1	1.416884465508	0.000212467409	0.550800484662	0.845241165404	21	12	
95600000	469.790235	1	1.409975445466	0.000258347564	0.530749179032	0.691838947511	31	10	
95610000	479.013576	1	1.389121317334	0.000240419346	0.342101052780	0.488628267324	39	17	
95620000	481.437781	1	1.397491055416	0.000168665860	0.558994730714	0.734591261523	30	15	
95630000	482.435535	1	1.489881355287	0.000182734024	0.490813009373	0.593365079773	35	14	
95640000	475.708928	1	1.395554378572	0.000182732250	0.477206916811	0.759390589063	34	10	
95650000	474.380533	1	1.425192090365	0.000161497531	0.505469223994	0.693993817089	26	16	
95660000	469.446975	1	1.436175619733	0.000221473828	0.676764527145	0.781592683222	31	15	
95670000	472.433226	1	1.427194598253	0.000169146203	1.138484012960	1.111884835153	25	16	
95680000	482.642943	1	1.346367440791	0.000218046442	0.477240192624	1.049521783315	31	14	
95690000	477.084779	1	1.424086036949	0.000154476160	0.615238187386	0.898717740690	31	13	
95700000	472.472631	1	1.428020232149	0.000202204695	0.605511803132	0.823871465480	24	10	
95710000	460.542273	1	1.379229099570	0.000228291423	0.600782650756	1.347026244978	30	8	
95720000	467.558966	1	1.475017818164	0.000210370000	0.531511688270	0.964567889376	40	14	
95730000	487.028629	1	1.458037846958	0.000196430396	0.383728946006	0.471914647181	37	12	
95740000	479.658398	1	1.423944053604	0.000199527010	0.474115062164	0.954089327837	32	16	
95750000	475.024116	1	1.446290898054	0.000217759180	0.519366198088	0.841974494572	32	8	
95760000	478.322757	1	1.453168843423	0.000163122673	0.677396653514	0.642000673213	37	13	
95770000	456.018185	1	1.355819695964	0.000196059795	0.727745807941	1.210277030140	27	13	
95780000	482.423665	1	1.439119380540	0.000256508828	0.516421664962	0.538113923819	25	13	
95790000	489.703323	1	1.459907018438	0.000181175332	0.503724505217	0.681337707460	37	16	
95800000	472.046510	1	1.438923074600	0.000213437938	0.428051107533	0.633185463334	29	13	
95810000	483.601985	1	1.413583747869	0.000185811207	0.378024556837	0.643005781521	40	16	
95820000	477.862944	1	1.457638854472	0.000154790233	0.875528708089	1.369652065138	28	14	
95830000	488.720211	1	1.385967396126	0.000167391520	0.723710006687	0.907828938154	37	12	
95840000	466.502202	1	1.399804057641	0.000207404170	0.501740909152	0.891162832315	22	15	
95850000	480.743247	1	1.407631648753	0.000167120052	0.749735594942	1.018014878519	30	12	
95860000	480.797243	1	1.407940608783	0.000176417715	0.610649297192	0.627791387835	32	15	
95870000	478.177455	1	1.376539979249	0.000199820691	0.572050267645	0.962465551001	33	16	
95880000	484.647333	1	1.429445473541	0.000186594670	0.676006934944	1.027454686829	38	13	
95890000	486.771176	1	1.431006783111	0.000221944150	0.496686868022	0.640928302415	30	15	
95900000	500.044881	1	1.391092124911	0.000183322478	0.628392927056	0.935998181735	30	12	
95910000	480.068235	1	1.390658496243	0.000158802825	0.900516783368	1.080531061796	35	7	
95920000	480.134480	1	1.376331778324	0.000157611364	0.608148666352	0.912518402875	37	17	
95930000	470.118521	1	1.439721904208	0.000137329830	1.109058140986	1.323406574201	40	14	
95940000	469.219347	1	1.465795685661	0.000209756085	0.475065165054	0.647393619371	35	14	
95950000	474.680886	1	1.431496425240	0.000145833940	0.856131445127	1.054121342588	30	17	
95960000	480.927383	1	1.419386508109	0.000186387934	0.463693075325	0.705111196308	31	18	
95970000	467.297469	1	1.381042691407	0.000188815882	0.657958061356	0.759678687122	25	14	
95980000	478.944780	1	1.462023212066	0.000165801469	0.560794887871	0.967083855524	35	17	
95990000	466.254470	1	1.470918213888	0.000220124866	0.629695768446	0.916893347401	27	17	
96000000	486.557871	1	1.453190460978	0.000212345994	0.406909895817	0.559926141913	18	15	
96010000	481.471287	1	1.403183320653	0.000193156260	0.647806446763	0.842092079899	44	16	
96020000	474.318559	1	1.338981192439	0.000140057363	0.635272898560	0.809261152066	40	18	
96030000	489.131581	1	1.440213265795	0.000188274807	0.710273197678	0.553365244257	27	16	
96040000	471.962613	1	1.423533676203	0.000223438358	0.644797288262	0.873242213218	33	16	
96050000	483.386700	1	1.353473643273	0.000144816554	0.650865087881	1.307300391771	31	19	
96060000	471.722945	1	1.454617160681	0.000190802502	0.561682708601	1.070731876033	22	19	
96070000	479.894840	1	1.410202808284	0.000200886572	0.611286320430	0.731089793298	36	15	
96080000	474.035343	1	1.360746980431	0.000171764694	0.716603384150	0.888194791022	34	21	
96090000	477.584155	1	1.468152679751	0.000186732988	0.465513731953	0.907990932501	29	14	
96100000	472.162011	1	1.384522680867	0.000149548198	0.732722104965	0.965509374129	37	16	
96110000	479.407494	1	1.419609738833	0.000225733959	0.590447910465	0.720365537418	39	7	
96120000	475.414372	1	1.475749440439	0.000231698905	0.534035447413	0.794605377061	28	17	
96130000	480.375027	1	1.464851722909	0.000162355138	0.645420880003	1.345553394416	36	16	
96140000	488.184690	1	1.381077733355	0.000136425526	0.624775832932	0.647150719534	31	17	
96150000	475.781714	1	1.374319517333	0.000160440853	0.741554789983	1.357468340259	33	17	
96160000	469.620843	1	1.474366697930	0.000205797725	0.521493416944	1.257655792790	26	13	
96170000	486.272919	1	1.384668897446	0.000191484636	0.353828680392	0.737774113244	33	12	
96180000	465.031567	1	1.455493593143	0.000208315885	0.552724208999	0.641224047011	34	16	
96190000	475.119921	1	1.411516153449	0.000165147376	0.914957115281	1.236690475123	29	21	
96200000	477.655883	1	1.484074900812	0.000202091486	0.919654564923	1.213092259667	41	10	
96210000	476.565446	1	1.427953710134	0.000174934758	0.800615374588	0.960277957202	39	19	
96220000	479.506095	1	1.477979962326	0.000160228280	0.878343604970	1.046425869450	32	10	
96230000	478.705100	1	1.450530678672	0.000172083926	0.630100552366	0.997283548212	39	10	
96240000	482.989651	1	1.374925362243	0.000166376997	0.466484304018	0.745956588475	41	16	
96250000	474.708525	1	1.440420814268	0.000205996521	1.034956368641	0.839993436666	37	14	
96260000	477.353536	1	1.426276357346	0.000181774352	0.515822109955	0.690182214255	33	19	
96270000	471.909808	1	1.381404529708	0.000220764846	0.392065071755	0.679903979863	37	19	
96280000	485.272018	1	1.452423351175	0.000217970105	0.312087389206	0.707532542437	39	15	
96290000	468.914362	1	1.401753682646	0.000201778638	0.592078127395	1.039157842927	43	13	
96300000	489.049456	1	1.425050671614	0.000206650598	0.469171266140	0.582278674061	43	12	
96310000	485.975364	1	1.353156809424	0.000183592278	0.535511469447	0.988966264660	33	16	
96320000	485.653213	1	1.374379010995	0.000184742258	0.404105291344	0.768568727333	38	21	
96330000	473.988654	1	1.407515725108	0.000202082119	0.482819876276	0.534942119933	34	15	
96340000	479.696682	1	1.454501873632	0.000203381485	0.494234217422	0.361972214576	28	17	
96350000	477.710304	1	1.427281100319	0.000153662644	0.707715886014	0.634951237605	32	27	
96360000	458.866660	1	1.370312514609	0.000146100753	0.500583319458	0.916124260932	26	24	
96370000	477.776979	1	1.422519168382	0.000169873821	0.558577263105	0.879194540325	35	11	
96380000	489.632783	1	1.416727976929	0.000200431149	0.473022897761	0.514986291727	32	14	
96390000	479.099834	1	1.445913407570	0.000236842862	0.362612093451	0.642510245897	25	16	
96400000	474.205526	1	1.417156033521	0.000155079736	0.619035067454	1.027144018668	33	15	
96410000	481.982956	1	1.366355906259	0.000209685390	0.412668952488	0.609051023551	33	18	
96420000	477.230065	1	1.439280485626	0.000216351830	0.552090297874	0.893313557708	30	14	
96430000	472.321876	1	1.388831413890	0.000166801498	0.411053260778	0.800396732734	32	18	
96440000	466.059793	1	1.402058081561	0.000237489153	0.343216686312	0.827038463264	40	6	
96450000	461.222138	1	1.452732984933	0.000163181428	0.474302165525	0.976196268487	24	17	
96460000	475.430096	1	1.461604209818	0.000169511733	0.651741745238	1.092169992294	33	16	
96470000	485.672468	1	1.439199203577	0.000219309224	0.438499863385	0.503745614993	35	17	
96480000	474.104832	1	1.422099432793	0.000198909480	0.458612285997	0.769498343363	31	14	
96490000	479.734196	1	1.427849490944	0.000164510339	0.466707326723	0.758884202300	29	25	
96500000	473.524337	1	1.444647362957	0.000175394624	0.587831373839	0.934967269661	30	18	
96510000	473.026526	1	1.401102542780	0.000199456652	0.370506216923	0.897958510259	20	15	
96520000	481.658613	1	1.381995088397	0.000144640301	0.776652507420	1.484685826749	31	16	
96530000	470.460129	1	1.406650001552	0.000223237490	0.484343893181	0.827330525603	32	15	
96540000	469.301537	1	1.450889155877	0.000193316328	0.779662254528	0.896256985000	27	14	
96550000	478.793437	1	1.372669963707	0.000158905759	0.598022690304	0.990479513133	27	16	
96560000	477.198836	1	1.444256454761	0.000167956456	0.418192777911	0.566118016451	31	16	
96570000	482.006288	1	1.389966817894	0.000194914915	0.287104510430	0.475846326474	28	19	
96580000	491.682440	1	1.418632711598	0.000151545927	0.469030394176	1.133757307684	39	13	
96590000	476.722739	1	1.396485547034	0.000174275818	0.405031879999	0.703785168716	33	18	
96600000	480.053569	1	1.385506422981	0.000137256883	0.624514968247	0.899890582412	36	17	
96610000	507.248623	1	1.435870588507	0.000138366998	0.568685348973	0.901717278540	38	13	
96620000	480.867220	1	1.460754159508	0.000137864489	0.937622592275	1.301713322463	26	14	
96630000	491.910805	1	1.382443222001	0.000206180669	0.401581704322	0.499785776978	43	18	
96640000	482.396096	1	1.445079962340	0.000168669708	0.468785920153	0.757924060109	30	17	
96650000	478.831936	1	1.382980587788	0.000182878182	0.434354180989	0.966745348620	32	11	
96660000	494.223082	1	1.420952410881	0.000144502485	0.654637962532	1.238478689549	23	17	
96670000	475.446604	1	1.467328060690	0.000166523781	0.567192390614	1.225084904430	24	13	
96680000	483.755430	1	1.414823836088	0.000152014334	0.593131664532	1.133506876763	23	15	
96690000	480.712856	1	1.438513326787	0.000181580820	0.418691961483	0.926947683734	25	17	
96700000	481.113734	1	1.433641774924	0.000126699107	0.827338553517	1.451429999382	32	18	
96710000	484.735523	1	1.441087957224	0.000207628613	0.452827460474	0.565253510083	38	8	
96720000	484.671509	1	1.380035682221	0.000160642159	0.469092241091	0.960017211051	32	12	
96730000	473.881696	1	1.447469899392	0.000205251993	0.528213052602	0.748791476253	31	15	
96740000	477.435120	1	1.449027389966	0.000180312237	0.749672825808	1.151885075808	26	10	
96750000	482.265084	1	1.378052044816	0.000161161616	0.448782120708	0.547986632486	36	23	
96760000	472.051615	1	1.494952776888	0.000154016832	0.735377229100	1.122301990742	38	17	
96770000	472.260462	1	1.361406055655	0.000192780667	0.685809875414	0.971683647402	20	14	
96780000	473.899419	1	1.337799307412	0.000211824028	0.506185074389	0.713986588619	29	14	
96790000	484.900071	1	1.427130597135	0.000187267277	0.587431925776	0.601468311867	36	13	
96800000	468.095143	1	1.360209440697	0.000167178100	0.481649067851	0.769434297421	35	11	
96810000	482.959267	1	1.438196723229	0.000201061069	0.551312303195	0.643537791791	35	13	
96820000	469.831308	1	1.453244077777	0.000168468188	0.630509262852	1.166556830990	42	11	
96830000	484.095964	1	1.446111302303	0.000160767754	0.511664644440	0.756751997534	29	17	
96840000	482.978171	1	1.362904363960	0.000133427363	0.542953944729	0.953338041247	31	18	
96850000	482.067585	1	1.472520392943	0.000140295173	0.578371965815	0.929276595875	33	16	
96860000	471.734007	1	1.376370634055	0.000177369384	0.396775216452	0.751059091640	38	13	
96870000	478.241634	1	1.418814060469	0.000210316713	0.521191978878	0.640168105096	29	12	
96880000	478.412672	1	1.388054530882	0.000197295223	0.537584392871	0.767472775708	36	12	
96890000	482.381186	1	1.405632449513	0.000127287878	0.919561982093	0.997314451416	37	17	
96900000	466.539855	1	1.398348271950	0.000192569397	0.686480743504	0.849863466224	34	11	
96910000	488.682796	1	1.433841125173	0.000154912138	0.596988067257	0.895546023142	44	15	
96920000	485.066396	1	1.335654979999	0.000185546190	0.542143495273	0.862032736070	39	13	
96930000	481.061670	1	1.496228187152	0.000209452524	0.554821966054	0.899134463358	34	14	
96940000	473.520538	1	1.468870951034	0.000189961874	0.659666492069	0.913691934202	25	17	
96950000	478.042217	1	1.362449020894	0.000148239684	0.647431277529	0.767914758094	37	17	
96960000	477.879129	1	1.456875785601	0.000163678426	0.667454944252	0.724262514972	22	12	
96970000	471.811123	1	1.432794122842	0.000202786294	0.677568510304	1.198144572913	27	8	
96980000	472.215168	1	1.450782722588	0.000214177361	0.516277924533	0.714026582199	28	16	
96990000	478.673935	1	1.444526084512	0.000186952001	0.547931194401	0.771257239953	31	24	
97000000	479.902657	1	1.445187111488	0.000192930085	0.641140265783	0.821490755849	30	21	
97010000	474.106164	1	1.428020357465	0.000184011896	0.738290682209	0.783556572161	30	13	
97020000	475.240755	1	1.473543320459	0.000308742433	0.337129906078	0.644173006928	26	14	
97030000	486.043210	1	1.467708507102	0.000370754828	0.290184891255	0.469908164854	32	14	
97040000	482.305837	1	1.435989683988	0.000272585408	0.487656047441	0.718318714811	31	17	
97050000	476.244592	1	1.456567524183	0.000232140758	0.455331637118	0.647188688744	29	10	
97060000	489.084157	1	1.440400613219	0.000129044451	0.946501779168	1.037469604893	36	16	
97070000	487.314366	1	1.448690890477	0.000211337118	0.489190149617	0.762124958498	19	10	
97080000	490.619393	1	1.399436884536	0.000170780570	0.526118640615	0.682796476003	34	16	
97090000	481.371445	1	1.416709092013	0.000217084955	0.493953524480	0.644081233720	28	13	
97100000	479.968890	1	1.381299251726	0.000199337574	0.417890753185	0.752723436265	20	11	
97110000	489.204375	1	1.497400557716	0.000209901863	0.475981671864	0.664167379809	35	11	
97120000	483.414648	1	1.446577031734	0.000199479230	0.482824461154	0.748085035087	27	13	
97130000	482.870454	1	1.412417698409	0.000155400799	0.617283022433	0.762783739726	37	15	
97140000	472.757259	1	1.384752119471	0.000195584173	0.621958323182	1.036942643796	38	11	
97150000	471.362146	1	1.382856479749	0.000182406434	0.593754273143	0.835680213724	28	20	
97160000	485.634489	1	1.472257567291	0.000202342056	0.507829992596	0.651787073615	33	11	
97170000	483.444967	1	1.415412855205	0.000161007009	0.470069565652	0.985025168129	38	14	
97180000	475.938623	1	1.466999440743	0.000167247620	0.421192768120	0.787267134171	47	13	
97190000	476.638714	1	1.457354850957	0.000222812957	0.943051594590	0.817257488741	35	11	
97200000	481.693426	1	1.466006251821	0.000151655965	0.878108243919	0.919777875212	31	16	
97210000	467.689315	1	1.474888152238	0.000242956518	0.458370365941	0.760215108029	29	12	
97220000	473.828563	1	1.450074696813	0.000188084451	0.532973493161	0.585100449804	36	14	
97230000	491.822112	1	1.469738246237	0.000175010892	0.593792384625	0.901100751602	38	16	
97240000	477.681977	1	1.476698399714	0.000214525162	0.592910128796	1.122047149954	32	13	
97250000	495.669507	1	1.457410138481	0.000199335292	0.669400187766	0.687975649626	33	17	
97260000	489.386446	1	1.474789995866	0.000267174272	0.482604386243	0.622594525507	35	12	
97270000	470.086987	1	1.414555764784	0.000204082198	0.683124978085	0.975675951769	30	7	
97280000	484.759801	1	1.443882733636	0.000212961284	0.373024766820	0.697869524990	44	14	
97290000	480.719629	1	1.462002266518	0.000169259111	0.775894263135	1.221257881449	39	12	
97300000	485.579645	1	1.437921162314	0.000183330051	0.355272621655	0.990005424115	36	13	
97310000	484.026212	1	1.395325945252	0.000189877350	0.720286186278	0.805089475333	38	6	
97320000	478.395233	1	1.435155855767	0.000215892144	0.612362173964	0.935963809894	30	10	
97330000	482.925867	1	1.433262859736	0.000208178064	0.713682263153	0.723070516786	35	12	
97340000	461.135775	1	1.421131607942	0.000174374651	0.581815747177	1.042836664676	46	18	
97350000	466.393436	1	1.491825095802	0.000172891508	0.575788314594	1.506041820423	32	18	
97360000	472.631286	1	1.405700493628	0.000225008546	0.556141603893	0.901404414794	44	13	
97370000	475.571559	1	1.432115920628	0.000154500481	0.881424764746	1.187135523010	38	16	
97380000	474.302879	1	1.459954017646	0.000239321025	0.386327664033	0.588965981657	41	14	
97390000	466.192857	1	1.465129516623	0.000133840783	0.939436810161	1.009180571525	40	11	
97400000	478.609624	1	1.456792117536	0.000173320371	0.443916509534	0.884372145658	23	17	
97410000	478.148696	1	1.348475781826	0.000170633446	0.764367218447	0.770688673565	27	12	
97420000	486.462098	1	1.423422552730	0.000196954778	0.587149823686	0.572980368544	42	16	
97430000	470.544374	1	1.405068306322	0.000151195846	1.299066026201	1.015219376148	30	13	
97440000	468.390351	1	1.479471836649	0.000222355647	0.479981816519	1.015258316334	29	18	
97450000	470.203947	1	1.374802113606	0.000184570347	0.625537203865	0.811794210237	37	15	
97460000	474.415363	1	1.378546015096	0.000171015811	0.771859505718	1.363342252826	27	8	
97470000	485.547500	1	1.434952076945	0.000191310573	0.876188645706	0.942217142963	33	11	
97480000	485.932846	1	1.410425113954	0.000110886805	1.111287782644	1.807552448383	30	14	
97490000	479.143395	1	1.415980145624	0.000217940088	0.570652845079	1.044735850953	33	16	
97500000	483.346363	1	1.394973094668	0.000212502980	0.493006659722	0.956877500582	37	9	
97510000	481.853259	1	1.399918694118	0.000192473469	0.686202501549	0.812300305543	23	13	
97520000	484.130259	1	1.434750980821	0.000161389913	0.517928216068	1.136936691727	36	11	
97530000	485.311500	1	1.502983331827	0.000196542541	0.386498452519	1.038957573414	29	13	
97540000	476.103406	1	1.341496022112	0.000226668796	0.623931597367	1.132296542879	23	13	
97550000	487.256557	1	1.389786910660	0.000182089028	0.559036626181	0.828400495041	37	10	
97560000	478.604272	1	1.395702676375	0.000222239912	0.388386819744	0.901562858715	24	16	
97570000	471.448644	1	1.481552384443	0.000203066771	0.716005018363	0.642870885311	37	14	
97580000	466.814548	1	1.345653504917	0.000191560894	0.745181539529	0.806309336507	41	16	
97590000	452.717693	1	1.509377337622	0.000243670089	0.531514406943	1.024812786543	31	13	
97600000	470.724823	1	1.459419285253	0.000168994682	0.917067206688	1.191353506501	31	14	
97610000	476.457581	1	1.369508512108	0.000217308434	0.540734056385	0.797937807867	33	10	
97620000	470.085919	1	1.371160274430	0.000147862837	0.866885048216	1.280796115344	39	12	
97630000	481.602415	1	1.432931209554	0.000184522339	0.560815060999	0.723099253635	27	14	
97640000	459.451806	1	1.525616242504	0.000221041866	0.502476742223	0.807628677655	30	16	
97650000	485.067991	1	1.388962768219	0.000158910176	0.572356411580	1.294242829604	26	11	
97660000	481.692181	1	1.425593251671	0.000230236177	0.375120536218	0.607507477610	33	12	
97670000	480.885898	1	1.406880705498	0.000206328692	0.555053689238	0.807876736822	38	10	
97680000	478.400132	1	1.394259881142	0.000187898337	0.639152515155	0.862768667047	30	12	
97690000	480.250381	1	1.402118577638	0.000177197539	0.496251818037	0.954421888358	40	16	
97700000	491.621680	1	1.370224509738	0.000185262124	0.575455104977	0.833447814191	43	6	
97710000	489.898131	1	1.412184977845	0.000184182620	0.443324858859	0.671306390071	37	11	
97720000	480.631960	1	1.436007436279	0.000164530992	0.662548265893	0.935550515637	35	18	
97730000	475.634496	1	1.457651755525	0.000123793388	0.927864854497	1.279245561295	32	21	
97740000	483.778559	1	1.406358843352	0.000175332398	0.497690870172	1.111540075379	34	12	
97750000	475.243946	1	1.375614973258	0.000182020708	0.587902922476	0.601394644549	36	14	
97760000	476.201329	1	1.379967021907	0.000176857120	0.626839988050	0.914995148669	41	16	
97770000	475.663641	1	1.420124460496	0.000328117768	0.307206627470	0.532094060829	23	12	
97780000	469.858930	1	1.361406017270	0.000184263118	0.441870857091	0.832917413781	27	18	
97790000	472.087826	1	1.381371528538	0.000187128310	0.580286347827	0.753317905249	27	19	
97800000	478.392805	1	1.457172288001	0.000221845496	0.331741982199	0.741866407523	36	14	
97810000	481.460095	1	1.309399605748	0.000189774607	0.470475863274	1.129487355770	33	10	
97820000	463.156744	1	1.415496259594	0.000184752746	0.649747376848	0.759471603886	25	15	
97830000	464.395536	1	1.352141957855	0.000209075079	0.573711577650	0.650487753800	20	16	
97840000	476.683510	1	1.371733903471	0.000190914308	0.437273783387	0.698381777093	50	15	
97850000	476.317937	1	1.425494629837	0.000206607016	0.376628317958	0.657243136914	30	15	
97860000	475.077263	1	1.411153110269	0.000161326139	0.597489142805	0.591351202600	30	18	
97870000	490.687980	1	1.416691583072	0.000114758028	0.561145209928	1.075237286856	24	15	
97880000	472.655988	1	1.450327040441	0.000149196595	0.421928967778	1.387532318019	33	13	
97890000	480.812331	1	1.392080184076	0.000194424093	0.695183126826	0.714457293343	32	14	
97900000	472.546819	1	1.377259569531	0.000223772812	0.770941665768	0.877011710920	35	17	
97910000	483.412615	1	1.434175004575	0.000170938767	0.501480883190	1.122679014385	36	14	
97920000	480.023622	1	1.490053026837	0.000170116818	0.597906515530	1.003347416973	31	17	
97930000	479.457573	1	1.490296886212	0.000192055724	0.547313957428	0.669724837477	22	14	
97940000	476.679326	1	1.373540926534	0.000215093558	0.328979774463	0.491826587076	39	15	
97950000	470.783947	1	1.366457628300	0.000145020073	0.536085245332	1.012469904645	33	15	
97960000	474.873583	1	1.356506487563	0.000178748700	0.597215567910	1.170532771959	21	11	
97970000	483.344204	1	1.373646617888	0.000153509483	0.724810239060	1.070256217742	37	11	
97980000	477.566090	1	1.435484967448	0.000229132258	0.586538504750	0.615131970425	24	13	
97990000	479.353024	1	1.346020212691	0.000243513143	0.460754977448	0.504741822684	27	20	
98000000	476.724941	1	1.498530820249	0.000218501289	0.680476433470	0.843386238680	24	13	
98010000	474.595996	1	1.462479953472	0.000207622340	0.630905157541	0.668905570792	37	10	
98020000	482.151078	1	1.453613055199	0.000234689690	0.584720395724	0.468790527771	39	15	
98030000	474.608135	1	1.420886296869	0.000199532736	0.703342855757	0.762066437892	33	15	
98040000	480.788603	1	1.421044312040	0.000222157595	0.358342939060	0.853356303661	32	11	
98050000	493.260961	1	1.401231473195	0.000166961458	0.839893995647	0.992517801030	38	13	
98060000	473.498704	1	1.436409475710	0.000158454505	0.758188294830	1.320692659263	30	15	
98070000	474.821255	1	1.444409049875	0.000150076447	0.699679353287	1.255509459385	34	18	
98080000	475.276252	1	1.359479396581	0.000158038817	0.471218065498	1.253130003761	32	11	
98090000	485.289421	1	1.439917804712	0.000167425501	0.513954934562	0.758310342319	35	12	
98100000	468.771209	1	1.462786601340	0.000308908946	0.303825316355	0.545536061336	31	17	
98110000	499.079245	1	1.433730648216	0.000157750784	0.558149158759	0.650081864138	42	18	
98120000	481.213590	1	1.508078253982	0.000143370099	0.744724604503	1.044260756973	42	23	
98130000	481.172339	1	1.429801825448	0.000148353264	0.878235588559	1.148655600161	34	14	
98140000	485.619420	1	1.414725417903	0.000177734569	0.557329840722	0.719949636345	34	14	
98150000	476.892271	1	1.480791867367	0.000304907364	0.326349519180	0.642988604557	39	13	
98160000	464.381056	1	1.463083005877	0.000226898336	0.333025871222	0.656477651827	35	15	
98170000	480.685592	1	1.355560101742	0.000163992913	0.642529655903	0.663527507385	37	16	
98180000	466.510253	1	1.453169153195	0.000214424878	0.460670664422	0.574437230913	27	19	
98190000	477.317568	1	1.339799902151	0.000150651548	0.921555574771	1.263954853002	36	17	
98200000	471.819827	1	1.415758708471	0.000224968137	0.603641627677	0.585531900456	28	16	
98210000	472.332958	1	1.416126110179	0.000182917585	0.656380692734	1.076289010037	30	16	
98220000	470.803891	1	1.431333909556	0.000155443648	0.892576819532	0.921441479049	34	14	
98230000	481.855469	1	1.403138253627	0.000156371926	0.602936162440	0.623818399745	33	13	
98240000	473.041017	1	1.397029987385	0.000174665173	0.855790619212	0.659782353688	23	18	
98250000	490.667545	1	1.344589984878	0.000155568786	0.656424598391	1.056510645140	29	14	
98260000	486.840331	1	1.399682280047	0.000186690949	0.633215926430	0.751526007640	35	13	
98270000	477.107403	1	1.445636986927	0.000134767597	0.972380865242	1.435473926258	39	12	
98280000	489.320631	1	1.414259150502	0.000208122317	0.448644236400	0.755495633299	29	18	
98290000	481.703191	1	1.434543757552	0.000235642360	0.414199105690	0.764744792386	33	20	
98300000	481.147111	1	1.414448841543	0.000129611757	0.914382648136	1.341380085367	34	19	
98310000	473.156995	1	1.401651781753	0.000242773684	0.458046312316	0.693083158225	30	13	
98320000	478.253766	1	1.424325097037	0.000221636979	0.608854602019	0.716085289361	31	13	
98330000	479.092623	1	1.443297240594	0.000165127571	0.636604495159	0.816051682049	34	17	
98340000	487.340101	1	1.405313041444	0.000139086726	0.683417583183	0.716760773601	35	16	
98350000	479.653310	1	1.380635058402	0.000176557862	0.798482338136	0.888114738834	32	13	
98360000	480.374013	1	1.502628182237	0.000185594474	0.330414034321	0.873642349632	32	14	
98370000	484.105638	1	1.433035129702	0.000159310528	0.596767434325	0.785619067262	30	12	
98380000	478.475399	1	1.380732811985	0.000203311421	0.440278228905	0.712933572239	32	12	
98390000	477.524019	1	1.475658510826	0.000186749829	0.528391362166	0.760132364368	27	17	
98400000	489.565320	1	1.415101904346	0.000196283882	0.399283738413	0.889882697127	46	13	
98410000	479.034259	1	1.422528925208	0.000166963114	0.629761743146	0.822275153199	36	15	
98420000	485.881421	1	1.444422625900	0.000151674082	0.645473691163	1.307533547695	36	15	
98430000	488.110102	1	1.422427555684	0.000188245891	0.534306904358	0.934541864194	34	12	
98440000	474.455308	1	1.453984116833	0.000250747520	0.397046580787	0.676205557146	26	13	
98450000	464.630151	1	1.438469436347	0.000176361401	0.584610925439	0.701132517077	32	16	
98460000	468.254702	1	1.415658437947	0.000180254026	0.410320886281	0.776358104627	30	12	
98470000	488.114856	1	1.487133581634	0.000168498210	0.555138838049	0.771158340525	42	15	
98480000	485.996527	1	1.433181894160	0.000185268096	0.410843385858	0.906765462622	23	16	
98490000	468.581859	1	1.284993706472	0.000137634310	0.919982958368	1.390537204380	40	11	
98500000	479.072532	1	1.355086624308	0.000183483165	0.579689782296	0.741265273783	34	11	
98510000	471.807505	1	1.374578396596	0.000177886253	0.428246524636	1.049183730902	38	14	
98520000	469.933014	1	1.474535270159	0.000138194712	0.627706809302	1.227724789002	35	9	
98530000	480.791945	1	1.424764239269	0.000166735424	0.504684688574	1.103273541324	30	13	
98540000	477.426063	1	1.384280744835	0.000155800860	0.812671465037	1.190431549865	35	15	
98550000	471.236261	1	1.378326226926	0.000195290412	0.495667088046	0.999145931658	22	14	
98560000	482.924018	1	1.397722097314	0.000209036710	0.507124213095	0.563389561322	36	10	
98570000	472.906318	1	1.400864235887	0.000197869601	0.349426370485	0.711824819453	22	12	
98580000	477.902382	1	1.429658085798	0.000199684886	0.491580689239	0.522531192409	33	17	
98590000	479.887581	1	1.404916305785	0.000166368535	0.557515767349	1.014186372868	23	11	
98600000	481.922601	1	1.420796566814	0.000171869090	0.784865569843	0.934435490132	28	14	
98610000	478.265756	1	1.424296176904	0.000200195628	0.346908891610	0.707276791141	33	18	
98620000	475.351365	1	1.476795050716	0.000173765552	0.387993684373	0.791071802332	32	16	
98630000	483.965169	1	1.392786243403	0.000113193282	0.937806540276	1.274938708742	44	20	
98640000	489.943576	1	1.489353638242	0.000209054487	0.548724360038	0.724028537868	30	10	
98650000	485.255882	1	1.473053135916	0.000189478475	0.472092706872	0.781009479417	32	16	
98660000	472.427017	1	1.336756207901	0.000222639404	0.418612207672	0.632731015670	29	15	
98670000	478.568593	1	1.464829617287	0.000200548025	0.476050908084	0.901652756297	39	12	
98680000	478.453067	1	1.493925992269	0.000190238259	0.568645180438	0.808759937265	22	15	
98690000	480.382083	1	1.457659667713	0.000171622282	0.714836973934	1.261954421907	33	18	
98700000	479.703968	1	1.430374936482	0.000155754898	0.849240645828	1.158740061956	31	20	
98710000	482.897905	1	1.444808679587	0.000158959806	0.706176232580	1.086027632829	24	16	
98720000	485.754935	1	1.418985821448	0.000208129158	0.603021542937	1.075734911055	31	14	
98730000	473.352912	1	1.406547430727	0.000185050845	0.660605641287	0.878812296017	26	8	
98740000	487.206381	1	1.512732208157	0.000177951074	0.558934751302	0.896057923874	33	15	
98750000	472.426333	1	1.367129771142	0.000196965518	0.486524397895	0.886795337748	34	14	
98760000	478.378522	1	1.465943529963	0.000206355666	0.606676361442	0.789355382196	28	20	
98770000	471.053332	1	1.382761176397	0.000150220572	0.723957335452	0.985110173441	25	13	
98780000	482.092686	1	1.442940606101	0.000171758885	0.536115978710	1.003804339238	37	18	
98790000	479.158874	1	1.409382552989	0.000201024361	0.649229134533	0.859816119430	27	11	
98800000	486.724584	1	1.367509041704	0.000173043272	0.627322503123	0.954154279319	34	11	
98810000	482.841933	1	1.448724381067	0.000168511492	0.645638632939	1.446269246142	32	14	
98820000	473.703517	1	1.365381084194	0.000201506548	0.510732067319	0.944680140543	32	18	
98830000	470.459703	1	1.421674900905	0.000227086849	0.598690387275	1.051281446043	27	13	
98840000	461.222556	1	1.405947318878	0.000150894455	1.020092246462	1.173661864939	36	12	
98850000	483.208286	1	1.471183855841	0.000206987034	0.540093519401	0.824492238904	36	12	
98860000	488.331947	1	1.403206687419	0.000179226618	0.749576092926	0.873464606836	26	12	
98870000	471.063228	1	1.487197514628	0.000176422390	0.548223217639	0.991495043055	36	16	
98880000	487.387619	1	1.419515046843	0.000149261585	0.543297141063	0.893782866505	36	15	
98890000	476.717278	1	1.386714645705	0.000171051645	0.676627135022	0.871615880943	33	16	
98900000	478.028114	1	1.359493611606	0.000182040976	0.592621896613	1.205159613152	34	17	
98910000	484.515562	1	1.429688295000	0.000154177561	0.526647190684	0.901159748655	31	21	
98920000	488.243837	1	1.439495720010	0.000128591985	0.580661536653	0.819330542578	33	22	
98930000	477.013821	1	1.445009626658	0.000164242266	0.666925824924	0.677216383544	29	16	
98940000	470.907840	1	1.454433174487	0.000220515856	0.600557279351	0.687664087427	29	11	
98950000	479.064680	1	1.407775769937	0.000173392017	0.652039130163	0.928840186283	35	17	
98960000	484.884517	1	1.475945120827	0.000183519873	0.621766817577	0.758661684258	33	13	
98970000	479.717787	1	1.394886979830	0.000204286686	0.578423314521	0.904257745915	40	14	
98980000	476.879986	1	1.488484945177	0.000237424125	0.464444814078	0.672338226503	31	14	
98990000	477.701150	1	1.391809576371	0.000199751152	0.804517755952	0.798648879428	23	19	
99000000	478.412578	1	1.406701371418	0.000155015596	0.486662505272	0.897733471583	32	16	
99010000	486.045009	1	1.429740903751	0.000162541317	0.781933593458	1.005760360085	31	16	
99020000	483.004167	1	1.407999099879	0.000199239803	0.369490340496	0.585985213796	38	17	
99030000	485.694823	1	1.436904036594	0.000125810861	0.865209366533	0.991946277160	31	19	
99040000	489.172539	1	1.372263212372	0.000167364420	0.792790262266	1.133821941945	35	11	
99050000	480.992405	1	1.393696987981	0.000166395852	0.699017193965	1.028059817817	30	15	
99060000	471.151421	1	1.388210933187	0.000183345080	0.676298583433	1.234072012928	32	14	
99070000	457.753286	1	1.394246520998	0.000212176354	0.605833617042	1.316265250514	30	15	
99080000	481.945015	1	1.394489862788	0.000227442612	0.447024906992	0.621555417974	43	17	
99090000	467.155968	1	1.437891517981	0.000159172298	0.783492245938	1.121029702782	30	15	
99100000	471.102710	1	1.396282959240	0.000235676875	0.716352860679	0.556070224460	26	11	
99110000	477.338522	1	1.401627937905	0.000161467151	0.697640103473	0.997975959114	36	14	
99120000	476.579671	1	1.433436118726	0.000177850156	0.513987738913	0.904599646048	33	19	
99130000	482.253880	1	1.432353056121	0.000199985006	0.739592732490	0.882992864771	29	9	
99140000	483.553087	1	1.403713058982	0.000205374209	0.567569135560	0.715820345312	36	12	
99150000	476.919168	1	1.398334694877	0.000227068360	0.471594693374	0.605028072315	27	12	
99160000	481.712759	1	1.450243285029	0.000242438845	0.380756894871	0.851574106527	42	13	
99170000	470.040937	1	1.400685728215	0.000216396952	0.522544995589	0.833708265617	33	18	
99180000	483.236316	1	1.379381010279	0.000256416185	0.454592107466	0.661649040055	30	12	
99190000	483.221251	1	1.392284312450	0.000201419301	0.653518500753	0.813224256920	26	17	
99200000	480.548211	1	1.423774447706	0.000220930525	0.592370026656	0.755046619582	25	13	
99210000	482.155864	1	1.316442455872	0.000187115401	0.518558983135	1.090004277140	27	13	
99220000	474.851325	1	1.447542647682	0.000179603801	0.989486093363	0.813848310937	31	9	
99230000	479.952620	1	1.483049960942	0.000162709214	0.782099104191	1.496803851217	30	14	
99240000	462.532161	1	1.361473073631	0.000217873485	0.658230729091	0.984403155266	39	12	
99250000	480.868228	1	1.490863158388	0.000263623455	0.430558905401	0.818706469526	28	16	
99260000	462.277650	1	1.393634708253	0.000189845957	0.785283423420	1.265749425611	33	16	
99270000	477.001873	1	1.395255395230	0.000146598638	0.970524957245	0.822858775146	32	8	
99280000	474.822687	1	1.406248816229	0.000193180066	0.398114013206	1.259805252183	24	10	
99290000	471.249411	1	1.448796387258	0.000198677399	0.398689074721	0.999645677279	35	20	
99300000	465.312466	1	1.406699797624	0.000256585847	0.511767902864	0.666264856318	26	16	
99310000	486.380742	1	1.402080774700	0.000228523283	0.387471681222	0.734284944630	33	13	
99320000	476.198764	1	1.386325303754	0.000169731315	0.620038120198	1.130882109049	34	16	
99330000	472.322137	1	1.362847032389	0.000202657712	0.400716845728	0.687980914723	23	14	
99340000	481.870050	1	1.359637632211	0.000150748216	0.495057779198	0.985473652675	34	17	
99350000	485.172678	1	1.436778662066	0.000169890314	0.741368057201	0.756274212836	37	21	
99360000	482.165573	1	1.396189367997	0.000185230635	0.459442642723	0.623629508745	33	11	
99370000	482.869798	1	1.388201068094	0.000225771561	0.508059810932	1.126969927809	31	12	
99380000	464.155209	1	1.513735850535	0.000172662149	0.476978457479	1.149127634472	34	15	
99390000	479.560846	1	1.368219670824	0.000194099897	0.664606588883	0.975164176285	34	13	
99400000	477.463542	1	1.415179002538	0.000159526824	0.697758292662	1.029789282274	32	14	
99410000	481.137239	1	1.408707788492	0.000176705550	0.560702467049	1.030746228628	33	11	
99420000	478.013682	1	1.417085593861	0.000166551361	0.858859146667	1.001645455037	33	15	
99430000	480.118681	1	1.399403236480	0.000189095044	0.553468670515	0.691155967873	31	16	
99440000	465.527903	1	1.413122232328	0.000157345578	0.911688525953	1.078773837457	24	18	
99450000	474.682443	1	1.438387120911	0.000185297336	0.860762425019	1.039594760727	34	12	
99460000	472.453568	1	1.464819108660	0.000188295660	0.443378134102	0.797137617363	43	14	
99470000	474.239989	1	1.390546052338	0.000147943004	0.726121359511	1.443088330432	31	20	
99480000	473.219623	1	1.460528845837	0.000200329336	0.647698934033	1.145582835203	28	17	
99490000	480.540021	1	1.376863318005	0.000171174982	0.711112356323	0.828238451765	29	13	
99500000	464.501049	1	1.404542839474	0.000242674736	0.532415376121	0.564963527134	25	13	
99510000	477.874749	1	1.394337420241	0.000184328813	0.531632182678	0.846611022216	28	13	
99520000	473.474597	1	1.432858740061	0.000185223741	0.781653693216	0.947728666822	22	12	
99530000	480.353478	1	1.430088147604	0.000243485743	0.608501517758	0.899405724669	25	10	
99540000	477.360245	1	1.420302459237	0.000239856684	0.394439414802	0.796820930986	25	10	
99550000	480.086251	1	1.451141009033	0.000209460530	0.332361011322	0.630106033393	36	13	
99560000	473.630384	1	1.425683036918	0.000199509568	0.588142608130	0.745012758866	36	19	
99570000	471.798710	1	1.406648188404	0.000158850248	0.945360453800	1.261661781027	28	18	
99580000	488.921264	1	1.425205657569	0.000159180008	0.688866308096	0.912187053281	41	11	
99590000	494.603693	1	1.396887985741	0.000230312435	0.345010796054	0.659503363165	40	19	
99600000	486.843800	1	1.371283543731	0.000205496935	0.579364005282	0.529739373393	24	13	
99610000	482.045673	1	1.421501680737	0.000227776711	0.588978665134	0.703489159413	29	8	
99620000	485.037440	1	1.397187319513	0.000175880869	0.463009369120	0.771535814924	33	18	
99630000	479.487992	1	1.412272863251	0.000213803164	0.391934967873	0.504942259401	31	18	
99640000	468.637608	1	1.460477652085	0.000173436371	0.510362526009	0.917955766360	34	12	
99650000	480.338792	1	1.392582275394	0.000190362856	0.782774282647	0.683727189331	34	7	
99660000	480.571918	1	1.352920163031	0.000196399877	0.621152351074	0.768589739530	21	12	
99670000	475.363563	1	1.429812189036	0.000194287116	0.529628207902	0.997634563586	26	14	
99680000	470.877658	1	1.377718243121	0.000230781224	0.466694645238	0.836616518295	28	12	
99690000	483.039291	1	1.422621931802	0.000187939393	0.806568392428	1.148877255128	26	15	
99700000	481.963377	1	1.447681448932	0.000169281332	0.534596209992	0.897796750781	32	17	
99710000	476.394675	1	1.427179259260	0.000224544923	0.494781772753	0.781158937843	22	12	
99720000	478.368906	1	1.367057623107	0.000241496157	0.479519064532	0.451378873245	33	8	
99730000	467.228152	1	1.376121647598	0.000162054302	0.593132935082	0.776355624438	30	14	
99740000	481.210352	1	1.422388357642	0.000161803633	0.422809474090	0.743179882430	34	15	
99750000	476.473800	1	1.362449565635	0.000153057137	0.575650421430	1.373252539728	38	17	
99760000	484.943518	1	1.395884939160	0.000186101813	0.709519164528	1.013390356963	31	18	
99770000	487.387126	1	1.477290905131	0.000183097728	0.572697104241	0.720345375078	32	14	
99780000	479.511093	1	1.480130430289	0.000164020636	0.727718701106	1.037709973274	33	18	
99790000	481.013825	1	1.407093439496	0.000217538328	0.487148837075	0.587730713544	32	12	
99800000	477.771348	1	1.393622617673	0.000165910284	0.752569594466	0.829708052824	29	17	
99810000	472.741861	1	1.420513184635	0.000186439386	0.585988501200	0.951442953787	32	16	
99820000	477.381706	1	1.383896295912	0.000155819481	0.713143888447	0.807969317184	44	17	
99830000	473.539206	1	1.393664742556	0.000201791863	0.607579025134	0.813414401204	31	9	
99840000	465.134031	1	1.442524626145	0.000201141340	0.773020130185	0.838829483561	33	9	
99850000	488.973347	1	1.432405013029	0.000177369017	0.794835594446	0.539040314443	30	12	
99860000	473.651352	1	1.364273107085	0.000237361332	0.380934531757	0.437457126070	33	16	
99870000	464.182242	1	1.326937652968	0.000209365116	0.593784909796	1.148977887119	28	15	
99880000	484.185994	1	1.437683688184	0.000173819523	0.599009356231	1.151506145329	31	21	
99890000	464.386678	1	1.391693684217	0.000164099639	0.695866423545	0.911095381594	34	19	
99900000	486.363884	1	1.434695738011	0.000173174708	0.680892762928	0.638108666537	21	12	
99910000	477.772959	1	1.444712844027	0.000153382130	0.600868657816	1.103573200551	36	17	
99920000	484.019577	1	1.502253691762	0.000178503560	0.551534538989	0.937787177325	31	8	
99930000	472.853746	1	1.452738935832	0.000221531061	0.563293321649	0.803806613910	24	17	
99940000	476.863322	1	1.474722803536	0.000206728369	0.553174992262	0.667852526419	33	13	
99950000	481.442908	1	1.403075292426	0.000169505962	0.439779343249	0.565546819819	25	21	
99960000	473.153721	1	1.417621733424	0.000165248811	0.529742450751	0.654616376746	35	11	
99970000	472.128168	1	1.345175083216	0.000190629155	0.579469356698	0.693112038756	38	15	
99980000	475.965363	1	1.384949207671	0.000238212165	0.335226245807	0.600071168878	37	7	
99990000	484.705366	1	1.414978154345	0.000192134076	0.726458190691	0.795134560252	35	12	
100000000	485.490295	1	1.455821334758	0.000194529463	0.791319690277	0.775657457875	26	13	
100010000	488.229677	1	1.336545092228	0.000237522683	0.425259473823	0.912836788912	35	14	
100020000	482.633028	1	1.377816944057	0.000249667316	0.401825401136	0.768730819014	35	9	
100030000	475.016121	1	1.340482458026	0.000220987904	0.527116044364	1.053277352698	35	12	
100040000	471.198672	1	1.444848358711	0.000172923480	0.635592991625	1.339057272687	36	10	
100050000	486.058762	1	1.396357553592	0.000167070201	0.533646404166	1.064189149105	31	22	
100060000	476.285648	1	1.392847246335	0.000248766015	0.522230536489	0.603136965183	26	13	
100070000	479.649236	1	1.376969225602	0.000188966131	0.454966585634	0.999570962153	31	14	
100080000	468.993982	1	1.376396481777	0.000203754849	0.525708685792	0.681617905331	35	9	
100090000	480.414726	1	1.387876976233	0.000196901879	0.388176116443	0.338361016172	36	19	
100100000	484.354237	1	1.446807512347	0.000179487919	0.409991211600	0.889688911822	40	9	
100110000	490.162917	1	1.418265545948	0.000178403618	0.408718924160	0.865045593692	34	15	
100120000	477.310808	1	1.394054750285	0.000139023539	0.768460358680	1.816509594033	35	15	
100130000	482.566622	1	1.415037183413	0.000179710524	0.541115089038	1.044358486514	32	16	
100140000	482.193680	1	1.415617234011	0.000188688344	0.761330577650	1.029479102606	26	18	
100150000	491.811754	1	1.388000355380	0.000195316794	0.553116204307	0.791891622000	29	12	
100160000	472.144068	1	1.413199381298	0.000241125171	0.629944312996	0.789229703080	21	11	
100170000	480.624215	1	1.431493056061	0.000214875731	0.397836668855	0.651593710598	28	13	
100180000	473.234311	1	1.447940281179	0.000246651422	0.419579819766	0.933069226714	27	21	
100190000	476.777724	1	1.359783450572	0.000148129941	0.599461268650	0.821636510151	21	18	
100200000	475.722011	1	1.458075621515	0.000272389673	0.376425376812	0.847378424816	24	14	
100210000	471.945346	1	1.376980855775	0.000203491921	0.433790268330	1.051218690807	33	19	
100220000	470.563242	1	1.371093840098	0.000193518678	0.565359829308	0.623000335349	26	11	
100230000	477.208069	1	1.468104030274	0.000169764219	0.758318936518	0.541124273992	25	15	
100240000	478.680114	1	1.387272127654	0.000177970814	0.788802963656	0.884759338975	23	18	
100250000	485.798987	1	1.408863076268	0.000208832847	0.535132488446	0.675962423853	24	19	
100260000	471.559964	1	1.372967349307	0.000217983302	0.561789661320	1.369163763675	23	11	
100270000	481.719303	1	1.419923583550	0.000213974637	0.490311660766	0.732186895884	21	13	
100280000	470.923709	1	1.446681753286	0.000139748084	0.861019164564	1.047860087399	36	18	
100290000	481.074689	1	1.428213849150	0.000189343833	0.637020227125	0.582143989732	34	16	
100300000	483.918474	1	1.385711486256	0.000153876016	0.732532773741	1.070848370601	37	16	
100310000	473.599163	1	1.353175409851	0.000229798956	0.532011752125	0.787833728239	28	12	
100320000	475.933937	1	1.409182756560	0.000162523263	0.658081536829	0.994869895170	29	20	
100330000	490.685932	1	1.431369494047	0.000164776060	0.743553040050	0.928376307016	35	15	
100340000	481.632007	1	1.426628807510	0.000152893613	0.682773151104	1.368180363028	39	17	
100350000	488.701966	1	1.468827886195	0.000211042515	0.516812412289	0.614614472185	28	10	
100360000	487.809000	1	1.404838148093	0.000147526529	0.795178423163	1.033827313918	39	19	
100370000	479.649043	1	1.442658486190	0.000338748551	0.441787430894	0.478832964567	25	12	
100380000	480.289823	1	1.447370705073	0.000227398007	0.559039862267	0.871282470730	28	11	
100390000	478.584516	1	1.404786848455	0.000181667321	0.853859931375	1.081887000412	32	15	
100400000	469.103337	1	1.426351034569	0.000176652553	0.686982517853	0.512345021467	33	16	
100410000	485.040049	1	1.428576527178	0.000191047100	0.421601178898	0.912200450358	34	11	
100420000	485.201587	1	1.458454745600	0.000175241234	0.330080072889	0.524202327654	40	16	
100430000	484.976498	1	1.439913235026	0.000182061661	0.482302260107	0.586720459808	42	11	
100440000	473.722620	1	1.353733253940	0.000231611585	0.273561665626	0.779898321127	27	12	
100450000	475.035293	1	1.350918059610	0.000176237087	0.403116145657	0.602211638022	34	14	
100460000	484.502451	1	1.413055104697	0.000159534134	0.870682481945	0.985540799467	24	19	
100470000	470.996962	1	1.472479789879	0.000252379767	0.495014797852	0.860959337930	31	10	
100480000	483.817833	1	1.400200974131	0.000181758725	0.580458203524	0.766565023930	33	14	
100490000	473.688207	1	1.451867213058	0.000204090937	0.645391432527	0.836430778144	26	14	
100500000	476.257350	1	1.402509143639	0.000238093554	0.426491087348	1.049491730965	30	14	
100510000	475.360776	1	1.417516877469	0.000170767804	0.505595654239	0.790616364236	35	14	
100520000	484.575042	1	1.394004632992	0.000167976464	1.201975026055	1.140713290152	33	14	
100530000	480.083340	1	1.376327817666	0.000174436624	0.776018137287	0.858492455550	25	14	
100540000	480.720491	1	1.331563817027	0.000239268615	0.498977239329	0.782298287155	31	12	
100550000	460.615535	1	1.424110549885	0.000180657169	0.539920243423	1.076778865179	38	15	
100560000	472.309399	1	1.450973266247	0.000225103300	0.550339667311	1.153408906466	28	3	
100570000	477.677520	1	1.502527355380	0.000165001849	0.878698448778	0.956696667765	37	13	
100580000	487.014723	1	1.426398680295	0.000145368768	0.658277041068	1.028489082151	37	15	
100590000	479.284794	1	1.392656417138	0.000195764756	0.625803808094	0.991445799740	33	13	
100600000	466.078547	1	1.416034388349	0.000249082163	0.507048855322	0.743703647812	34	10	
100610000	490.932367	1	1.387045507363	0.000139474243	1.289931932599	1.287895494854	31	10	
100620000	488.540314	1	1.438457294195	0.000172573205	0.604955000228	0.626998720997	27	13	
100630000	481.092333	1	1.444918424806	0.000194755866	0.567406842607	0.875100751581	37	17	
100640000	478.201864	1	1.402529025967	0.000168941070	0.678897059103	0.708439121302	30	23	
100650000	463.159515	1	1.372496440376	0.000218238818	0.320626576353	0.563315203219	34	17	
100660000	477.718688	1	1.362497529339	0.000191241566	0.605099558940	0.631900260572	35	13	
100670000	475.881701	1	1.427516758013	0.000172226783	0.616663979553	0.878686409057	26	17	
100680000	466.189509	1	1.454247468443	0.000187444919	0.752147747312	1.158395559097	37	9	
100690000	484.302183	1	1.400070813160	0.000157637954	0.526684867170	0.985813456162	45	12	
100700000	473.996186	1	1.467549487123	0.000176970042	0.710956829322	1.007442532377	44	15	
100710000	477.988839	1	1.400844745008	0.000177577247	0.738182009081	0.934034101212	30	14	
100720000	484.723716	1	1.386780980490	0.000181029371	0.459867783241	0.680359707027	42	16	
100730000	486.507483	1	1.488918476208	0.000188830404	0.461389994528	1.134682547345	35	10	
100740000	475.691711	1	1.406948829153	0.000196407658	0.553384663532	1.037614938905	34	10	
100750000	473.209949	1	1.353163848610	0.000231734558	0.481828027107	0.711033905460	32	9	
100760000	478.010958	1	1.372698328466	0.000155395400	0.719740270743	0.798306893623	28	16	
100770000	475.614211	1	1.404114986564	0.000197587978	0.529114757213	0.866672501307	26	19	
100780000	480.438642	1	1.406335595826	0.000143837357	0.852617126145	0.977426742083	34	13	
100790000	483.681061	1	1.404009954029	0.000177451879	0.627605077881	0.729582304924	34	12	
100800000	475.691137	1	1.359176078515	0.000166601863	0.809618264452	0.911196436536	28	20	
100810000	467.628247	1	1.410478579244	0.000161438778	0.556820887989	1.163340919828	26	17	
100820000	466.663793	1	1.390712234546	0.000187528173	0.587534074355	1.020333700610	31	12	
100830000	487.651245	1	1.369461352781	0.000181739922	0.306060977203	0.640096679747	42	19	
100840000	472.157274	1	1.476598384133	0.000123141208	1.080425139449	0.839659519903	27	17	
100850000	485.986283	1	1.415295300036	0.000155119549	0.803506173117	1.021611252039	36	17	
100860000	478.122908	1	1.422932051170	0.000187532109	0.671450200116	1.426477135749	43	13	
100870000	486.122768	1	1.423641901800	0.000119717410	0.912112112130	1.623789394271	30	22	
100880000	472.147430	1	1.414601866085	0.000202178067	0.579918558741	0.862919054448	24	18	
100890000	484.065317	1	1.433587905376	0.000226906413	0.465733606323	0.674580159518	32	12	
100900000	486.430415	1	1.385072347916	0.000131876810	0.778288188666	1.138001945751	31	19	
100910000	478.219300	1	1.417133850309	0.000191567187	0.421201459892	0.656514434743	37	17	
100920000	492.179173	1	1.398846167982	0.000235461391	0.399776983238	0.597474236541	41	17	
100930000	476.791284	1	1.411757266441	0.000186062597	0.703848451815	0.805670214568	31	17	
100940000	486.664515	1	1.402674513145	0.000148164100	0.678005483709	1.014207863725	30	17	
100950000	478.899635	1	1.433631510852	0.000197612522	0.593247427558	1.139729222186	26	14	
100960000	469.128051	1	1.457949417060	0.000252775755	0.803895185100	0.772821837844	26	9	
100970000	480.024983	1	1.380590130649	0.000158675844	1.221712321038	1.904099268232	32	16	
100980000	485.606319	1	1.505967113148	0.000156555670	1.457347884797	1.187243411696	28	14	
100990000	490.565277	1	1.440761486515	0.000203723009	0.575726104643	0.860923706567	40	9	
101000000	476.243178	1	1.410022881814	0.000187330415	0.753585634482	1.098363825783	24	12	
101010000	492.116954	1	1.468747776370	0.000175346351	0.737008651328	0.943406900672	38	9	
101020000	484.920919	1	1.525449915452	0.000181554106	0.607624006544	1.046540675154	30	11	
101030000	490.464366	1	1.381928974717	0.000188483116	0.389012651956	0.997909922717	36	7	
101040000	473.042745	1	1.532109783650	0.000204715307	0.700079117106	0.823076692907	29	13	
101050000	489.208599	1	1.361300219395	0.000207660252	0.470115968895	0.577271916189	37	13	
101060000	486.050752	1	1.441246947678	0.000121022791	0.765394693641	1.126866975946	34	20	
101070000	469.973280	1	1.434057493002	0.000166944540	0.712215373330	1.118469831965	31	14	
101080000	485.720237	1	1.395594188242	0.000195696477	0.399348779263	0.564944212578	22	15	
101090000	483.220541	1	1.389186170981	0.000150195546	0.716625131318	1.288538358607	32	15	
101100000	476.156328	1	1.402988078309	0.000177204237	0.649528879143	0.810531513383	28	13	
101110000	475.722424	1	1.334306198880	0.000202310706	0.628654692677	0.991729702590	27	16	
101120000	479.252095	1	1.402544206122	0.000182026721	0.710700688626	1.403276873059	37	7	
101130000	479.305363	1	1.384868201875	0.000153567833	0.863850402337	0.857970557506	34	11	
101140000	476.601297	1	1.419511045033	0.000228750573	0.572105526441	0.764156675087	31	11	
101150000	478.241847	1	1.395417028002	0.000157423129	0.780995975855	0.899606395883	32	13	
101160000	478.326757	1	1.438299491146	0.000259042999	0.493764762549	0.472950389771	25	11	
101170000	480.241313	1	1.449892093677	0.000149110105	0.854125373562	1.196711021722	31	17	
101180000	480.342402	1	1.401414254305	0.000181196267	0.713828955734	1.149690996073	31	11	
101190000	480.964237	1	1.415490565794	0.000164131690	0.846253181276	1.200780581780	41	16	
101200000	476.743652	1	1.435975491337	0.000191813345	0.574775450574	1.299310800594	22	15	
101210000	489.124707	1	1.460429494294	0.000166551593	0.645595169394	1.348596282227	39	11	
101220000	484.971828	1	1.391490306952	0.000192646272	0.570667392562	0.729582301522	39	18	
101230000	479.246227	1	1.450694383673	0.000195008250	0.460551461812	1.008264952074	27	15	
101240000	485.223589	1	1.445545090341	0.000205113862	0.544051000244	0.783920538057	35	8	
101250000	478.840595	1	1.477112531160	0.000209519197	0.542080604229	1.020956894087	35	12	
101260000	472.987251	1	1.430395588550	0.000191818687	0.536667541188	0.956366146877	23	17	
101270000	486.359598	1	1.408657614156	0.000219666863	0.594486349901	0.562297745374	29	13	
101280000	484.242240	1	1.426572844068	0.000171422504	0.495322155162	0.944888141218	34	15	
101290000	482.351658	1	1.447585297261	0.000171505162	0.502425455207	0.861540059550	31	15	
101300000	463.970826	1	1.433321628959	0.000222152819	0.320451168473	0.603005862122	26	18	
101310000	478.853893	1	1.434092697846	0.000195723896	0.427097851113	0.742281233154	35	13	
101320000	478.636429	1	1.397030298670	0.000178521626	0.511927402655	0.717759680725	39	15	
101330000	484.801064	1	1.433758851903	0.000217598729	0.570839046856	0.695012498972	28	17	
101340000	479.024539	1	1.397126883658	0.000159822822	0.693853887900	0.703610378616	36	17	
101350000	473.870010	1	1.401598966974	0.000167938971	0.696913587206	0.684371072665	38	15	
101360000	478.174748	1	1.343328068721	0.000130951990	0.707039274804	0.972395359436	33	14	
101370000	469.983636	1	1.492357696833	0.000198904279	0.490348696971	0.837457633266	22	17	
101380000	472.343026	1	1.424514954251	0.000181797208	0.392981693732	1.011297792232	39	16	
101390000	480.697429	1	1.463854204882	0.000164113356	0.680934839407	0.634087370099	38	16	
101400000	487.959995	1	1.449583604263	0.000197266853	0.552782639610	0.555986875727	41	14	
101410000	474.924530	1	1.454818887915	0.000175885491	0.624169866550	1.037349311033	34	18	
101420000	477.667788	1	1.476723700193	0.000206988902	0.436878600184	0.675491540619	40	13	
101430000	484.416700	1	1.457731634131	0.000216011399	0.458425618353	0.546996368159	36	15	
101440000	494.498608	1	1.381143268016	0.000189209930	0.413692254473	0.762494917279	36	20	
101450000	481.395078	1	1.321679776558	0.000174407151	0.551334822649	0.752185375791	46	16	
101460000	485.855112	1	1.442684249009	0.000197313561	0.579072464950	0.712060746744	38	17	
101470000	476.807886	1	1.446832815995	0.000220850528	0.546278492372	0.807879047880	30	11	
101480000	472.541154	1	1.430720555939	0.000175946083	0.732578306246	0.821986098582	27	16	
101490000	471.315394	1	1.538398107816	0.000142503183	0.901893494123	1.343260581184	25	14	
101500000	476.055990	1	1.440979274309	0.000162582018	0.575111106515	1.035507632278	35	13	
101510000	473.274356	1	1.504872641624	0.000178018194	0.625088201209	1.721837803636	34	10	
101520000	482.216253	1	1.423306981079	0.000191578021	0.560020683339	0.730069420716	28	14	
101530000	494.399057	1	1.448099365191	0.000128683366	0.729534769414	1.515141136013	34	19	
101540000	466.578849	1	1.450877330640	0.000214066617	0.478761742005	0.795399630812	26	14	
101550000	473.728058	1	1.383339157535	0.000223463103	0.499062921201	0.743739406854	27	14	
101560000	469.080830	1	1.425185335435	0.000197333751	0.610962969231	1.150404025603	30	11	
101570000	474.964234	1	1.422877696021	0.000163409760	0.661948851908	0.962304846708	34	19	
101580000	481.705514	1	1.381733277092	0.000167269270	0.705746792495	0.770752408261	33	15	
101590000	468.134840	1	1.449866864442	0.000257859205	0.610341122934	1.144482677020	39	14	
101600000	469.154276	1	1.313789233987	0.000170909381	0.881329256823	1.569068116554	37	8	
101610000	481.909073	1	1.456297701073	0.000206627658	0.577696610363	0.929396424472	36	9	
101620000	479.892494	1	1.436554520620	0.000220335328	0.520491230282	0.782841218907	40	18	
101630000	477.559070	1	1.362392238501	0.000231449947	0.463300232417	0.957710128744	32	13	
101640000	473.136065	1	1.350365318687	0.000184278492	0.967253870866	0.947271149336	37	6	
101650000	489.332433	1	1.432851198870	0.000201979535	0.568726876876	0.905374455999	35	9	
101660000	480.335027	1	1.453253819752	0.000171319741	0.704973336758	0.784621083412	29	11	
101670000	482.867327	1	1.454755603507	0.000161441511	0.854133879629	0.786667917441	28	17	
101680000	483.835132	1	1.426304645601	0.000236433958	0.401961367010	0.586187300929	42	14	
101690000	477.626833	1	1.410446152756	0.000173311858	0.687777311977	1.114949290719	30	15	
101700000	466.612987	1	1.448545569655	0.000226117062	0.548730420886	1.087201619664	27	10	
101710000	483.446871	1	1.436351282121	0.000160802615	0.471445876820	1.215637142905	25	17	
101720000	487.387273	1	1.451089527066	0.000194243043	0.487061620074	0.685076213602	34	13	
101730000	483.799756	1	1.416858818252	0.000123228153	0.934994867951	1.480690701891	32	18	
101740000	486.922536	1	1.369206852810	0.000183282087	0.591275761616	0.674452917332	28	15	
101750000	494.297832	1	1.398028006413	0.000264776585	0.505966520018	0.833567974429	38	14	
101760000	476.627199	1	1.417459423077	0.000172331516	0.540053143468	1.390893397904	40	16	
101770000	470.921669	1	1.430614322788	0.000172432628	0.937571282455	0.977758632342	32	18	
101780000	468.557985	1	1.409038160759	0.000197858431	0.528686775141	0.849125446180	19	12	
101790000	480.943784	1	1.443916362818	0.000208211896	0.567954626975	1.030148684071	31	11	
101800000	493.182194	1	1.411167332194	0.000183494550	0.497674774443	0.782267597232	31	12	
101810000	470.905857	1	1.386254426986	0.000167370258	0.559870502629	0.829664237867	33	15	
101820000	486.209962	1	1.427512929362	0.000167956932	0.663378832364	0.586828467516	35	14	
101830000	465.616694	1	1.452533102093	0.000116374916	0.974238096282	1.907466422897	18	23	
101840000	470.042701	1	1.456061731234	0.000220115098	0.510784328560	0.704619084275	31	13	
101850000	484.832485	1	1.380353771338	0.000119829238	0.996167075862	1.396908715390	34	15	
101860000	485.472334	1	1.384072446578	0.000182440759	0.688809198131	0.707480069772	24	13	
101870000	478.317566	1	1.448750904463	0.000163819398	0.677353693408	0.778580471448	25	11	
101880000	481.706944	1	1.445564440560	0.000208958314	0.398069417582	0.410869969786	32	14	
101890000	473.052710	1	1.422455842932	0.000200271374	0.457571839287	1.169981620615	36	8	
101900000	476.557026	1	1.400183498994	0.000126818431	0.777878652186	0.734952567278	33	14	
101910000	480.235082	1	1.380660838006	0.000234485533	0.451010215549	0.784066765443	38	13	
101920000	484.488725	1	1.446102466037	0.000274497670	0.501997170858	0.933123919250	26	12	
101930000	472.028545	1	1.397058465274	0.000254157660	0.485410553180	0.710887859592	39	15	
101940000	471.632402	1	1.362654895730	0.000239560764	0.356821295271	0.730772943965	34	12	
101950000	488.901612	1	1.366517375681	0.000177386061	0.571182873818	1.018082375402	29	16	
101960000	483.254142	1	1.422469767326	0.000228207296	0.368519388448	0.674310770441	18	16	
101970000	460.740223	1	1.441627150991	0.000301254076	0.366667844708	0.798744805519	37	8	
101980000	487.795069	1	1.461021640989	0.000181353597	0.628630102873	1.032491395782	29	16	
101990000	471.335103	1	1.350600498603	0.000202678221	0.567334149956	1.174694618385	35	16	
102000000	474.568333	1	1.469239313638	0.000144790726	1.504902981364	1.960851217273	34	10	
102010000	490.558865	1	1.428066135081	0.000195359441	0.706301971195	0.990822887918	32	23	
102020000	482.625533	1	1.427921468382	0.000245446489	0.487465091557	0.559310146898	35	18	
102030000	472.088873	1	1.374646984957	0.000163964255	0.685302142205	1.167427084992	31	9	
102040000	484.208189	1	1.448592724492	0.000226781132	0.621983617779	0.694181426220	34	20	
102050000	465.834007	1	1.420512801574	0.000255221550	0.321733762120	0.545287262543	25	13	
102060000	484.191361	1	1.441540110676	0.000125323266	0.589980737049	1.044434315879	26	17	
102070000	465.938795	1	1.382469994134	0.000240395467	0.341244746523	0.599075190393	27	14	
102080000	484.302924	1	1.415202824582	0.000156588380	0.442695137756	1.054522364768	34	17	
102090000	471.183537	1	1.450649997609	0.000222303828	0.404187792265	0.469910347394	34	9	
102100000	489.250093	1	1.414406702670	0.000122934775	0.579764488361	1.041158935316	34	17	
102110000	485.997757	1	1.419542058108	0.000210431525	0.298047120918	0.690644835745	29	12	
102120000	482.665889	1	1.403872435130	0.000188993075	0.588470973862	0.857481294492	29	13	
102130000	475.455117	1	1.418510935024	0.000176129622	0.799321305836	0.861407436869	32	11	
102140000	479.778475	1	1.400441158282	0.000250976787	0.287024937270	0.514235851721	47	13	
102150000	477.077461	1	1.474580100177	0.000193353731	0.301198979972	0.690737636912	39	13	
102160000	467.489277	1	1.386280457032	0.000204447432	0.649674362306	0.732273302191	27	7	
102170000	471.361048	1	1.400218851926	0.000191683780	0.496680162926	0.663670536488	26	13	
102180000	479.226221	1	1.397070990474	0.000228819968	0.413703263784	0.656268029499	21	13	
102190000	472.818969	1	1.378069436729	0.000190524693	0.516599924961	0.815071019935	32	12	
102200000	485.579376	1	1.411335601972	0.000180986982	0.389524367213	0.684578000191	37	18	
102210000	475.927389	1	1.422744818127	0.000176174702	0.384013357646	0.676051856431	33	16	
102220000	477.633425	1	1.384804897610	0.000207607841	0.478659584978	0.670010850081	24	13	
102230000	482.762330	1	1.377167728841	0.000194866608	0.698499089467	1.221214955398	33	8	
102240000	476.579633	1	1.438139205913	0.000215198801	0.383124354649	0.791001184307	36	19	
102250000	488.059890	1	1.400521361960	0.000202143143	0.424864923969	0.701555093055	36	18	
102260000	493.695771	1	1.411164254630	0.000170303330	0.576288724170	0.840723217890	33	17	
102270000	477.971228	1	1.436966193209	0.000167939410	0.517592162163	0.685060548755	29	19	
102280000	471.709961	1	1.421360835730	0.000180671871	0.312778632630	1.257145803840	31	11	
102290000	487.626535	1	1.440717888147	0.000153182923	0.513408455133	1.203604107170	37	15	
102300000	484.076551	1	1.408782431908	0.000139565846	0.554654022181	1.165264775543	42	14	
102310000	474.509268	1	1.420227244691	0.000190773366	0.382864620097	0.624078117051	32	11	
102320000	477.383856	1	1.445906583555	0.000209367305	0.612415440775	0.628086484687	30	19	
102330000	478.787837	1	1.410470128482	0.000231101823	0.563002422656	0.435642144573	38	10	
102340000	494.692357	1	1.409657936560	0.000148209818	0.753018168043	0.967149175539	41	19	
102350000	485.596251	1	1.441946960436	0.000164697280	0.702633838061	0.967687916269	36	10	
102360000	483.197254	1	1.371553402418	0.000181809572	0.487508809936	0.883388159289	38	12	
102370000	465.566736	1	1.397987656170	0.000214686902	0.504774363516	0.760134268520	31	18	
102380000	481.804203	1	1.423380061250	0.000130216963	0.750231693817	0.711135284390	34	16	
102390000	474.744871	1	1.415345517747	0.000290670294	0.395766631512	0.603253400953	25	17	
102400000	472.735745	1	1.418007709761	0.000199113632	0.573121336482	0.685569680218	38	8	
102410000	472.124392	1	1.497668604714	0.000245519403	0.369174606976	0.695533487832	43	12	
102420000	483.744370	1	1.422576734189	0.000247929190	0.367824131672	0.657213142875	32	13	
102430000	462.885691	1	1.397662243319	0.000263933742	0.423023211223	0.800146728735	21	11	
102440000	478.360004	1	1.452031551540	0.000183352696	0.486797548725	0.706679361773	27	19	
102450000	488.338457	1	1.409376399579	0.000156469643	0.600048594569	1.089012214216	25	14	
102460000	480.317990	1	1.477219221867	0.000263487210	0.467002545380	0.542959656348	27	15	
102470000	479.909307	1	1.382190031743	0.000168242108	0.701888218977	1.158541607827	38	16	
102480000	471.654765	1	1.451899326820	0.000259557131	0.562722109576	0.667347502906	31	14	
102490000	486.335797	1	1.443441982242	0.000196341489	0.479119829540	0.599287985855	31	13	
102500000	468.512797	1	1.476352069927	0.000205181613	0.458722379297	1.112242899389	25	12	
102510000	479.055726	1	1.416819280532	0.000236043959	0.454329131597	0.703093904011	43	10	
102520000	486.113639	1	1.443017882227	0.000150246301	0.543802039584	1.392416769135	35	14	
102530000	475.798617	1	1.487195945487	0.000178274813	0.462321461621	0.829619076137	26	16	
102540000	481.519838	1	1.390431296354	0.000150191847	0.573423870515	1.111031860552	29	14	
102550000	486.797076	1	1.474419042509	0.000175349023	0.535939122178	0.809563616438	31	18	
102560000	482.293474	1	1.402556836174	0.000178884660	0.544060430473	0.782324683656	36	12	
102570000	464.544215	1	1.366642237217	0.000265630960	0.466142142350	0.663861782131	24	16	
102580000	470.439617	1	1.408343257287	0.000270050939	0.251258623058	0.679462230717	28	14	
102590000	494.456775	1	1.460657337769	0.000148617774	0.579898767401	1.323135536246	33	13	
102600000	476.018418	1	1.416792228012	0.000224778512	0.392009099068	0.969090888851	44	10	
102610000	469.935562	1	1.434667299324	0.000193196592	0.527110828597	0.657499688821	33	10	
102620000	461.419298	1	1.443677194303	0.000224361063	0.823146880266	1.051968828755	26	6	
102630000	485.831420	1	1.381126204324	0.000233163228	0.508046428399	0.529468290938	30	14	
102640000	486.113081	1	1.420979262014	0.000207384429	0.591133944765	0.889453651176	28	14	
102650000	475.995089	1	1.387909647419	0.000108628049	0.704669084959	1.303319947000	31	20	
102660000	477.767726	1	1.389562043282	0.000190125524	0.503130788473	0.684965462459	29	19	
102670000	489.362416	1	1.453269093737	0.000166133117	0.630735280258	0.855902611586	31	18	
102680000	480.205874	1	1.448363655874	0.000143995095	0.777792307986	1.575322381355	41	14	
102690000	489.324785	1	1.409434406697	0.000145237218	0.640444994349	1.118368728211	46	13	
102700000	490.987454	1	1.380314702960	0.000175400219	0.531834257172	0.702609870802	40	21	
102710000	481.672600	1	1.469597388792	0.000178221321	0.597601747752	0.984215863635	43	17	
102720000	485.700295	1	1.385712544107	0.000165640337	0.667488502577	0.996331748644	35	13	
102730000	475.530108	1	1.389495183931	0.000151568803	0.689923406679	1.377686134361	38	20	
102740000	480.679612	1	1.466626983672	0.000258736632	0.443154098933	0.712095606477	31	11	
102750000	477.783613	1	1.386622333862	0.000193010221	0.660526864769	0.999690539141	28	12	
102760000	479.644222	1	1.416088891479	0.000179807563	0.532214906961	1.019944859000	34	15	
102770000	487.734417	1	1.494546430730	0.000202936923	0.587392481431	0.757847473332	25	11	
102780000	488.879985	1	1.390960627654	0.000192165232	0.654512136880	0.755302931747	31	15	
102790000	470.750976	1	1.382952688065	0.000201299714	0.608431685929	0.939987391836	41	14	
102800000	481.169626	1	1.428756169837	0.000222695869	0.301043583239	0.634800140404	33	13	
102810000	469.517290	1	1.408757581665	0.000185733802	0.426683330455	0.604921355827	33	15	
102820000	477.425006	1	1.484221929760	0.000169286636	0.471160781086	0.951182562014	43	14	
102830000	479.101343	1	1.357884652788	0.000164075920	0.763727280196	0.683240532808	31	13	
102840000	475.922143	1	1.449013756428	0.000185304705	0.524837038702	1.031350475424	28	12	
102850000	471.682315	1	1.395666910497	0.000254050575	0.332304934479	0.400086851941	38	16	
102860000	482.893544	1	1.512253886114	0.000152161532	0.513018014831	1.381091910890	25	19	
102870000	475.684588	1	1.418860533682	0.000171260984	0.667712481326	1.019406519943	28	18	
102880000	475.384883	1	1.442979222815	0.000141646259	0.702664006507	0.976477032305	37	15	
102890000	476.552678	1	1.449553100109	0.000185468262	0.573941167245	0.618994415465	35	17	
102900000	477.928570	1	1.383151986780	0.000251311682	0.281473363318	0.527017084781	33	22	
102910000	468.160239	1	1.454102444247	0.000214546106	0.397183000081	0.990949782832	25	18	
102920000	470.697639	1	1.392867533429	0.000196466914	0.494705350471	0.684554999792	28	20	
102930000	474.703012	1	1.447942311025	0.000159898786	0.630642203756	0.834281605158	31	19	
102940000	475.609696	1	1.405411641560	0.000221666779	0.439059275209	0.910877905501	40	16	
102950000	487.227737	1	1.425435382452	0.000207297136	0.416739310938	0.795861367287	37	16	
102960000	472.740525	1	1.448343002412	0.000179182756	0.501508184311	0.879065142317	23	13	
102970000	459.257807	1	1.432891092261	0.000249304962	0.855261664339	0.758305269246	29	11	
102980000	473.622361	1	1.376288122166	0.000218198708	0.709191412159	0.798264812999	26	9	
102990000	471.897972	1	1.412052741002	0.000156331292	0.754075041259	1.586477439406	29	19	
103000000	482.675606	1	1.414275443535	0.000194092898	0.584578996435	0.810433914093	35	14	
103010000	483.816343	1	1.440989449246	0.000177746891	0.656334462284	1.110227543246	30	18	
103020000	487.590078	1	1.480284299690	0.000152473513	0.927142985650	1.213986272223	30	14	
103030000	491.773376	1	1.428139390497	0.000199484287	0.505368731875	0.695641100612	37	16	
103040000	472.024954	1	1.332854901475	0.000180505784	0.542932986649	0.722627061586	36	13	
103050000	478.444556	1	1.470194152911	0.000146542315	1.005506176574	1.063746329226	27	18	
103060000	469.832532	1	1.474815308589	0.000223021932	0.626563773361	0.969756138387	22	19	
103070000	473.740778	1	1.472732607850	0.000207852248	0.458004820416	0.749484657674	31	15	
103080000	475.043750	1	1.449921356982	0.000185072709	0.681585089151	0.809571480756	33	12	
103090000	467.594107	1	1.394119224921	0.000210234092	0.467636966839	0.646106393207	17	13	
103100000	476.341740	1	1.415389962883	0.000182052170	0.362453771148	0.572642308092	37	16	
103110000	481.133478	1	1.441093448563	0.000146054674	0.561698376529	1.082278759545	31	16	
103120000	474.750426	1	1.481960304280	0.000224844924	0.531532206845	0.593976993826	34	15	
103130000	475.249231	1	1.480881142782	0.000187970856	0.501017174931	0.610624065011	39	19	
103140000	480.040344	1	1.522724850107	0.000176861581	0.570417781796	0.739783936972	32	16	
103150000	489.603803	1	1.420931428084	0.000184323640	0.457551395568	0.634544033358	34	11	
103160000	474.370226	1	1.373314657342	0.000155735306	0.540248833625	1.309475013635	38	13	
103170000	477.319411	1	1.484784715905	0.000257738540	0.336699333898	0.510029631432	36	24	
103180000	473.655580	1	1.384802164910	0.000233282048	0.529418297744	0.767947730738	31	16	
103190000	478.791902	1	1.410306582141	0.000181310459	0.454303183973	1.505750693054	30	20	
103200000	492.162370	1	1.430216333673	0.000131547650	0.729641683914	1.317075811849	31	22	
103210000	463.672110	1	1.429551376656	0.000168803015	0.886073844559	0.973653470766	26	10	
103220000	474.292639	1	1.432681901797	0.000193176181	0.647194589616	0.932763060323	25	10	
103230000	485.055079	1	1.408650247490	0.000189033868	0.543353786027	1.088144748322	32	13	
103240000	474.378889	1	1.466470579414	0.000234748090	0.586174983626	0.909671217385	19	11	
103250000	485.428116	1	1.420707324811	0.000178887559	0.551855473301	0.626111311457	25	9	
103260000	467.731606	1	1.405191206556	0.000227524748	0.257978229788	0.539716718576	26	18	
103270000	489.249730	1	1.459962062268	0.000174483806	0.336823241676	0.715794334912	37	10	
103280000	474.549584	1	1.494068186495	0.000170518451	0.509060572780	0.788579236680	35	11	
103290000	482.645929	1	1.412916233520	0.000212503104	0.389061900859	0.470710833879	26	14	
103300000	466.050378	1	1.451345118778	0.000183497854	0.666007816142	0.907019704936	24	18	
103310000	474.264607	1	1.489506544342	0.000193331476	0.541377142572	0.831413246859	32	16	
103320000	490.510563	1	1.396816660631	0.000166646467	0.656018748026	1.033262031330	33	13	
103330000	480.824842	1	1.465266043592	0.000176742236	0.679815895433	1.164389503192	42	10	
103340000	480.802819	1	1.385016590699	0.000236413857	0.435763912284	0.529244464188	33	9	
103350000	490.533786	1	1.396476190656	0.000153001761	0.690550650805	0.953931072406	30	16	
103360000	480.466632	1	1.453307027431	0.000221478510	0.618686163561	0.688446586312	30	16	
103370000	469.547229	1	1.439323807637	0.000214304088	0.606766135924	0.939254225303	32	14	
103380000	486.724462	1	1.452250202435	0.000136942992	0.982865778592	1.055943614206	24	18	
103390000	487.953953	1	1.398032451888	0.000131972473	0.932899053046	1.287945029085	31	22	
103400000	474.557918	1	1.409854237941	0.000155375468	0.651557476843	1.010492959496	30	21	
103410000	482.977149	1	1.392612537342	0.000183698430	0.455484952149	0.790232956866	40	16	
103420000	478.734010	1	1.410158319351	0.000151064909	0.458746079888	0.792808696843	43	17	
103430000	486.255977	1	1.359235408931	0.000195146674	0.536388579145	0.770307825450	34	16	
103440000	479.322912	1	1.493331774218	0.000185909509	0.637645928750	0.917467023124	39	15	
103450000	460.842528	1	1.466635751881	0.000146477327	0.650091534976	1.561515678824	29	11	
103460000	489.482157	1	1.379044943734	0.000147623181	0.868538092803	0.834720886213	26	24	
103470000	492.685363	1	1.369622242885	0.000160039987	0.748844958512	0.948558473629	25	16	
103480000	470.940612	1	1.481537665642	0.000199877667	0.902921011455	0.943513435685	20	14	
103490000	465.218282	1	1.495281678201	0.000202482810	0.690230464220	1.557824360501	37	12	
103500000	474.415563	1	1.381084458774	0.000223629468	0.345423380646	0.441846385348	30	22	
103510000	472.569824	1	1.412805513022	0.000167181016	0.716088031087	1.333413553524	28	16	
103520000	470.767958	1	1.368332725786	0.000205371630	0.677885042423	0.844787835084	33	13	
103530000	480.382557	1	1.385525302035	0.000181375584	0.804792448130	0.761051257538	37	12	
103540000	470.835167	1	1.419636550513	0.000209698843	0.420352523809	0.907948464484	27	19	
103550000	470.675623	1	1.432758221885	0.000195850375	0.817871135395	0.952059668903	27	13	
103560000	468.144011	1	1.460422720831	0.000243051569	0.347290447242	0.570810416948	26	12	
103570000	477.704189	1	1.405807389043	0.000191822558	0.537525008254	0.863713993091	34	15	
103580000	475.416866	1	1.442733959796	0.000215416540	0.485138468759	1.017885012636	35	12	
103590000	470.546166	1	1.516075969277	0.000242656338	0.510423718667	0.706272773680	24	14	
103600000	472.559631	1	1.432268340143	0.000201007464	0.499605556973	0.974538601393	36	11	
103610000	483.985695	1	1.417440969112	0.000147663647	0.825926967631	0.922778817381	43	13	
103620000	484.808867	1	1.439299277903	0.000166103029	0.523376404158	0.674970442801	42	17	
103630000	485.157582	1	1.434449541761	0.000256126863	0.403895059717	0.523892794747	32	9	
103640000	478.313777	1	1.466686207978	0.000194796197	0.373983649500	0.725499294696	23	15	
103650000	481.300665	1	1.391438820052	0.000185738819	0.424745154957	0.580472920094	21	17	
103660000	470.312639	1	1.438326966153	0.000281531690	0.346031716489	0.767796544681	27	11	
103670000	488.388332	1	1.432443939964	0.000151263460	0.764680384354	1.290538750407	37	16	
103680000	478.174582	1	1.467789021458	0.000245279955	0.433347431529	0.618656195553	26	11	
103690000	481.935464	1	1.448771482927	0.000161344637	0.698977055344	1.160027476178	30	13	
103700000	485.518310	1	1.395200785455	0.000187704469	0.501328704102	0.865767539419	28	15	
103710000	481.876990	1	1.416021858653	0.000126654636	0.779118106467	1.169861158861	37	21	
103720000	475.689508	1	1.399133976640	0.000208279328	0.520998833468	0.798666951496	22	13	
103730000	487.352757	1	1.404399870159	0.000188295740	0.560295341655	1.018672296355	26	13	
103740000	471.895810	1	1.377446694028	0.000212581375	0.350439238788	0.791700119251	33	14	
103750000	477.009241	1	1.432616721931	0.000183879957	0.624437967087	0.779693668748	30	15	
103760000	497.691743	1	1.414211936588	0.000149340704	0.556083308835	0.965300668949	24	21	
103770000	477.823494	1	1.352751390858	0.000193474022	0.476988575587	0.762371899731	36	14	
103780000	479.168922	1	1.396915564883	0.000192116371	0.679914687244	0.706319572700	27	16	
103790000	498.965145	1	1.399181259119	0.000136121785	0.749204028328	0.905414671686	32	17	
103800000	477.199739	1	1.432340388593	0.000299688273	0.332133412032	0.549332111975	34	18	
103810000	474.709949	1	1.466387142171	0.000173617152	0.525915379282	0.856142527587	35	11	
103820000	483.437347	1	1.447942644061	0.000151939010	0.577830772798	1.304525062461	29	17	
103830000	482.241726	1	1.406743193109	0.000192519219	0.491157038422	0.744675921668	42	11	
103840000	484.085085	1	1.408063002568	0.000161373658	0.714995954182	1.256822454455	31	17	
103850000	476.468668	1	1.388441621848	0.000185549722	0.421845861297	1.235793741296	35	13	
103860000	486.142622	1	1.415978230592	0.000205641230	0.328171396070	1.037905156429	30	16	
103870000	486.465632	1	1.393237377281	0.000180154693	0.578766646961	0.771448089593	40	14	
103880000	475.170321	1	1.509122099959	0.000242538753	0.503490813784	0.658938402776	34	16	
103890000	479.548658	1	1.425964107371	0.000151253511	0.659439575970	1.090742665495	29	21	
103900000	491.135879	1	1.452538333782	0.000145655767	0.636301314020	0.971696946811	34	17	
103910000	473.740077	1	1.463921051371	0.000222702652	0.505342244420	0.590453059949	38	14	
103920000	468.632413	1	1.429711162738	0.000229623063	0.380287658099	0.742847072665	42	11	
103930000	474.703430	1	1.454516009442	0.000215498150	0.391396149085	0.904922030337	29	16	
103940000	472.384344	1	1.362500704687	0.000197513665	0.536313396293	0.983616872556	33	14	
103950000	485.375540	1	1.405961612452	0.000206947652	0.936790361980	1.046651021599	35	13	
103960000	475.449312	1	1.513867623791	0.000204070965	0.672317802649	0.741799573956	28	12	
103970000	467.612773	1	1.433587083766	0.000176351174	0.897423965043	0.749160016677	37	13	
103980000	480.840055	1	1.428583400906	0.000198256807	0.487258874797	0.761620074382	20	18	
103990000	478.300582	1	1.412119185371	0.000149862322	0.369403650579	1.137905002874	23	16	
104000000	474.048549	1	1.468509331632	0.000209677899	0.691131245424	0.569176583238	40	13	
104010000	477.045340	1	1.405279105076	0.000199900936	0.748507545517	0.749466984344	28	16	
104020000	477.187130	1	1.395270204178	0.000218829550	0.340230960182	1.101584593711	40	13	
104030000	470.976301	1	1.411652048472	0.000154928001	0.881371319066	1.150466200599	27	13	
104040000	477.416607	1	1.472391789231	0.000197874971	0.563893430533	0.884222092478	20	19	
104050000	474.018166	1	1.380811071620	0.000219190924	0.374737823058	0.658977410878	39	12	
104060000	478.155232	1	1.418985302640	0.000189532057	0.688470919375	0.905554181059	36	16	
104070000	473.860213	1	1.456582554685	0.000210626079	0.476342507998	0.806521336025	37	10	
104080000	468.745838	1	1.448073629396	0.000168991604	0.564249398631	0.628699590778	33	15	
104090000	477.194123	1	1.428736062001	0.000184545203	0.771270423362	1.005877334265	34	12	
104100000	469.664073	1	1.391922063148	0.000209858999	0.729372430297	0.966371392802	44	10	
104110000	475.016434	1	1.547959084923	0.000204519909	0.646697612982	1.056266487647	27	14	
104120000	476.775563	1	1.437813559535	0.000234715907	0.508558767189	0.763636393824	29	11	
104130000	478.152756	1	1.412912474120	0.000163672034	0.545788910635	0.882243599589	34	13	
104140000	482.463367	1	1.421577048631	0.000168263330	0.327298363867	0.717367694384	48	15	
104150000	486.554353	1	1.346150327395	0.000179396813	0.294077969014	0.651500777283	30	11	
104160000	479.850524	1	1.459180916370	0.000176794161	0.459631014101	0.679516470955	29	11	
104170000	494.627630	1	1.437548289816	0.000135439641	0.417456426026	0.827195854395	39	13	
104180000	479.460443	1	1.416714167282	0.000177593673	0.456459384322	1.174721880278	27	16	
104190000	481.964425	1	1.412400478663	0.000226300186	0.451858221292	0.650651168139	39	9	
104200000	479.597284	1	1.355016694983	0.000264358197	0.568995063709	0.663433416544	25	16	
104210000	480.677538	1	1.437870702515	0.000158678508	0.627126054100	1.330716709268	35	17	
104220000	480.226757	1	1.470984699619	0.000189130628	0.463228537527	0.988128435670	26	12	
104230000	479.406295	1	1.459164065402	0.000166783708	0.608139344133	0.931921059946	29	14	
104240000	476.495041	1	1.428602097347	0.000207096364	0.618805242908	0.681323337765	33	9	
104250000	479.562094	1	1.472498526456	0.000136072582	0.656692324821	1.327054314948	40	17	
104260000	468.535607	1	1.459128840645	0.000253533087	0.578722545889	0.566702163037	33	9	
104270000	480.043427	1	1.418318781044	0.000169777978	0.819423368682	0.827735542060	28	15	
104280000	472.134724	1	1.408504484563	0.000223455301	0.495650092444	0.846560737437	27	15	
104290000	496.590292	1	1.334198884551	0.000149492501	0.754227177921	0.662839828466	30	16	
104300000	479.621032	1	1.440631344773	0.000160552490	0.697157393179	0.880313978775	28	12	
104310000	466.245879	1	1.395407811999	0.000215352381	0.397797143642	1.146240615888	34	11	
104320000	477.370187	1	1.441948913294	0.000244717153	0.494311167096	0.789538883254	30	10	
104330000	474.701070	1	1.376774493661	0.000195575346	0.457333831698	0.774867025362	36	12	
104340000	462.637338	1	1.376018614408	0.000254341893	0.406670927472	0.740158440636	27	10	
104350000	482.160696	1	1.434245613052	0.000209854601	0.468883060789	0.947374607366	27	16	
104360000	469.334033	1	1.364677077360	0.000207771279	0.723697381774	0.892328423886	34	14	
104370000	476.445146	1	1.453665851509	0.000192390305	0.579260009011	0.719606526191	23	15	
104380000	488.829956	1	1.448545001500	0.000198024747	0.687550245253	0.747956301743	34	11	
104390000	478.914153	1	1.412838828108	0.000195977935	0.577239261288	0.750891796360	27	17	
104400000	478.618398	1	1.406969316914	0.000187586754	0.548309575265	0.684520485352	29	15	
104410000	472.940850	1	1.451471154292	0.000134042517	1.096570443828	1.657659983007	35	19	
104420000	479.126643	1	1.395967149645	0.000180197501	0.893217390128	0.764782777832	31	15	
104430000	478.336784	1	1.486020980337	0.000186091702	0.734055026438	0.736624767505	30	12	
104440000	464.376641	1	1.464946645015	0.000244711270	0.360344691831	0.594291842735	30	14	
104450000	477.396815	1	1.378153032510	0.000181191234	0.630494425324	0.945499614274	29	14	
104460000	477.603684	1	1.363208754065	0.000175079712	0.640107223219	0.928114067219	25	17	
104470000	471.838933	1	1.421383370912	0.000173293677	0.699967063003	1.225447223090	35	12	
104480000	480.624297	1	1.383285310094	0.000192579893	0.584470277568	1.126400237272	30	12	
104490000	485.365548	1	1.470558606010	0.000154096424	0.938409620612	1.098473129673	20	19	
104500000	466.693433	1	1.338141009576	0.000158783522	0.691512782363	1.024755196043	31	10	
104510000	473.336914	1	1.427817142887	0.000180648220	0.446394242962	0.823564919533	34	15	
104520000	482.472322	1	1.420753393776	0.000185383843	0.305842533759	0.524502556788	26	17	
104530000	475.122679	1	1.433645729497	0.000156203567	0.712770444871	0.661803259977	43	19	
104540000	478.449593	1	1.454383622937	0.000200479028	0.457730012387	0.818981495664	27	14	
104550000	471.649067	1	1.382447674350	0.000180374574	0.535227588687	1.029168523935	32	12	
104560000	474.476756	1	1.462423918437	0.000193654656	0.386557549490	0.667393788143	27	14	
104570000	466.855918	1	1.455267845432	0.000170364546	0.485681502864	0.959213069279	24	7	
104580000	477.320951	1	1.476804691903	0.000125374837	0.699001356152	0.911133640609	28	11	
104590000	493.751277	1	1.428542296565	0.000143590312	0.417132806243	1.003590615885	30	18	
104600000	481.516036	1	1.481146092475	0.000187203602	0.649853305310	0.903676912580	28	12	
104610000	478.064077	1	1.388209931179	0.000205358676	0.459327548421	1.013807188947	29	16	
104620000	479.911273	1	1.426839790466	0.000142432975	0.515869747031	0.801649259484	27	18	
104630000	482.465719	1	1.441225792505	0.000158831674	0.481660222574	0.981306858528	23	21	
104640000	484.117085	1	1.350529167275	0.000205159598	0.371614356519	0.746349951329	40	18	
104650000	477.353770	1	1.463427422481	0.000176940670	0.668526495455	1.142459815524	31	15	
104660000	478.664528	1	1.400087154566	0.000177127750	0.738690964215	1.148816325477	38	16	
104670000	484.107568	1	1.448336997231	0.000148922491	0.848493879264	1.362786368487	35	10	
104680000	462.646576	1	1.412875069796	0.000183788532	0.629575999612	0.981252337594	33	17	
104690000	476.157189	1	1.422399656108	0.000257287825	0.342566252530	0.644504127123	39	10	
104700000	475.958207	1	1.455761511523	0.000200912052	0.548726384768	0.819034544221	23	18	
104710000	479.678446	1	1.410168154904	0.000207355655	0.465697149121	0.680281665318	25	16	
104720000	475.762771	1	1.396773034762	0.000157727405	0.509547477779	1.019078134436	32	17	
104730000	476.431739	1	1.398082855649	0.000189379844	0.583551770466	1.372614788800	33	13	
104740000	470.243629	1	1.396303243202	0.000211549808	0.512980095715	0.770871958769	26	15	
104750000	470.822170	1	1.448332797890	0.000234112186	0.347087682485	0.790055024266	26	14	
104760000	480.262129	1	1.439908988136	0.000192698218	0.494358069224	0.859459010492	32	11	
104770000	486.896892	1	1.399800492742	0.000171629684	0.769944047885	0.779128490344	36	13	
104780000	476.667996	1	1.426712188723	0.000191570854	0.641069630548	0.945993054439	25	14	
104790000	471.045356	1	1.466415422685	0.000180069098	0.654129396820	0.820324197184	24	13	
104800000	471.633743	1	1.436515645719	0.000195705894	0.795193727936	1.393577626481	23	12	
104810000	466.749695	1	1.447716419019	0.000166558452	0.899002822922	1.263528725654	31	16	
104820000	477.642314	1	1.352483810443	0.000198188554	0.734488696651	1.514280181669	37	13	
104830000	479.883365	1	1.474284298264	0.000197845136	0.421612537408	0.830228561212	32	18	
104840000	479.819342	1	1.422715558999	0.000221394025	0.674293241513	0.755634946673	34	9	
104850000	467.340953	1	1.468812639659	0.000206435169	0.686969289721	0.911941646234	21	14	
104860000	474.243125	1	1.343226289917	0.000167870167	0.890507581320	1.012717970654	34	11	
104870000	467.679122	1	1.547534826437	0.000237129449	0.703125424655	0.781184670837	40	8	
104880000	469.643268	1	1.392754611637	0.000215061098	0.424347871547	1.197817142917	36	12	
104890000	469.760106	1	1.423651325265	0.000185900855	0.348043889466	0.907441886800	36	12	
104900000	479.707252	1	1.442595184448	0.000156713094	0.398190910251	0.957969594408	32	16	
104910000	475.740363	1	1.530281666865	0.000188868777	0.538236731281	1.097144030594	31	12	
104920000	491.079834	1	1.384746879552	0.000210239063	0.399945989492	0.791822016430	36	9	
104930000	480.901891	1	1.402937234515	0.000141432132	0.797970403528	1.637543222190	23	8	
104940000	481.912832	1	1.483827861760	0.000196447145	0.982638809352	0.634258520122	26	13	
104950000	473.622757	1	1.389047895450	0.000220634128	0.562904427806	0.913046665171	27	14	
104960000	482.791741	1	1.463046309183	0.000185026348	0.524733168617	0.810064288461	36	15	
104970000	480.561557	1	1.450288102079	0.000161455917	0.548195471425	0.867044560021	42	17	
104980000	486.418618	1	1.436421043367	0.000169836821	0.446463382618	0.768847540666	30	12	
104990000	477.223338	1	1.434241306606	0.000189684347	0.507458496532	0.546718217471	16	16	
105000000	481.204338	1	1.373478929951	0.000264403861	0.529888184130	0.814431558506	27	10	
